date,category,sales,transactions,avg_basket_size,day_of_week,month,day_name,quarter,week_of_year,day_of_month,year,is_weekend,is_month_end,is_month_start,is_festival_season,is_summer,is_monsoon,month_sin,month_cos,dow_sin,dow_cos,sales_lag_7d,sales_lag_14d,sales_lag_30d,sales_rolling_7d,sales_rolling_30d,is_holiday,is_pre_holiday,is_post_holiday,days_to_next_holiday,holiday_type,holiday_lift_score,temperature,humidity,is_rainy,rain_impact_score,high_humidity,heat_index,temp_category,temp_rolling_3d,humidity_rolling_3d
2025-04-22,Clothing,25147.43,21,1122.56,1,4,Tuesday,2,17,22,2025,0,0,0,0,1,0,0.8660254037844387,-0.4999999999999998,0.7818314824680298,0.6234898018587336,,,,25147.43,25147.43,0,0,0,254,None,0.0,,,0.0,0.0,0.0,,warm,,
2025-04-23,Clothing,29526.99,34,1015.41,2,4,Wednesday,2,17,23,2025,0,0,0,0,1,0,0.8660254037844387,-0.4999999999999998,0.9749279121818236,-0.22252093395631434,,,,27337.21,27337.21,0,0,0,253,None,0.0,,,0.0,0.0,0.0,,warm,,
2025-04-24,Clothing,24312.39,22,1128.56,3,4,Thursday,2,17,24,2025,0,0,0,0,1,0,0.8660254037844387,-0.4999999999999998,0.43388373911755823,-0.900968867902419,,,,26328.936666666665,26328.936666666665,0,0,0,252,None,0.0,,,0.0,0.0,0.0,,warm,,
2025-04-25,Clothing,22917.28,23,794.2,4,4,Friday,2,17,25,2025,0,1,0,0,1,0,0.8660254037844387,-0.4999999999999998,-0.433883739117558,-0.9009688679024191,,,,25476.0225,25476.0225,0,0,0,251,None,0.0,,,0.0,0.0,0.0,,warm,,
2025-04-26,Clothing,33647.77,33,749.72,5,4,Saturday,2,17,26,2025,1,1,0,0,1,0,0.8660254037844387,-0.4999999999999998,-0.9749279121818236,-0.2225209339563146,,,,27110.371999999996,27110.371999999996,0,0,0,250,None,0.0,,,0.0,0.0,0.0,,warm,,
2025-04-27,Clothing,30462.7,26,1033.01,6,4,Sunday,2,17,27,2025,1,1,0,0,1,0,0.8660254037844387,-0.4999999999999998,-0.7818314824680299,0.6234898018587334,,,,27669.093333333334,27669.093333333334,0,0,0,249,None,0.0,,,0.0,0.0,0.0,,warm,,
2025-04-28,Clothing,30223.31,34,1303.34,0,4,Monday,2,18,28,2025,0,1,0,0,1,0,0.8660254037844387,-0.4999999999999998,0.0,1.0,,,,28033.981428571427,28033.981428571427,0,0,0,248,None,0.0,,,0.0,0.0,0.0,,warm,,
2025-04-29,Clothing,26032.6,22,1065.14,1,4,Tuesday,2,18,29,2025,0,1,0,0,1,0,0.8660254037844387,-0.4999999999999998,0.7818314824680298,0.6234898018587336,25147.43,,,28160.434285714287,27783.80875,0,0,0,247,None,0.0,,,0.0,0.0,0.0,,warm,,
2025-04-30,Clothing,25936.99,28,2161.42,2,4,Wednesday,2,18,30,2025,0,1,0,0,1,0,0.8660254037844387,-0.4999999999999998,0.9749279121818236,-0.22252093395631434,29526.99,,,27647.57714285714,27578.606666666667,0,0,0,246,None,0.0,,,0.0,0.0,0.0,,warm,,
2025-05-01,Clothing,24325.37,23,1351.7,3,5,Thursday,2,18,1,2025,0,0,1,0,1,0,0.49999999999999994,-0.8660254037844387,0.43388373911755823,-0.900968867902419,24312.39,,,27649.43142857143,27253.283000000003,0,0,0,245,None,0.0,,,0.0,0.0,0.0,,warm,,
2025-05-02,Clothing,24518.04,24,2305.86,4,5,Friday,2,18,2,2025,0,0,1,0,1,0,0.49999999999999994,-0.8660254037844387,-0.433883739117558,-0.9009688679024191,22917.28,,,27878.11142857143,27004.624545454546,0,0,0,244,None,0.0,,,0.0,0.0,0.0,,warm,,
2025-05-03,Clothing,31535.99,35,2104.95,5,5,Saturday,2,18,3,2025,1,0,1,0,1,0,0.49999999999999994,-0.8660254037844387,-0.9749279121818236,-0.2225209339563146,33647.77,,,27576.428571428576,27382.23833333333,0,0,0,243,None,0.0,,,0.0,0.0,0.0,,warm,,
2025-05-04,Clothing,33785.87,41,1892.54,6,5,Sunday,2,18,4,2025,1,0,1,0,1,0,0.49999999999999994,-0.8660254037844387,-0.7818314824680299,0.6234898018587334,30462.7,,,28051.167142857146,27874.825384615382,0,0,0,242,None,0.0,,,0.0,0.0,0.0,,warm,,
2025-05-05,Clothing,25316.37,28,1462.08,0,5,Monday,2,19,5,2025,0,0,1,0,1,0,0.49999999999999994,-0.8660254037844387,0.0,1.0,30223.31,,,27350.175714285717,27692.078571428574,0,0,0,241,None,0.0,,,0.0,0.0,0.0,,warm,,
2025-05-06,Clothing,29421.99,30,2199.17,1,5,Tuesday,2,19,6,2025,0,0,0,0,1,0,0.49999999999999994,-0.8660254037844387,0.7818314824680298,0.6234898018587336,26032.6,25147.43,,27834.374285714286,27807.406000000003,0,0,0,240,None,0.0,,,0.0,0.0,0.0,,warm,,
2025-05-07,Clothing,25721.97,32,1737.99,2,5,Wednesday,2,19,7,2025,0,0,0,0,1,0,0.49999999999999994,-0.8660254037844387,0.9749279121818236,-0.22252093395631434,25936.99,29526.99,,27803.657142857148,27677.06625,0,0,0,239,None,0.0,,,0.0,0.0,0.0,,warm,,
2025-05-08,Clothing,26410.64,31,762.74,3,5,Thursday,2,19,8,2025,0,0,0,0,1,0,0.49999999999999994,-0.8660254037844387,0.43388373911755823,-0.900968867902419,24325.37,24312.39,,28101.552857142862,27602.570588235296,0,0,0,238,None,0.0,,,0.0,0.0,0.0,,warm,,
2025-05-09,Clothing,27834.28,31,1103.61,4,5,Friday,2,19,9,2025,0,0,0,0,1,0,0.49999999999999994,-0.8660254037844387,-0.433883739117558,-0.9009688679024191,24518.04,22917.28,,28575.30142857143,27615.443333333333,0,0,0,237,None,0.0,,,0.0,0.0,0.0,,warm,,
2025-05-10,Clothing,37759.56,37,2490.78,5,5,Saturday,2,19,10,2025,1,0,0,0,1,0,0.49999999999999994,-0.8660254037844387,-0.9749279121818236,-0.2225209339563146,31535.99,33647.77,,29464.382857142857,28149.344210526317,0,0,0,236,None,0.0,,,0.0,0.0,0.0,,warm,,
2025-05-11,Clothing,35444.39,32,1037.22,6,5,Sunday,2,19,11,2025,1,0,0,0,1,0,0.49999999999999994,-0.8660254037844387,-0.7818314824680299,0.6234898018587334,33785.87,30462.7,,29701.31428571429,28514.096500000003,0,0,0,235,None,0.0,,,0.0,0.0,0.0,,warm,,
2025-05-12,Clothing,24427.35,29,1576.9,0,5,Monday,2,20,12,2025,0,0,0,0,1,0,0.49999999999999994,-0.8660254037844387,0.0,1.0,25316.37,30223.31,,29574.31142857143,28319.489523809527,0,0,0,234,None,0.0,,,0.0,0.0,0.0,,warm,,
2025-05-13,Clothing,30309.77,32,2090.78,1,5,Tuesday,2,20,13,2025,0,0,0,0,1,0,0.49999999999999994,-0.8660254037844387,0.7818314824680298,0.6234898018587336,29421.99,26032.6,,29701.137142857147,28409.95681818182,0,0,0,233,None,0.0,,,0.0,0.0,0.0,,warm,,
2025-05-14,Clothing,25432.39,30,1879.39,2,5,Wednesday,2,20,14,2025,0,0,0,0,1,0,0.49999999999999994,-0.8660254037844387,0.9749279121818236,-0.22252093395631434,25721.97,25936.99,,29659.76857142857,28280.49739130435,0,0,0,232,None,0.0,,,0.0,0.0,0.0,,warm,,
2025-05-15,Clothing,25411.48,29,1401.58,3,5,Thursday,2,20,15,2025,0,0,0,0,1,0,0.49999999999999994,-0.8660254037844387,0.43388373911755823,-0.900968867902419,26410.64,24325.37,,29517.03142857143,28160.955,0,0,0,231,None,0.0,,,0.0,0.0,0.0,,warm,,
2025-05-16,Clothing,23181.06,28,2441.09,4,5,Friday,2,20,16,2025,0,0,0,0,1,0,0.49999999999999994,-0.8660254037844387,-0.433883739117558,-0.9009688679024191,27834.28,24518.04,,28852.285714285714,27961.7592,0,0,0,230,None,0.0,,,0.0,0.0,0.0,,warm,,
2025-05-17,Clothing,31015.08,35,1320.05,5,5,Saturday,2,20,17,2025,1,0,0,0,1,0,0.49999999999999994,-0.8660254037844387,-0.9749279121818236,-0.2225209339563146,37759.56,31535.99,,27888.78857142857,28079.19461538462,0,0,0,229,None,0.0,,,0.0,0.0,0.0,,warm,,
2025-05-18,Clothing,34661.03,33,894.11,6,5,Sunday,2,20,18,2025,1,0,0,0,1,0,0.49999999999999994,-0.8660254037844387,-0.7818314824680299,0.6234898018587334,35444.39,33785.87,,27776.880000000005,28322.966296296294,0,0,0,228,None,0.0,,,0.0,0.0,0.0,,warm,,
2025-05-19,Clothing,23502.7,21,1505.9,0,5,Monday,2,21,19,2025,0,0,0,0,1,0,0.49999999999999994,-0.8660254037844387,0.0,1.0,24427.35,25316.37,,27644.787142857145,28150.81392857143,0,0,0,227,None,0.0,,,0.0,0.0,0.0,,warm,,
2025-05-20,Clothing,28833.21,31,1367.17,1,5,Tuesday,2,21,20,2025,0,0,0,0,1,0,0.49999999999999994,-0.8660254037844387,0.7818314824680298,0.6234898018587336,30309.77,29421.99,,27433.85,28174.344827586207,0,0,0,226,None,0.0,,,0.0,0.0,0.0,,warm,,
2025-05-21,Clothing,22345.78,23,2375.94,2,5,Wednesday,2,21,21,2025,0,0,0,0,1,0,0.49999999999999994,-0.8660254037844387,0.9749279121818236,-0.22252093395631434,25432.39,25721.97,,26992.905714285713,27980.059333333335,0,0,0,225,None,0.0,,,0.0,0.0,0.0,,warm,,
2025-05-22,Clothing,26383.44,27,2365.13,3,5,Thursday,2,21,22,2025,0,0,0,0,1,0,0.49999999999999994,-0.8660254037844387,0.43388373911755823,-0.900968867902419,25411.48,26410.64,25147.43,27131.757142857143,28021.259666666665,0,0,0,224,None,0.0,,,0.0,0.0,0.0,,warm,,
2025-05-23,Clothing,30257.73,34,2373.19,4,5,Friday,2,21,23,2025,0,0,0,0,1,0,0.49999999999999994,-0.8660254037844387,-0.433883739117558,-0.9009688679024191,23181.06,27834.28,29526.99,28142.71,28045.617666666665,0,0,0,223,None,0.0,,,0.0,0.0,0.0,,warm,,
2025-05-24,Clothing,37134.54,32,1604.99,5,5,Saturday,2,21,24,2025,1,0,0,0,1,0,0.49999999999999994,-0.8660254037844387,-0.9749279121818236,-0.2225209339563146,31015.08,37759.56,24312.39,29016.91857142857,28473.022666666664,0,0,0,222,None,0.0,,,0.0,0.0,0.0,,warm,,
2025-05-25,Clothing,37254.94,43,2010.59,6,5,Sunday,2,21,25,2025,1,1,0,0,1,0,0.49999999999999994,-0.8660254037844387,-0.7818314824680299,0.6234898018587334,34661.03,35444.39,22917.28,29387.477142857137,28950.94466666667,0,0,0,221,None,0.0,,,0.0,0.0,0.0,,warm,,
2025-05-26,Clothing,23419.68,22,1528.21,0,5,Monday,2,22,26,2025,0,1,0,0,1,0,0.49999999999999994,-0.8660254037844387,0.0,1.0,23502.7,24427.35,33647.77,29375.617142857143,28610.008333333335,0,0,0,220,None,0.0,,,0.0,0.0,0.0,,warm,,
2025-05-27,Clothing,25533.15,27,907.01,1,5,Tuesday,2,22,27,2025,0,1,0,0,1,0,0.49999999999999994,-0.8660254037844387,0.7818314824680298,0.6234898018587336,28833.21,30309.77,30462.7,28904.18,28445.69,0,0,0,219,None,0.0,,,0.0,0.0,0.0,,warm,,
2025-05-28,Clothing,23314.25,21,668.45,2,5,Wednesday,2,22,28,2025,0,1,0,0,1,0,0.49999999999999994,-0.8660254037844387,0.9749279121818236,-0.22252093395631434,22345.78,25432.39,30223.31,29042.532857142858,28215.388,0,0,0,218,None,0.0,,,0.0,0.0,0.0,,warm,,
2025-05-29,Clothing,26706.76,29,1895.93,3,5,Thursday,2,22,29,2025,0,1,0,0,1,0,0.49999999999999994,-0.8660254037844387,0.43388373911755823,-0.900968867902419,26383.44,25411.48,26032.6,29088.721428571433,28237.86,0,0,0,217,None,0.0,,,0.0,0.0,0.0,,warm,,
2025-05-30,Clothing,27683.82,30,2242.75,4,5,Friday,2,22,30,2025,0,1,0,0,1,0,0.49999999999999994,-0.8660254037844387,-0.433883739117558,-0.9009688679024191,30257.73,23181.06,25936.99,28721.019999999997,28296.087666666666,0,0,0,216,None,0.0,,,0.0,0.0,0.0,,warm,,
2025-05-31,Clothing,31382.32,26,2140.42,5,5,Saturday,2,22,31,2025,1,1,0,0,1,0,0.49999999999999994,-0.8660254037844387,-0.9749279121818236,-0.2225209339563146,37134.54,31015.08,24325.37,27899.274285714284,28531.319333333337,0,0,0,215,None,0.0,,,0.0,0.0,0.0,,warm,,
2025-06-01,Clothing,36355.5,35,1264.35,6,6,Sunday,2,22,1,2025,1,0,1,0,1,0,1.2246467991473532e-16,-1.0,-0.7818314824680299,0.6234898018587334,37254.94,34661.03,24518.04,27770.782857142854,28925.901333333335,0,0,0,214,None,0.0,,,0.0,0.0,0.0,,warm,,
2025-06-02,Clothing,26813.34,28,1267.18,0,6,Monday,2,23,2,2025,0,0,1,0,1,0,1.2246467991473532e-16,-1.0,0.0,1.0,23419.68,23502.7,31535.99,28255.591428571428,28768.479666666666,0,0,0,213,None,0.0,,,0.0,0.0,0.0,,warm,,
2025-06-03,Clothing,28395.69,30,672.69,1,6,Tuesday,2,23,3,2025,0,0,1,0,1,0,1.2246467991473532e-16,-1.0,0.7818314824680298,0.6234898018587336,25533.15,28833.21,33785.87,28664.52571428571,28588.806999999997,0,0,0,212,None,0.0,,,0.0,0.0,0.0,,warm,,
2025-06-04,Clothing,23529.3,21,961.15,2,6,Wednesday,2,23,4,2025,0,0,1,0,1,0,1.2246467991473532e-16,-1.0,0.9749279121818236,-0.22252093395631434,23314.25,22345.78,25316.37,28695.24714285714,28529.238,0,0,0,211,None,0.0,,,0.0,0.0,0.0,,warm,,
2025-06-05,Clothing,20738.47,23,1292.02,3,6,Thursday,2,23,5,2025,0,0,1,0,1,0,1.2246467991473532e-16,-1.0,0.43388373911755823,-0.900968867902419,26706.76,26383.44,29421.99,27842.63428571428,28239.787333333334,0,0,0,210,None,0.0,,,0.0,0.0,0.0,,warm,,
2025-06-06,Clothing,25663.91,24,1187.64,4,6,Friday,2,23,6,2025,0,0,0,0,1,0,1.2246467991473532e-16,-1.0,-0.433883739117558,-0.9009688679024191,27683.82,30257.73,25721.97,27554.075714285715,28237.852,0,0,0,209,None,0.0,,,0.0,0.0,0.0,,warm,,
2025-06-07,Clothing,35170.16,30,2021.46,5,6,Saturday,2,23,7,2025,1,0,0,0,1,0,1.2246467991473532e-16,-1.0,-0.9749279121818236,-0.2225209339563146,31382.32,37134.54,26410.64,28095.195714285714,28529.836,0,0,0,208,None,0.0,,,0.0,0.0,0.0,,warm,,
2025-06-08,Clothing,27453.45,25,1752.66,6,6,Sunday,2,23,8,2025,1,0,0,0,1,0,1.2246467991473532e-16,-1.0,-0.7818314824680299,0.6234898018587334,36355.5,37254.94,27834.28,26823.47428571429,28517.141666666666,0,0,0,207,None,0.0,,,0.0,0.0,0.0,,warm,,
2025-06-09,Clothing,25207.42,29,1139.19,0,6,Monday,2,24,9,2025,0,0,0,0,1,0,1.2246467991473532e-16,-1.0,0.0,1.0,26813.34,23419.68,37759.56,26594.057142857142,28098.737,0,0,0,206,None,0.0,,,0.0,0.0,0.0,,warm,,
2025-06-10,Clothing,24288.89,26,879.97,1,6,Tuesday,2,24,10,2025,0,0,0,0,1,0,1.2246467991473532e-16,-1.0,0.7818314824680298,0.6234898018587336,28395.69,25533.15,35444.39,26007.37142857143,27726.887,0,0,0,205,None,0.0,,,0.0,0.0,0.0,,warm,,
2025-06-11,Clothing,27840.55,25,969.43,2,6,Wednesday,2,24,11,2025,0,0,0,0,1,0,1.2246467991473532e-16,-1.0,0.9749279121818236,-0.22252093395631434,23529.3,23314.25,24427.35,26623.264285714286,27840.66033333333,0,0,0,204,None,0.0,,,0.0,0.0,0.0,,warm,,
2025-06-12,Clothing,28730.62,33,2079.0,3,6,Thursday,2,24,12,2025,0,0,0,0,1,0,1.2246467991473532e-16,-1.0,0.43388373911755823,-0.900968867902419,20738.47,26706.76,30309.77,27765.0,27788.021999999997,0,0,0,203,None,0.0,,,0.0,0.0,0.0,,warm,,
2025-06-13,Clothing,25348.21,24,1868.4,4,6,Friday,2,24,13,2025,0,0,0,0,1,0,1.2246467991473532e-16,-1.0,-0.433883739117558,-0.9009688679024191,25663.91,27683.82,25432.39,27719.9,27785.216,0,0,0,202,None,0.0,,,0.0,0.0,0.0,,warm,,
2025-06-14,Clothing,40044.58,37,1447.24,5,6,Saturday,2,24,14,2025,1,0,0,0,1,0,1.2246467991473532e-16,-1.0,-0.9749279121818236,-0.2225209339563146,35170.16,31382.32,25411.48,28416.245714285713,28272.985999999997,0,0,0,201,None,0.0,,,0.0,0.0,0.0,,warm,,
2025-06-15,Clothing,29482.04,24,1590.47,6,6,Sunday,2,24,15,2025,1,0,0,0,1,0,1.2246467991473532e-16,-1.0,-0.7818314824680299,0.6234898018587334,27453.45,36355.5,23181.06,28706.044285714284,28483.018666666667,0,0,0,200,None,0.0,,,0.0,0.0,0.0,,warm,,
2025-06-16,Clothing,26007.6,24,753.1,0,6,Monday,2,25,16,2025,0,0,0,0,1,0,1.2246467991473532e-16,-1.0,0.0,1.0,25207.42,26813.34,31015.08,28820.355714285713,28316.102666666666,0,0,0,199,None,0.0,,,0.0,0.0,0.0,,warm,,
2025-06-17,Clothing,27188.43,26,1389.97,1,6,Tuesday,2,25,17,2025,0,0,0,0,1,0,1.2246467991473532e-16,-1.0,0.7818314824680298,0.6234898018587336,24288.89,28395.69,34661.03,29234.575714285715,28067.016,0,0,0,198,None,0.0,,,0.0,0.0,0.0,,warm,,
2025-06-18,Clothing,25112.95,21,1693.81,2,6,Wednesday,2,25,18,2025,0,0,0,0,1,0,1.2246467991473532e-16,-1.0,0.9749279121818236,-0.22252093395631434,27840.55,23529.3,23502.7,28844.91857142857,28120.691,0,0,0,197,None,0.0,,,0.0,0.0,0.0,,warm,,
2025-06-19,Clothing,24242.85,20,1637.65,3,6,Thursday,2,25,19,2025,0,0,0,0,1,0,1.2246467991473532e-16,-1.0,0.43388373911755823,-0.900968867902419,28730.62,20738.47,28833.21,28203.808571428573,27967.679,0,0,0,196,None,0.0,,,0.0,0.0,0.0,,warm,,
2025-06-20,Clothing,27793.98,24,2116.47,4,6,Friday,2,25,20,2025,0,0,0,0,1,0,1.2246467991473532e-16,-1.0,-0.433883739117558,-0.9009688679024191,25348.21,25663.91,22345.78,28553.204285714284,28149.285666666667,0,0,0,195,None,0.0,,,0.0,0.0,0.0,,warm,,
2025-06-21,Clothing,32496.58,28,651.49,5,6,Saturday,2,25,21,2025,1,0,0,0,1,0,1.2246467991473532e-16,-1.0,-0.9749279121818236,-0.2225209339563146,40044.58,35170.16,26383.44,27474.91857142857,28353.057000000004,0,0,0,194,None,0.0,,,0.0,0.0,0.0,,warm,,
2025-06-22,Clothing,38823.36,39,2046.34,6,6,Sunday,2,25,22,2025,1,0,0,0,1,0,1.2246467991473532e-16,-1.0,-0.7818314824680299,0.6234898018587334,29482.04,27453.45,30257.73,28809.39285714286,28638.578,0,0,0,193,None,0.0,,,0.0,0.0,0.0,,warm,,
2025-06-23,Clothing,28301.88,28,1026.02,0,6,Monday,2,26,23,2025,0,0,0,0,1,0,1.2246467991473532e-16,-1.0,0.0,1.0,26007.6,25207.42,37134.54,29137.147142857146,28344.156000000003,0,0,0,192,None,0.0,,,0.0,0.0,0.0,,warm,,
2025-06-24,Clothing,27238.98,24,889.53,1,6,Tuesday,2,26,24,2025,0,0,0,0,1,0,1.2246467991473532e-16,-1.0,0.7818314824680298,0.6234898018587336,27188.43,24288.89,37254.94,29144.36857142857,28010.290666666664,0,0,0,191,None,0.0,,,0.0,0.0,0.0,,warm,,
2025-06-25,Clothing,27017.65,30,1751.2,2,6,Wednesday,2,26,25,2025,0,1,0,0,1,0,1.2246467991473532e-16,-1.0,0.9749279121818236,-0.22252093395631434,25112.95,27840.55,23419.68,29416.468571428577,28130.223,0,0,0,190,None,0.0,,,0.0,0.0,0.0,,warm,,
2025-06-26,Clothing,28453.18,26,1886.96,3,6,Thursday,2,26,26,2025,0,1,0,0,1,0,1.2246467991473532e-16,-1.0,0.43388373911755823,-0.900968867902419,24242.85,28730.62,25533.15,30017.94428571429,28227.557333333334,0,0,0,189,None,0.0,,,0.0,0.0,0.0,,warm,,
2025-06-27,Clothing,23212.0,20,2067.71,4,6,Friday,2,26,27,2025,0,1,0,0,1,0,1.2246467991473532e-16,-1.0,-0.433883739117558,-0.9009688679024191,27793.98,25348.21,23314.25,29363.375714285714,28224.148999999998,0,0,0,188,None,0.0,,,0.0,0.0,0.0,,warm,,
2025-06-28,Clothing,31583.23,27,1304.08,5,6,Saturday,2,26,28,2025,1,1,0,0,1,0,1.2246467991473532e-16,-1.0,-0.9749279121818236,-0.2225209339563146,32496.58,40044.58,26706.76,29232.897142857142,28386.697999999997,0,0,0,187,None,0.0,,,0.0,0.0,0.0,,warm,,
2025-06-29,Clothing,35263.89,34,1943.89,6,6,Sunday,2,26,29,2025,1,1,0,0,1,0,1.2246467991473532e-16,-1.0,-0.7818314824680299,0.6234898018587334,38823.36,29482.04,27683.82,28724.40142857143,28639.367000000002,0,0,0,186,None,0.0,,,0.0,0.0,0.0,,warm,,
2025-06-30,Clothing,21807.38,21,1427.59,0,6,Monday,2,27,30,2025,0,1,0,0,1,0,1.2246467991473532e-16,-1.0,0.0,1.0,28301.88,26007.6,31382.32,27796.615714285716,28320.20233333333,0,0,0,185,None,0.0,,,0.0,0.0,0.0,,warm,,
2025-07-01,Clothing,34426.07,33,1682.71,1,7,Tuesday,3,27,1,2025,0,0,1,0,0,1,-0.4999999999999997,-0.8660254037844388,0.7818314824680298,0.6234898018587336,27238.98,27188.43,36355.5,28823.34285714286,28255.888,0,0,0,184,None,0.0,,,0.0,0.0,0.0,,warm,,
2025-07-02,Clothing,29944.46,32,1246.64,2,7,Wednesday,3,27,2,2025,0,0,1,0,0,1,-0.4999999999999997,-0.8660254037844388,0.9749279121818236,-0.22252093395631434,27017.65,25112.95,26813.34,29241.45857142857,28360.25866666667,0,0,0,183,None,0.0,,,0.0,0.0,0.0,,warm,,
2025-07-03,Clothing,34598.22,34,1528.3,3,7,Thursday,3,27,3,2025,0,0,1,0,0,1,-0.4999999999999997,-0.8660254037844388,0.43388373911755823,-0.900968867902419,28453.18,24242.85,28395.69,30119.321428571428,28567.00966666667,0,0,0,182,None,0.0,,,0.0,0.0,0.0,,warm,,
2025-07-04,Clothing,30672.28,33,1368.36,4,7,Friday,3,27,4,2025,0,0,1,0,0,1,-0.4999999999999997,-0.8660254037844388,-0.433883739117558,-0.9009688679024191,23212.0,27793.98,23529.3,31185.075714285715,28805.109,0,0,0,181,None,0.0,,,0.0,0.0,0.0,,warm,,
2025-07-05,Clothing,42516.89,39,1228.5,5,7,Saturday,3,27,5,2025,1,0,1,0,0,1,-0.4999999999999997,-0.8660254037844388,-0.9749279121818236,-0.2225209339563146,31583.23,32496.58,20738.47,32747.027142857143,29531.056333333334,0,0,0,180,None,0.0,,,0.0,0.0,0.0,,warm,,
2025-07-06,Clothing,44032.9,40,2406.67,6,7,Sunday,3,27,6,2025,1,0,0,0,0,1,-0.4999999999999997,-0.8660254037844388,-0.7818314824680299,0.6234898018587334,35263.89,38823.36,25663.91,33999.74285714286,30143.356000000003,0,0,0,179,None,0.0,,,0.0,0.0,0.0,,warm,,
2025-07-07,Clothing,28201.82,29,2462.97,0,7,Monday,3,28,7,2025,0,0,0,0,0,1,-0.4999999999999997,-0.8660254037844388,0.0,1.0,21807.38,28301.88,35170.16,34913.23428571429,29911.077999999998,0,0,0,178,None,0.0,,,0.0,0.0,0.0,,warm,,
2025-07-08,Clothing,31025.27,37,1651.38,1,7,Tuesday,3,28,8,2025,0,0,0,0,0,1,-0.4999999999999997,-0.8660254037844388,0.7818314824680298,0.6234898018587336,34426.07,27238.98,27453.45,34427.40571428572,30030.13866666667,0,0,0,177,None,0.0,,,0.0,0.0,0.0,,warm,,
2025-07-09,Clothing,31475.76,30,1509.56,2,7,Wednesday,3,28,9,2025,0,0,0,0,0,1,-0.4999999999999997,-0.8660254037844388,0.9749279121818236,-0.22252093395631434,29944.46,27017.65,25207.42,34646.16285714285,30239.083333333332,0,0,0,176,None,0.0,,,0.0,0.0,0.0,,warm,,
2025-07-10,Clothing,24860.6,29,1696.34,3,7,Thursday,3,28,10,2025,0,0,0,0,0,1,-0.4999999999999997,-0.8660254037844388,0.43388373911755823,-0.900968867902419,34598.22,28453.18,24288.89,33255.07428571428,30258.140333333333,0,0,0,175,None,0.0,,,0.0,0.0,0.0,,warm,,
2025-07-11,Clothing,28201.87,23,1390.73,4,7,Friday,3,28,11,2025,0,0,0,0,0,1,-0.4999999999999997,-0.8660254037844388,-0.433883739117558,-0.9009688679024191,30672.28,23212.0,27840.55,32902.15857142857,30270.184333333335,0,0,0,174,None,0.0,,,0.0,0.0,0.0,,warm,,
2025-07-12,Clothing,36176.14,32,2481.06,5,7,Saturday,3,28,12,2025,1,0,0,0,0,1,-0.4999999999999997,-0.8660254037844388,-0.9749279121818236,-0.2225209339563146,42516.89,31583.23,28730.62,31996.33714285714,30518.368333333336,0,0,0,173,None,0.0,,,0.0,0.0,0.0,,warm,,
2025-07-13,Clothing,35945.2,39,1102.83,6,7,Sunday,3,28,13,2025,1,0,0,0,0,1,-0.4999999999999997,-0.8660254037844388,-0.7818314824680299,0.6234898018587334,44032.9,35263.89,25348.21,30840.951428571425,30871.601333333332,0,0,0,172,None,0.0,,,0.0,0.0,0.0,,warm,,
2025-07-14,Clothing,34653.46,33,1153.39,0,7,Monday,3,29,14,2025,0,0,0,0,0,1,-0.4999999999999997,-0.8660254037844388,0.0,1.0,28201.82,21807.38,40044.58,31762.614285714284,30691.897333333334,0,0,0,171,None,0.0,,,0.0,0.0,0.0,,warm,,
2025-07-15,Clothing,35266.02,31,1720.6,1,7,Tuesday,3,29,15,2025,0,0,0,0,0,1,-0.4999999999999997,-0.8660254037844388,0.7818314824680298,0.6234898018587336,31025.27,34426.07,29482.04,32368.43571428571,30884.696666666663,0,0,0,170,None,0.0,,,0.0,0.0,0.0,,warm,,
2025-07-16,Clothing,27105.23,30,2105.99,2,7,Wednesday,3,29,16,2025,0,0,0,0,0,1,-0.4999999999999997,-0.8660254037844388,0.9749279121818236,-0.22252093395631434,31475.76,29944.46,26007.6,31744.074285714283,30921.284333333333,0,0,0,169,None,0.0,,,0.0,0.0,0.0,,warm,,
2025-07-17,Clothing,23882.3,23,2391.08,3,7,Thursday,3,29,17,2025,0,0,0,0,0,1,-0.4999999999999997,-0.8660254037844388,0.43388373911755823,-0.900968867902419,24860.6,34598.22,27188.43,31604.31714285714,30811.08,0,0,0,168,None,0.0,,,0.0,0.0,0.0,,warm,,
2025-07-18,Clothing,34885.85,37,649.14,4,7,Friday,3,29,18,2025,0,0,0,0,0,1,-0.4999999999999997,-0.8660254037844388,-0.433883739117558,-0.9009688679024191,28201.87,30672.28,25112.95,32559.171428571426,31136.84333333333,0,0,0,167,None,0.0,,,0.0,0.0,0.0,,warm,,
2025-07-19,Clothing,40367.59,36,676.44,5,7,Saturday,3,29,19,2025,1,0,0,0,0,1,-0.4999999999999997,-0.8660254037844388,-0.9749279121818236,-0.2225209339563146,36176.14,42516.89,24242.85,33157.95,31674.33466666667,0,0,0,166,None,0.0,,,0.0,0.0,0.0,,warm,,
2025-07-20,Clothing,41984.72,39,2441.2,6,7,Sunday,3,29,20,2025,1,0,0,0,0,1,-0.4999999999999997,-0.8660254037844388,-0.7818314824680299,0.6234898018587334,35945.2,44032.9,27793.98,34020.73857142857,32147.359333333334,0,0,0,165,None,0.0,,,0.0,0.0,0.0,,warm,,
2025-07-21,Clothing,32865.43,31,1147.61,0,7,Monday,3,30,21,2025,0,0,0,0,0,1,-0.4999999999999997,-0.8660254037844388,0.0,1.0,34653.46,28201.82,32496.58,33765.305714285714,32159.65433333333,0,0,0,164,None,0.0,,,0.0,0.0,0.0,,warm,,
2025-07-22,Clothing,29678.91,24,1367.93,1,7,Tuesday,3,30,22,2025,0,0,0,0,0,1,-0.4999999999999997,-0.8660254037844388,0.7818314824680298,0.6234898018587336,35266.02,31025.27,38823.36,32967.14714285714,31854.83933333333,0,0,0,163,None,0.0,,,0.0,0.0,0.0,,warm,,
2025-07-23,Clothing,30105.79,30,1783.0,2,7,Wednesday,3,30,23,2025,0,0,0,0,0,1,-0.4999999999999997,-0.8660254037844388,0.9749279121818236,-0.22252093395631434,27105.23,31475.76,28301.88,33395.79857142857,31914.969666666664,0,0,0,162,None,0.0,,,0.0,0.0,0.0,,warm,,
2025-07-24,Clothing,31842.5,27,1520.95,3,7,Thursday,3,30,24,2025,0,0,0,0,0,1,-0.4999999999999997,-0.8660254037844388,0.43388373911755823,-0.900968867902419,23882.3,24860.6,27238.98,34532.969999999994,32068.42033333333,0,0,0,161,None,0.0,,,0.0,0.0,0.0,,warm,,
2025-07-25,Clothing,23094.24,22,777.1,4,7,Friday,3,30,25,2025,0,1,0,0,0,1,-0.4999999999999997,-0.8660254037844388,-0.433883739117558,-0.9009688679024191,34885.85,28201.87,27017.65,32848.45428571429,31937.64,0,0,0,160,None,0.0,,,0.0,0.0,0.0,,warm,,
2025-07-26,Clothing,42835.06,36,1119.51,5,7,Saturday,3,30,26,2025,1,1,0,0,0,1,-0.4999999999999997,-0.8660254037844388,-0.9749279121818236,-0.2225209339563146,40367.59,36176.14,28453.18,33200.950000000004,32417.036,0,0,0,159,None,0.0,,,0.0,0.0,0.0,,warm,,
2025-07-27,Clothing,36630.06,42,2241.65,6,7,Sunday,3,30,27,2025,1,1,0,0,0,1,-0.4999999999999997,-0.8660254037844388,-0.7818314824680299,0.6234898018587334,41984.72,35945.2,23212.0,32435.99857142857,32864.30466666667,0,0,0,158,None,0.0,,,0.0,0.0,0.0,,warm,,
2025-07-28,Clothing,28060.28,29,2191.2,0,7,Monday,3,31,28,2025,0,1,0,0,0,1,-0.4999999999999997,-0.8660254037844388,0.0,1.0,32865.43,34653.46,31583.23,31749.548571428575,32746.873000000003,0,0,0,157,None,0.0,,,0.0,0.0,0.0,,warm,,
2025-07-29,Clothing,34439.83,28,1632.52,1,7,Tuesday,3,31,29,2025,0,1,0,0,0,1,-0.4999999999999997,-0.8660254037844388,0.7818314824680298,0.6234898018587336,29678.91,35266.02,35263.89,32429.68,32719.404333333332,0,0,0,156,None,0.0,,,0.0,0.0,0.0,,warm,,
2025-07-30,Clothing,26888.26,26,682.93,2,7,Wednesday,3,31,30,2025,0,1,0,0,0,1,-0.4999999999999997,-0.8660254037844388,0.9749279121818236,-0.22252093395631434,30105.79,27105.23,21807.38,31970.032857142858,32888.767,0,0,0,155,None,0.0,,,0.0,0.0,0.0,,warm,,
2025-07-31,Clothing,35728.25,33,2433.17,3,7,Thursday,3,31,31,2025,0,1,0,0,0,1,-0.4999999999999997,-0.8660254037844388,0.43388373911755823,-0.900968867902419,31842.5,23882.3,34426.07,32525.139999999996,32932.172999999995,0,0,0,154,None,0.0,,,0.0,0.0,0.0,,warm,,
2025-08-01,Clothing,33867.38,32,629.16,4,8,Friday,3,31,1,2025,0,0,1,0,0,1,-0.8660254037844385,-0.5000000000000004,-0.433883739117558,-0.9009688679024191,23094.24,34885.85,29944.46,34064.159999999996,33062.937,0,0,0,153,None,0.0,,,0.0,0.0,0.0,,warm,,
2025-08-02,Clothing,48355.84,41,1355.22,5,8,Saturday,3,31,2,2025,1,0,1,0,0,1,-0.8660254037844385,-0.5000000000000004,-0.9749279121818236,-0.2225209339563146,42835.06,40367.59,34598.22,34852.84285714286,33521.524333333335,0,0,0,152,None,0.0,,,0.0,0.0,0.0,,warm,,
2025-08-03,Clothing,51034.46,42,1527.1,6,8,Sunday,3,31,3,2025,1,0,1,0,0,1,-0.8660254037844385,-0.5000000000000004,-0.7818314824680299,0.6234898018587334,36630.06,41984.72,30672.28,36910.614285714284,34200.263666666666,0,0,0,151,None,0.0,,,0.0,0.0,0.0,,warm,,
2025-08-04,Clothing,37956.1,37,2458.84,0,8,Monday,3,32,4,2025,0,0,1,0,0,1,-0.8660254037844385,-0.5000000000000004,0.0,1.0,28060.28,32865.43,42516.89,38324.30285714286,34048.23733333333,0,0,0,150,None,0.0,,,0.0,0.0,0.0,,warm,,
2025-08-05,Clothing,30140.85,36,1157.4,1,8,Tuesday,3,32,5,2025,0,0,1,0,0,1,-0.8660254037844385,-0.5000000000000004,0.7818314824680298,0.6234898018587336,34439.83,29678.91,44032.9,37710.16285714286,33585.169,0,0,0,149,None,0.0,,,0.0,0.0,0.0,,warm,,
2025-08-06,Clothing,30018.53,35,1758.03,2,8,Wednesday,3,32,6,2025,0,0,0,0,0,1,-0.8660254037844385,-0.5000000000000004,0.9749279121818236,-0.22252093395631434,26888.26,30105.79,28201.82,38157.34428571428,33645.726,0,0,0,148,None,0.0,,,0.0,0.0,0.0,,warm,,
2025-08-07,Clothing,32902.51,31,1085.12,3,8,Thursday,3,32,7,2025,0,0,0,0,0,1,-0.8660254037844385,-0.5000000000000004,0.43388373911755823,-0.900968867902419,35728.25,31842.5,31025.27,37753.66714285714,33708.30066666666,0,0,0,147,None,0.0,,,0.0,0.0,0.0,,warm,,
2025-08-08,Clothing,31933.06,32,2476.54,4,8,Friday,3,32,8,2025,0,0,0,0,0,1,-0.8660254037844385,-0.5000000000000004,-0.433883739117558,-0.9009688679024191,33867.38,23094.24,31475.76,37477.33571428571,33723.544,0,0,0,146,None,0.0,,,0.0,0.0,0.0,,warm,,
2025-08-09,Clothing,51404.57,49,802.64,5,8,Saturday,3,32,9,2025,1,0,0,0,0,1,-0.8660254037844385,-0.5000000000000004,-0.9749279121818236,-0.2225209339563146,48355.84,42835.06,24860.6,37912.868571428575,34608.343,0,0,0,145,None,0.0,,,0.0,0.0,0.0,,warm,,
2025-08-10,Clothing,47843.41,59,1675.27,6,8,Sunday,3,32,10,2025,1,0,0,0,0,1,-0.8660254037844385,-0.5000000000000004,-0.7818314824680299,0.6234898018587334,51034.46,36630.06,28201.87,37457.00428571428,35263.061,0,0,0,144,None,0.0,,,0.0,0.0,0.0,,warm,,
2025-08-11,Clothing,34244.62,37,1753.42,0,8,Monday,3,33,11,2025,0,0,0,0,0,1,-0.8660254037844385,-0.5000000000000004,0.0,1.0,37956.1,28060.28,36176.14,36926.79285714286,35198.677,0,0,0,143,None,0.0,,,0.0,0.0,0.0,,warm,,
2025-08-12,Clothing,43471.44,49,1793.67,1,8,Tuesday,3,33,12,2025,0,0,0,0,0,1,-0.8660254037844385,-0.5000000000000004,0.7818314824680298,0.6234898018587336,30140.85,34439.83,35945.2,38831.16285714286,35449.551666666666,0,0,0,142,None,0.0,,,0.0,0.0,0.0,,warm,,
2025-08-13,Clothing,28662.75,30,1220.77,2,8,Wednesday,3,33,13,2025,0,0,0,0,0,1,-0.8660254037844385,-0.5000000000000004,0.9749279121818236,-0.22252093395631434,30018.53,26888.26,34653.46,38637.479999999996,35249.86133333333,0,0,0,141,None,0.0,,,0.0,0.0,0.0,,warm,,
2025-08-14,Clothing,42035.17,45,2336.69,3,8,Thursday,3,33,14,2025,0,0,0,0,0,1,-0.8660254037844385,-0.5000000000000004,0.43388373911755823,-0.900968867902419,32902.51,35728.25,35266.02,39942.14571428572,35475.49966666666,0,0,0,140,None,0.0,,,0.0,0.0,0.0,,warm,,
2025-08-15,Clothing,36848.21,42,2032.89,4,8,Friday,3,33,15,2025,0,0,0,0,0,1,-0.8660254037844385,-0.5000000000000004,-0.433883739117558,-0.9009688679024191,31933.06,33867.38,27105.23,40644.31,35800.265666666666,0,0,0,139,None,0.0,,,0.0,0.0,0.0,,warm,,
2025-08-16,Clothing,46581.7,46,626.45,5,8,Saturday,3,33,16,2025,1,0,0,0,0,1,-0.8660254037844385,-0.5000000000000004,-0.9749279121818236,-0.2225209339563146,51404.57,48355.84,23882.3,39955.32857142857,36556.91233333333,0,0,0,138,None,0.0,,,0.0,0.0,0.0,,warm,,
2025-08-17,Clothing,46367.51,46,805.86,6,8,Sunday,3,33,17,2025,1,0,0,0,0,1,-0.8660254037844385,-0.5000000000000004,-0.7818314824680299,0.6234898018587334,47843.41,51034.46,34885.85,39744.485714285714,36939.634333333335,0,0,0,137,None,0.0,,,0.0,0.0,0.0,,warm,,
2025-08-18,Clothing,34280.43,41,1807.27,0,8,Monday,3,34,18,2025,0,0,0,0,0,1,-0.8660254037844385,-0.5000000000000004,0.0,1.0,34244.62,37956.1,40367.59,39749.60142857143,36736.729,0,0,0,136,None,0.0,,,0.0,0.0,0.0,,warm,,
2025-08-19,Clothing,35028.45,33,820.63,1,8,Tuesday,3,34,19,2025,0,0,0,0,0,1,-0.8660254037844385,-0.5000000000000004,0.7818314824680298,0.6234898018587336,43471.44,30140.85,41984.72,38543.46,36504.853333333325,0,0,0,135,None,0.0,,,0.0,0.0,0.0,,warm,,
2025-08-20,Clothing,32680.2,30,1396.34,2,8,Wednesday,3,34,20,2025,0,0,0,0,0,1,-0.8660254037844385,-0.5000000000000004,0.9749279121818236,-0.22252093395631434,28662.75,30018.53,32865.43,39117.381428571425,36498.679000000004,0,0,0,134,None,0.0,,,0.0,0.0,0.0,,warm,,
2025-08-21,Clothing,33214.36,33,1012.81,3,8,Thursday,3,34,21,2025,0,0,0,0,0,1,-0.8660254037844385,-0.5000000000000004,0.43388373911755823,-0.900968867902419,42035.17,32902.51,29678.91,37857.26571428571,36616.527333333324,0,0,0,133,None,0.0,,,0.0,0.0,0.0,,warm,,
2025-08-22,Clothing,35799.9,35,1124.17,4,8,Friday,3,34,22,2025,0,0,0,0,0,1,-0.8660254037844385,-0.5000000000000004,-0.433883739117558,-0.9009688679024191,36848.21,31933.06,30105.79,37707.50714285714,36806.331000000006,0,0,0,132,None,0.0,,,0.0,0.0,0.0,,warm,,
2025-08-23,Clothing,49131.66,59,2094.91,5,8,Saturday,3,34,23,2025,1,0,0,0,0,1,-0.8660254037844385,-0.5000000000000004,-0.9749279121818236,-0.2225209339563146,46581.7,51404.57,31842.5,38071.787142857145,37382.636333333336,0,0,0,131,None,0.0,,,0.0,0.0,0.0,,warm,,
2025-08-24,Clothing,50891.34,55,1224.26,6,8,Sunday,3,34,24,2025,1,0,0,0,0,1,-0.8660254037844385,-0.5000000000000004,-0.7818314824680299,0.6234898018587334,46367.51,47843.41,23094.24,38718.04857142857,38309.20633333334,0,0,0,130,None,0.0,,,0.0,0.0,0.0,,warm,,
2025-08-25,Clothing,32437.42,36,808.86,0,8,Monday,3,35,25,2025,0,1,0,0,0,1,-0.8660254037844385,-0.5000000000000004,0.0,1.0,34280.43,34244.62,42835.06,38454.76142857143,37962.61833333333,0,0,0,129,None,0.0,,,0.0,0.0,0.0,,warm,,
2025-08-26,Clothing,41506.38,50,840.84,1,8,Tuesday,3,35,26,2025,0,1,0,0,0,1,-0.8660254037844385,-0.5000000000000004,0.7818314824680298,0.6234898018587336,35028.45,43471.44,36630.06,39380.18,38125.16233333333,0,0,0,128,None,0.0,,,0.0,0.0,0.0,,warm,,
2025-08-27,Clothing,38963.41,37,1557.29,2,8,Wednesday,3,35,27,2025,0,1,0,0,0,1,-0.8660254037844385,-0.5000000000000004,0.9749279121818236,-0.22252093395631434,32680.2,28662.75,28060.28,40277.78142857143,38488.6,0,0,0,127,None,0.0,,,0.0,0.0,0.0,,warm,,
2025-08-28,Clothing,42008.48,40,2209.87,3,8,Thursday,3,35,28,2025,0,1,0,0,0,1,-0.8660254037844385,-0.5000000000000004,0.43388373911755823,-0.900968867902419,33214.36,42035.17,34439.83,41534.08428571429,38740.88833333333,0,0,0,126,None,0.0,,,0.0,0.0,0.0,,warm,,
2025-08-29,Clothing,26291.21,30,724.8,4,8,Friday,3,35,29,2025,0,1,0,0,0,1,-0.8660254037844385,-0.5000000000000004,-0.433883739117558,-0.9009688679024191,35799.9,36848.21,26888.26,40175.700000000004,38720.98666666667,0,0,0,125,None,0.0,,,0.0,0.0,0.0,,warm,,
2025-08-30,Clothing,54075.11,52,1560.55,5,8,Saturday,3,35,30,2025,1,1,0,0,0,1,-0.8660254037844385,-0.5000000000000004,-0.9749279121818236,-0.2225209339563146,49131.66,46581.7,35728.25,40881.90714285714,39332.54866666668,0,0,0,124,None,0.0,,,0.0,0.0,0.0,,warm,,
2025-08-31,Clothing,48667.7,53,1417.13,6,8,Sunday,3,35,31,2025,1,1,0,0,0,1,-0.8660254037844385,-0.5000000000000004,-0.7818314824680299,0.6234898018587334,50891.34,46367.51,33867.38,40564.24428571428,39825.89266666667,0,0,0,123,None,0.0,,,0.0,0.0,0.0,,warm,,
2025-09-01,Clothing,34031.31,36,1311.17,0,9,Monday,3,36,1,2025,0,0,1,0,0,1,-1.0,-1.8369701987210297e-16,0.0,1.0,32437.42,34280.43,48355.84,40791.94285714285,39348.40833333333,0,0,0,122,None,0.0,,,0.0,0.0,0.0,,warm,,
2025-09-02,Clothing,35082.08,35,2142.36,1,9,Tuesday,3,36,2,2025,0,0,1,0,0,1,-1.0,-1.8369701987210297e-16,0.7818314824680298,0.6234898018587336,41506.38,35028.45,51034.46,39874.18571428571,38816.66233333333,0,0,0,121,None,0.0,,,0.0,0.0,0.0,,warm,,
2025-09-03,Clothing,28535.8,24,1403.58,2,9,Wednesday,3,36,3,2025,0,0,1,0,0,1,-1.0,-1.8369701987210297e-16,0.9749279121818236,-0.22252093395631434,38963.41,32680.2,37956.1,38384.52714285714,38502.65233333334,0,0,0,120,None,0.0,,,0.0,0.0,0.0,,warm,,
2025-09-04,Clothing,32001.93,28,1516.16,3,9,Thursday,3,36,4,2025,0,0,1,0,0,1,-1.0,-1.8369701987210297e-16,0.43388373911755823,-0.900968867902419,42008.48,33214.36,30140.85,36955.02,38564.68833333333,0,0,0,119,None,0.0,,,0.0,0.0,0.0,,warm,,
2025-09-05,Clothing,31935.41,29,2451.64,4,9,Friday,3,36,5,2025,0,0,1,0,0,1,-1.0,-1.8369701987210297e-16,-0.433883739117558,-0.9009688679024191,26291.21,35799.9,30018.53,37761.33428571428,38628.58433333333,0,0,0,118,None,0.0,,,0.0,0.0,0.0,,warm,,
2025-09-06,Clothing,47432.02,53,1119.21,5,9,Saturday,3,36,6,2025,1,0,0,0,0,1,-1.0,-1.8369701987210297e-16,-0.9749279121818236,-0.2225209339563146,54075.11,49131.66,32902.51,36812.32142857143,39112.901333333335,0,0,0,117,None,0.0,,,0.0,0.0,0.0,,warm,,
2025-09-07,Clothing,54234.34,64,869.56,6,9,Sunday,3,36,7,2025,1,0,0,0,0,1,-1.0,-1.8369701987210297e-16,-0.7818314824680299,0.6234898018587334,48667.7,50891.34,31933.06,37607.555714285714,39856.27733333334,0,0,0,116,None,0.0,,,0.0,0.0,0.0,,warm,,
2025-09-08,Clothing,37174.08,37,1192.11,0,9,Monday,3,37,8,2025,0,0,0,0,0,1,-1.0,-1.8369701987210297e-16,0.0,1.0,34031.31,32437.42,51404.57,38056.52285714285,39381.92766666667,0,0,0,115,None,0.0,,,0.0,0.0,0.0,,warm,,
2025-09-09,Clothing,39776.43,34,755.0,1,9,Tuesday,3,37,9,2025,0,0,0,0,0,1,-1.0,-1.8369701987210297e-16,0.7818314824680298,0.6234898018587336,35082.08,41506.38,47843.41,38727.14428571429,39113.02833333333,0,0,0,114,None,0.0,,,0.0,0.0,0.0,,warm,,
2025-09-10,Clothing,31390.45,32,1416.84,2,9,Wednesday,3,37,10,2025,0,0,0,0,0,1,-1.0,-1.8369701987210297e-16,0.9749279121818236,-0.22252093395631434,28535.8,38963.41,34244.62,39134.951428571425,39017.88933333333,0,0,0,113,None,0.0,,,0.0,0.0,0.0,,warm,,
2025-09-11,Clothing,35651.83,32,704.09,3,9,Thursday,3,37,11,2025,0,0,0,0,0,1,-1.0,-1.8369701987210297e-16,0.43388373911755823,-0.900968867902419,32001.93,42008.48,43471.44,39656.36571428571,38757.23566666667,0,0,0,112,None,0.0,,,0.0,0.0,0.0,,warm,,
2025-09-12,Clothing,36411.22,34,2019.33,4,9,Friday,3,37,12,2025,0,0,0,0,0,1,-1.0,-1.8369701987210297e-16,-0.433883739117558,-0.9009688679024191,31935.41,26291.21,28662.75,40295.76714285714,39015.518000000004,0,0,0,111,None,0.0,,,0.0,0.0,0.0,,warm,,
2025-09-13,Clothing,40288.58,48,1354.44,5,9,Saturday,3,37,13,2025,1,0,0,0,0,1,-1.0,-1.8369701987210297e-16,-0.9749279121818236,-0.2225209339563146,47432.02,54075.11,42035.17,39275.275714285715,38957.29833333333,0,0,0,110,None,0.0,,,0.0,0.0,0.0,,warm,,
2025-09-14,Clothing,48689.59,48,1948.05,6,9,Sunday,3,37,14,2025,1,0,0,0,0,1,-1.0,-1.8369701987210297e-16,-0.7818314824680299,0.6234898018587334,54234.34,48667.7,36848.21,38483.16857142857,39352.01099999999,0,0,0,109,None,0.0,,,0.0,0.0,0.0,,warm,,
2025-09-15,Clothing,32477.86,28,2347.56,0,9,Monday,3,38,15,2025,0,0,0,0,0,1,-1.0,-1.8369701987210297e-16,0.0,1.0,37174.08,34031.31,46581.7,37812.27999999999,38881.883,0,0,0,108,None,0.0,,,0.0,0.0,0.0,,warm,,
2025-09-16,Clothing,36921.71,38,2017.03,1,9,Tuesday,3,38,16,2025,0,0,0,0,0,1,-1.0,-1.8369701987210297e-16,0.7818314824680298,0.6234898018587336,39776.43,35082.08,46367.51,37404.462857142855,38567.023,0,0,0,107,None,0.0,,,0.0,0.0,0.0,,warm,,
2025-09-17,Clothing,31393.52,26,1263.81,2,9,Wednesday,3,38,17,2025,0,0,0,0,0,1,-1.0,-1.8369701987210297e-16,0.9749279121818236,-0.22252093395631434,31390.45,28535.8,34280.43,37404.90142857143,38470.79266666667,0,0,0,106,None,0.0,,,0.0,0.0,0.0,,warm,,
2025-09-18,Clothing,36672.36,33,890.45,3,9,Thursday,3,38,18,2025,0,0,0,0,0,1,-1.0,-1.8369701987210297e-16,0.43388373911755823,-0.900968867902419,35651.83,32001.93,35028.45,37550.69142857142,38525.589666666674,0,0,0,105,None,0.0,,,0.0,0.0,0.0,,warm,,
2025-09-19,Clothing,31133.94,28,1452.92,4,9,Friday,3,38,19,2025,0,0,0,0,0,1,-1.0,-1.8369701987210297e-16,-0.433883739117558,-0.9009688679024191,36411.22,31935.41,32680.2,36796.794285714284,38474.047666666665,0,0,0,104,None,0.0,,,0.0,0.0,0.0,,warm,,
2025-09-20,Clothing,50997.52,49,1799.63,5,9,Saturday,3,38,20,2025,1,0,0,0,0,1,-1.0,-1.8369701987210297e-16,-0.9749279121818236,-0.2225209339563146,40288.58,47432.02,33214.36,38326.642857142855,39066.81966666667,0,0,0,103,None,0.0,,,0.0,0.0,0.0,,warm,,
2025-09-21,Clothing,49192.97,52,745.79,6,9,Sunday,3,38,21,2025,1,0,0,0,0,1,-1.0,-1.8369701987210297e-16,-0.7818314824680299,0.6234898018587334,48689.59,54234.34,35799.9,38398.55428571429,39513.25533333333,0,0,0,102,None,0.0,,,0.0,0.0,0.0,,warm,,
2025-09-22,Clothing,35874.04,34,2327.19,0,9,Monday,3,39,22,2025,0,0,0,0,0,1,-1.0,-1.8369701987210297e-16,0.0,1.0,32477.86,37174.08,49131.66,38883.72285714286,39071.33466666667,0,0,0,101,None,0.0,,,0.0,0.0,0.0,,warm,,
2025-09-23,Clothing,33975.12,34,2466.53,1,9,Tuesday,3,39,23,2025,0,0,0,0,0,1,-1.0,-1.8369701987210297e-16,0.7818314824680298,0.6234898018587336,36921.71,39776.43,50891.34,38462.78142857143,38507.46066666666,0,0,0,100,None,0.0,,,0.0,0.0,0.0,,warm,,
2025-09-24,Clothing,33382.31,30,901.62,2,9,Wednesday,3,39,24,2025,0,0,0,0,0,1,-1.0,-1.8369701987210297e-16,0.9749279121818236,-0.22252093395631434,31393.52,31390.45,32437.42,38746.89428571429,38538.957,0,0,0,99,None,0.0,,,0.0,0.0,0.0,,warm,,
2025-09-25,Clothing,31192.76,27,1235.83,3,9,Thursday,3,39,25,2025,0,1,0,0,0,1,-1.0,-1.8369701987210297e-16,0.43388373911755823,-0.900968867902419,36672.36,35651.83,41506.38,37964.09428571428,38195.16966666667,0,0,0,98,None,0.0,,,0.0,0.0,0.0,,warm,,
2025-09-26,Clothing,39002.12,35,2259.23,4,9,Friday,3,39,26,2025,0,1,0,0,0,1,-1.0,-1.8369701987210297e-16,-0.433883739117558,-0.9009688679024191,31133.94,36411.22,38963.41,39088.119999999995,38196.45999999999,0,0,0,97,None,0.0,,,0.0,0.0,0.0,,warm,,
2025-09-27,Clothing,49609.36,49,845.01,5,9,Saturday,3,39,27,2025,1,1,0,0,0,1,-1.0,-1.8369701987210297e-16,-0.9749279121818236,-0.2225209339563146,50997.52,40288.58,42008.48,38889.811428571425,38449.82266666667,0,0,0,96,None,0.0,,,0.0,0.0,0.0,,warm,,
2025-09-28,Clothing,48407.76,41,2494.61,6,9,Sunday,3,39,28,2025,1,1,0,0,0,1,-1.0,-1.8369701987210297e-16,-0.7818314824680299,0.6234898018587334,49192.97,48689.59,26291.21,38777.63857142858,39187.041,0,0,0,95,None,0.0,,,0.0,0.0,0.0,,warm,,
2025-09-29,Clothing,34142.24,37,1249.29,0,9,Monday,3,40,29,2025,0,1,0,0,0,1,-1.0,-1.8369701987210297e-16,0.0,1.0,35874.04,32477.86,54075.11,38530.23857142857,38522.611999999994,0,0,0,94,None,0.0,,,0.0,0.0,0.0,,warm,,
2025-09-30,Clothing,36799.68,34,2186.73,1,9,Tuesday,3,40,30,2025,0,1,0,0,0,1,-1.0,-1.8369701987210297e-16,0.7818314824680298,0.6234898018587336,33975.12,36921.71,48667.7,38933.74714285714,38127.01133333333,0,0,0,93,None,0.0,,,0.0,0.0,0.0,,warm,,
2025-10-01,Clothing,43021.21,48,2179.56,2,10,Wednesday,4,40,1,2025,0,0,1,1,0,0,-0.8660254037844386,0.5000000000000001,0.9749279121818236,-0.22252093395631434,33382.31,31393.52,34031.31,40310.73285714286,38426.67466666666,0,0,0,92,None,0.0,,,0.0,0.0,0.0,,warm,,
2025-10-02,Clothing,46201.73,44,1760.13,3,10,Thursday,4,40,2,2025,0,0,1,1,0,0,-0.8660254037844386,0.5000000000000001,0.43388373911755823,-0.900968867902419,31192.76,36672.36,35082.08,42454.87142857142,38797.32966666667,0,0,0,91,None,0.0,,,0.0,0.0,0.0,,warm,,
2025-10-03,Clothing,51342.06,57,1298.9,4,10,Friday,4,40,3,2025,0,0,1,1,0,0,-0.8660254037844386,0.5000000000000001,-0.433883739117558,-0.9009688679024191,39002.12,31133.94,28535.8,44217.719999999994,39557.53833333333,0,0,0,90,None,0.0,,,0.0,0.0,0.0,,warm,,
2025-10-04,Clothing,70345.9,79,2152.09,5,10,Saturday,4,40,4,2025,1,0,1,1,0,0,-0.8660254037844386,0.5000000000000001,-0.9749279121818236,-0.2225209339563146,49609.36,50997.52,32001.93,47180.08285714286,40835.67066666667,0,0,0,89,None,0.0,,,0.0,0.0,0.0,,warm,,
2025-10-05,Clothing,55169.19,47,2207.2,6,10,Sunday,4,40,5,2025,1,0,1,1,0,0,-0.8660254037844386,0.5000000000000001,-0.7818314824680299,0.6234898018587334,48407.76,49192.97,31935.41,48146.00142857143,41610.13,0,0,0,88,None,0.0,,,0.0,0.0,0.0,,warm,,
2025-10-06,Clothing,51977.25,61,2398.19,0,10,Monday,4,41,6,2025,0,0,0,1,0,0,-0.8660254037844386,0.5000000000000001,0.0,1.0,34142.24,35874.04,47432.02,50693.86,41761.63766666666,0,0,0,87,None,0.0,,,0.0,0.0,0.0,,warm,,
2025-10-07,Clothing,48036.69,48,2489.6,1,10,Tuesday,4,41,7,2025,0,0,0,1,0,0,-0.8660254037844386,0.5000000000000001,0.7818314824680298,0.6234898018587336,36799.68,33975.12,54234.34,52299.147142857146,41555.049333333336,0,0,0,86,None,0.0,,,0.0,0.0,0.0,,warm,,
2025-10-08,Clothing,46301.26,48,2343.05,2,10,Wednesday,4,41,8,2025,0,0,0,1,0,0,-0.8660254037844386,0.5000000000000001,0.9749279121818236,-0.22252093395631434,43021.21,33382.31,37174.08,52767.72571428572,41859.28866666667,0,0,0,85,None,0.0,,,0.0,0.0,0.0,,warm,,
2025-10-09,Clothing,42500.35,52,1086.26,3,10,Thursday,4,41,9,2025,0,0,0,1,0,0,-0.8660254037844386,0.5000000000000001,0.43388373911755823,-0.900968867902419,46201.73,31192.76,39776.43,52238.95714285714,41950.086,0,0,0,84,None,0.0,,,0.0,0.0,0.0,,warm,,
2025-10-10,Clothing,41254.4,47,690.72,4,10,Friday,4,41,10,2025,0,0,0,1,0,0,-0.8660254037844386,0.5000000000000001,-0.433883739117558,-0.9009688679024191,51342.06,39002.12,31390.45,50797.86285714286,42278.884333333335,0,0,0,83,None,0.0,,,0.0,0.0,0.0,,warm,,
2025-10-11,Clothing,51541.85,63,1800.71,5,10,Saturday,4,41,11,2025,1,0,0,1,0,0,-0.8660254037844386,0.5000000000000001,-0.9749279121818236,-0.2225209339563146,70345.9,49609.36,35651.83,48111.57,42808.551666666666,0,0,0,82,None,0.0,,,0.0,0.0,0.0,,warm,,
2025-10-12,Clothing,62486.63,69,1862.31,6,10,Sunday,4,41,12,2025,1,0,0,1,0,0,-0.8660254037844386,0.5000000000000001,-0.7818314824680299,0.6234898018587334,55169.19,48407.76,36411.22,49156.91857142857,43677.731999999996,0,0,0,81,None,0.0,,,0.0,0.0,0.0,,warm,,
2025-10-13,Clothing,41407.66,41,2259.33,0,10,Monday,4,42,13,2025,0,0,0,1,0,0,-0.8660254037844386,0.5000000000000001,0.0,1.0,51977.25,34142.24,40288.58,47646.97714285715,43715.03466666667,0,0,0,80,None,0.0,,,0.0,0.0,0.0,,warm,,
2025-10-14,Clothing,42670.75,36,1848.5,1,10,Tuesday,4,42,14,2025,0,0,0,1,0,0,-0.8660254037844386,0.5000000000000001,0.7818314824680298,0.6234898018587336,48036.69,36799.68,48689.59,46880.41428571429,43514.40666666667,0,0,0,79,None,0.0,,,0.0,0.0,0.0,,warm,,
2025-10-15,Clothing,42611.09,37,932.67,2,10,Wednesday,4,42,15,2025,0,0,0,1,0,0,-0.8660254037844386,0.5000000000000001,0.9749279121818236,-0.22252093395631434,46301.26,43021.21,32477.86,46353.24714285714,43852.181,0,0,0,78,None,0.0,,,0.0,0.0,0.0,,warm,,
2025-10-16,Clothing,47627.68,46,670.27,3,10,Thursday,4,42,16,2025,0,0,0,1,0,0,-0.8660254037844386,0.5000000000000001,0.43388373911755823,-0.900968867902419,42500.35,46201.73,36921.71,47085.72285714286,44209.04666666667,0,0,0,77,None,0.0,,,0.0,0.0,0.0,,warm,,
2025-10-17,Clothing,47282.73,43,1499.46,4,10,Friday,4,42,17,2025,0,0,0,1,0,0,-0.8660254037844386,0.5000000000000001,-0.433883739117558,-0.9009688679024191,41254.4,51342.06,31393.52,47946.91285714286,44738.687000000005,0,0,0,76,None,0.0,,,0.0,0.0,0.0,,warm,,
2025-10-18,Clothing,59734.76,69,2118.75,5,10,Saturday,4,42,18,2025,1,0,0,1,0,0,-0.8660254037844386,0.5000000000000001,-0.9749279121818236,-0.2225209339563146,51541.85,70345.9,36672.36,49117.32857142858,45507.433666666664,0,0,0,75,None,0.0,,,0.0,0.0,0.0,,warm,,
2025-10-19,Clothing,58360.47,55,1297.96,6,10,Sunday,4,42,19,2025,1,0,0,1,0,0,-0.8660254037844386,0.5000000000000001,-0.7818314824680299,0.6234898018587334,62486.63,55169.19,31133.94,48527.87714285714,46414.98466666667,0,0,0,74,None,0.0,,,0.0,0.0,0.0,,warm,,
2025-10-20,Clothing,38880.65,40,794.94,0,10,Monday,4,43,20,2025,0,0,0,1,0,0,-0.8660254037844386,0.5000000000000001,0.0,1.0,41407.66,51977.25,50997.52,48166.875714285714,46011.089,0,0,0,73,None,0.0,,,0.0,0.0,0.0,,warm,,
2025-10-21,Clothing,45986.18,44,680.47,1,10,Tuesday,4,43,21,2025,0,0,0,1,0,0,-0.8660254037844386,0.5000000000000001,0.7818314824680298,0.6234898018587336,42670.75,48036.69,49192.97,48640.508571428574,45904.195999999996,0,0,0,72,None,0.0,,,0.0,0.0,0.0,,warm,,
2025-10-22,Clothing,47735.53,44,2122.08,2,10,Wednesday,4,43,22,2025,0,0,0,1,0,0,-0.8660254037844386,0.5000000000000001,0.9749279121818236,-0.22252093395631434,42611.09,46301.26,35874.04,49372.57142857143,46299.579,0,0,0,71,None,0.0,,,0.0,0.0,0.0,,warm,,
2025-10-23,Clothing,40380.68,48,1048.39,3,10,Thursday,4,43,23,2025,0,0,0,1,0,0,-0.8660254037844386,0.5000000000000001,0.43388373911755823,-0.900968867902419,47627.68,42500.35,33975.12,48337.28571428572,46513.097666666676,0,0,0,70,None,0.0,,,0.0,0.0,0.0,,warm,,
2025-10-24,Clothing,42484.85,42,1306.83,4,10,Friday,4,43,24,2025,0,0,0,1,0,0,-0.8660254037844386,0.5000000000000001,-0.433883739117558,-0.9009688679024191,47282.73,41254.4,33382.31,47651.874285714286,46816.515666666666,0,0,0,69,None,0.0,,,0.0,0.0,0.0,,warm,,
2025-10-25,Clothing,72178.03,84,649.24,5,10,Saturday,4,43,25,2025,1,1,0,1,0,0,-0.8660254037844386,0.5000000000000001,-0.9749279121818236,-0.2225209339563146,59734.76,51541.85,31192.76,49429.48428571428,48182.691333333336,0,0,0,68,None,0.0,,,0.0,0.0,0.0,,warm,,
2025-10-26,Clothing,54546.01,60,2493.09,6,10,Sunday,4,43,26,2025,1,1,0,1,0,0,-0.8660254037844386,0.5000000000000001,-0.7818314824680299,0.6234898018587334,58360.47,62486.63,39002.12,48884.561428571425,48700.821,0,0,0,67,None,0.0,,,0.0,0.0,0.0,,warm,,
2025-10-27,Clothing,48926.06,41,1445.71,0,10,Monday,4,44,27,2025,0,1,0,1,0,0,-0.8660254037844386,0.5000000000000001,0.0,1.0,38880.65,41407.66,49609.36,50319.619999999995,48678.04433333334,0,0,0,66,None,0.0,,,0.0,0.0,0.0,,warm,,
2025-10-28,Clothing,38135.14,40,2217.59,1,10,Tuesday,4,44,28,2025,0,1,0,1,0,0,-0.8660254037844386,0.5000000000000001,0.7818314824680298,0.6234898018587336,45986.18,42670.75,48407.76,49198.04285714286,48335.62366666667,0,0,0,65,None,0.0,,,0.0,0.0,0.0,,warm,,
2025-10-29,Clothing,46584.25,53,1049.8,2,10,Wednesday,4,44,29,2025,0,1,0,1,0,0,-0.8660254037844386,0.5000000000000001,0.9749279121818236,-0.22252093395631434,47735.53,42611.09,34142.24,49033.57428571429,48750.35733333333,0,0,0,64,None,0.0,,,0.0,0.0,0.0,,warm,,
2025-10-30,Clothing,46542.26,55,724.92,3,10,Thursday,4,44,30,2025,0,1,0,1,0,0,-0.8660254037844386,0.5000000000000001,0.43388373911755823,-0.900968867902419,40380.68,47627.68,36799.68,49913.8,49075.11,0,0,0,63,None,0.0,,,0.0,0.0,0.0,,warm,,
2025-10-31,Clothing,50981.19,52,1820.44,4,10,Friday,4,44,31,2025,0,1,0,1,0,0,-0.8660254037844386,0.5000000000000001,-0.433883739117558,-0.9009688679024191,42484.85,47282.73,43021.21,51127.56285714286,49340.44266666666,0,0,0,62,None,0.0,,,0.0,0.0,0.0,,warm,,
2025-11-01,Clothing,56640.92,65,1421.97,5,11,Saturday,4,44,1,2025,1,0,1,1,0,0,-0.5000000000000004,0.8660254037844384,-0.9749279121818236,-0.2225209339563146,72178.03,59734.76,46201.73,48907.97571428572,49688.41566666667,0,0,0,61,None,0.0,,,0.0,0.0,0.0,,warm,,
2025-11-02,Clothing,56612.61,53,2300.36,6,11,Sunday,4,44,2,2025,1,0,1,1,0,0,-0.5000000000000004,0.8660254037844384,-0.7818314824680299,0.6234898018587334,54546.01,58360.47,51342.06,49203.20428571429,49864.100666666665,0,0,0,60,None,0.0,,,0.0,0.0,0.0,,warm,,
2025-11-03,Clothing,42964.62,50,1554.89,0,11,Monday,4,45,3,2025,0,0,1,1,0,0,-0.5000000000000004,0.8660254037844384,0.0,1.0,48926.06,38880.65,70345.9,48351.57,48951.39133333333,0,0,0,59,None,0.0,,,0.0,0.0,0.0,,warm,,
2025-11-04,Clothing,46914.56,43,678.27,1,11,Tuesday,4,45,4,2025,0,0,1,1,0,0,-0.5000000000000004,0.8660254037844384,0.7818314824680298,0.6234898018587336,38135.14,45986.18,55169.19,49605.77285714285,48676.237,0,0,0,58,None,0.0,,,0.0,0.0,0.0,,warm,,
2025-11-05,Clothing,51765.29,46,1814.08,2,11,Wednesday,4,45,5,2025,0,0,1,1,0,0,-0.5000000000000004,0.8660254037844384,0.9749279121818236,-0.22252093395631434,46584.25,47735.53,51977.25,50345.92142857143,48669.17166666666,0,0,0,57,None,0.0,,,0.0,0.0,0.0,,warm,,
2025-11-06,Clothing,35812.19,34,738.65,3,11,Thursday,4,45,6,2025,0,0,0,1,0,0,-0.5000000000000004,0.8660254037844384,0.43388373911755823,-0.900968867902419,46542.26,40380.68,48036.69,48813.05428571429,48261.68833333334,0,0,0,56,None,0.0,,,0.0,0.0,0.0,,warm,,
2025-11-07,Clothing,53089.59,45,1206.7,4,11,Friday,4,45,7,2025,0,0,0,1,0,0,-0.5000000000000004,0.8660254037844384,-0.433883739117558,-0.9009688679024191,50981.19,42484.85,46301.26,49114.25428571428,48487.966,0,0,0,55,None,0.0,,,0.0,0.0,0.0,,warm,,
2025-11-08,Clothing,66367.15,76,1108.2,5,11,Saturday,4,45,8,2025,1,0,0,1,0,0,-0.5000000000000004,0.8660254037844384,-0.9749279121818236,-0.2225209339563146,56640.92,72178.03,42500.35,50503.71571428572,49283.526,0,0,0,54,None,0.0,,,0.0,0.0,0.0,,warm,,
2025-11-09,Clothing,66188.3,75,2145.61,6,11,Sunday,4,45,9,2025,1,0,0,1,0,0,-0.5000000000000004,0.8660254037844384,-0.7818314824680299,0.6234898018587334,56612.61,54546.01,41254.4,51871.67142857143,50114.656,0,0,0,53,None,0.0,,,0.0,0.0,0.0,,warm,,
2025-11-10,Clothing,45889.2,47,1545.0,0,11,Monday,4,46,10,2025,0,0,0,1,0,0,-0.5000000000000004,0.8660254037844384,0.0,1.0,42964.62,48926.06,51541.85,52289.46857142857,49926.234333333334,0,0,0,52,None,0.0,,,0.0,0.0,0.0,,warm,,
2025-11-11,Clothing,42068.62,44,1540.3,1,11,Tuesday,4,46,11,2025,0,0,0,1,0,0,-0.5000000000000004,0.8660254037844384,0.7818314824680298,0.6234898018587336,46914.56,38135.14,62486.63,51597.19142857143,49245.634,0,0,0,51,None,0.0,,,0.0,0.0,0.0,,warm,,
2025-11-12,Clothing,42418.35,35,1366.18,2,11,Wednesday,4,46,12,2025,0,0,0,1,0,0,-0.5000000000000004,0.8660254037844384,0.9749279121818236,-0.22252093395631434,51765.29,46584.25,41407.66,50261.91428571428,49279.32366666666,0,0,0,50,None,0.0,,,0.0,0.0,0.0,,warm,,
2025-11-13,Clothing,45171.02,43,2052.37,3,11,Thursday,4,46,13,2025,0,0,0,1,0,0,-0.5000000000000004,0.8660254037844384,0.43388373911755823,-0.900968867902419,35812.19,46542.26,42670.75,51598.89,49362.666,0,0,0,49,None,0.0,,,0.0,0.0,0.0,,warm,,
2025-11-14,Clothing,37491.37,38,1659.88,4,11,Friday,4,46,14,2025,0,0,0,1,0,0,-0.5000000000000004,0.8660254037844384,-0.433883739117558,-0.9009688679024191,53089.59,50981.19,42611.09,49370.572857142855,49192.00866666667,0,0,0,48,None,0.0,,,0.0,0.0,0.0,,warm,,
2025-11-15,Clothing,53303.47,45,1232.78,5,11,Saturday,4,46,15,2025,1,0,0,1,0,0,-0.5000000000000004,0.8660254037844384,-0.9749279121818236,-0.2225209339563146,66367.15,56640.92,47627.68,47504.33285714285,49381.20166666666,0,0,0,47,None,0.0,,,0.0,0.0,0.0,,warm,,
2025-11-16,Clothing,57962.28,57,2482.17,6,11,Sunday,4,46,16,2025,1,0,0,1,0,0,-0.5000000000000004,0.8660254037844384,-0.7818314824680299,0.6234898018587334,66188.3,56612.61,47282.73,46329.18714285714,49737.18666666666,0,0,0,46,None,0.0,,,0.0,0.0,0.0,,warm,,
2025-11-17,Clothing,47935.45,45,2149.92,0,11,Monday,4,47,17,2025,0,0,0,1,0,0,-0.5000000000000004,0.8660254037844384,0.0,1.0,45889.2,42964.62,59734.76,46621.508571428574,49343.876333333326,0,0,0,45,None,0.0,,,0.0,0.0,0.0,,warm,,
2025-11-18,Clothing,46781.12,41,650.63,1,11,Tuesday,4,47,18,2025,0,0,0,1,0,0,-0.5000000000000004,0.8660254037844384,0.7818314824680298,0.6234898018587336,42068.62,46914.56,58360.47,47294.72285714286,48957.898,0,0,0,44,None,0.0,,,0.0,0.0,0.0,,warm,,
2025-11-19,Clothing,44885.01,40,1512.85,2,11,Wednesday,4,47,19,2025,0,0,0,1,0,0,-0.5000000000000004,0.8660254037844384,0.9749279121818236,-0.22252093395631434,42418.35,51765.29,38880.65,47647.10285714286,49158.043333333335,0,0,0,43,None,0.0,,,0.0,0.0,0.0,,warm,,
2025-11-20,Clothing,32181.56,29,2401.59,3,11,Thursday,4,47,20,2025,0,0,0,1,0,0,-0.5000000000000004,0.8660254037844384,0.43388373911755823,-0.900968867902419,45171.02,35812.19,45986.18,45791.46571428572,48697.88933333334,0,0,0,42,None,0.0,,,0.0,0.0,0.0,,warm,,
2025-11-21,Clothing,39173.93,32,1761.81,4,11,Friday,4,47,21,2025,0,0,0,1,0,0,-0.5000000000000004,0.8660254037844384,-0.433883739117558,-0.9009688679024191,37491.37,53089.59,47735.53,46031.83142857143,48412.50266666667,0,0,0,41,None,0.0,,,0.0,0.0,0.0,,warm,,
2025-11-22,Clothing,63648.02,55,1508.9,5,11,Saturday,4,47,22,2025,1,0,0,1,0,0,-0.5000000000000004,0.8660254037844384,-0.9749279121818236,-0.2225209339563146,53303.47,66367.15,40380.68,47509.624285714286,49188.08066666666,0,0,0,40,None,0.0,,,0.0,0.0,0.0,,warm,,
2025-11-23,Clothing,51293.76,43,1893.42,6,11,Sunday,4,47,23,2025,1,0,0,1,0,0,-0.5000000000000004,0.8660254037844384,-0.7818314824680299,0.6234898018587334,57962.28,66188.3,42484.85,46556.97857142857,49481.711,0,0,0,39,None,0.0,,,0.0,0.0,0.0,,warm,,
2025-11-24,Clothing,43428.34,45,2065.23,0,11,Monday,4,48,24,2025,0,0,0,1,0,0,-0.5000000000000004,0.8660254037844384,0.0,1.0,47935.45,45889.2,72178.03,45913.10571428571,48523.388000000006,0,0,0,38,None,0.0,,,0.0,0.0,0.0,,warm,,
2025-11-25,Clothing,49636.28,57,1689.61,1,11,Tuesday,4,48,25,2025,0,1,0,1,0,0,-0.5000000000000004,0.8660254037844384,0.7818314824680298,0.6234898018587336,46781.12,42068.62,54546.01,46320.985714285714,48359.73033333333,0,0,0,37,None,0.0,,,0.0,0.0,0.0,,warm,,
2025-11-26,Clothing,44832.5,38,750.16,2,11,Wednesday,4,48,26,2025,0,1,0,1,0,0,-0.5000000000000004,0.8660254037844384,0.9749279121818236,-0.22252093395631434,44885.01,42418.35,48926.06,46313.48428571429,48223.27833333333,0,0,0,36,None,0.0,,,0.0,0.0,0.0,,warm,,
2025-11-27,Clothing,45353.86,39,1116.08,3,11,Thursday,4,48,27,2025,0,1,0,1,0,0,-0.5000000000000004,0.8660254037844384,0.43388373911755823,-0.900968867902419,32181.56,45171.02,38135.14,48195.241428571426,48463.90233333334,0,0,0,35,None,0.0,,,0.0,0.0,0.0,,warm,,
2025-11-28,Clothing,31966.85,34,699.73,4,11,Friday,4,48,28,2025,0,1,0,1,0,0,-0.5000000000000004,0.8660254037844384,-0.433883739117558,-0.9009688679024191,39173.93,37491.37,46584.25,47165.65857142857,47976.65566666667,0,0,0,34,None,0.0,,,0.0,0.0,0.0,,warm,,
2025-11-29,Clothing,64472.6,73,1373.12,5,11,Saturday,4,48,29,2025,1,1,0,1,0,0,-0.5000000000000004,0.8660254037844384,-0.9749279121818236,-0.2225209339563146,63648.02,53303.47,46542.26,47283.45571428571,48574.333666666666,0,0,0,33,None,0.0,,,0.0,0.0,0.0,,warm,,
2025-11-30,Clothing,62070.9,52,769.98,6,11,Sunday,4,48,30,2025,1,1,0,1,0,0,-0.5000000000000004,0.8660254037844384,-0.7818314824680299,0.6234898018587334,51293.76,57962.28,50981.19,48823.04714285714,48943.99066666667,0,0,0,32,None,0.0,,,0.0,0.0,0.0,,warm,,
2025-12-01,Clothing,55815.37,62,2374.45,0,12,Monday,4,49,1,2025,0,0,1,1,0,0,-2.4492935982947064e-16,1.0,0.0,1.0,43428.34,47935.45,56640.92,50592.62285714286,48916.47233333333,0,0,0,31,None,0.0,,,0.0,0.0,0.0,,warm,,
2025-12-02,Clothing,50341.64,62,1166.95,1,12,Tuesday,4,49,2,2025,0,0,1,1,0,0,-2.4492935982947064e-16,1.0,0.7818314824680298,0.6234898018587336,49636.28,46781.12,56612.61,50693.388571428564,48707.44000000001,0,0,0,30,None,0.0,,,0.0,0.0,0.0,,warm,,
2025-12-03,Clothing,46361.86,53,2217.01,2,12,Wednesday,4,49,3,2025,0,0,1,1,0,0,-2.4492935982947064e-16,1.0,0.9749279121818236,-0.22252093395631434,44832.5,44885.01,42964.62,50911.86857142857,48820.681333333334,0,0,0,29,None,0.0,,,0.0,0.0,0.0,,warm,,
2025-12-04,Clothing,46898.64,58,1999.57,3,12,Thursday,4,49,4,2025,0,0,1,1,0,0,-2.4492935982947064e-16,1.0,0.43388373911755823,-0.900968867902419,45353.86,32181.56,46914.56,51132.55142857142,48820.15066666667,0,0,0,28,None,0.0,,,0.0,0.0,0.0,,warm,,
2025-12-05,Clothing,50352.62,47,1223.06,4,12,Friday,4,49,5,2025,0,0,1,1,0,0,-2.4492935982947064e-16,1.0,-0.433883739117558,-0.9009688679024191,31966.85,39173.93,51765.29,53759.090000000004,48773.06166666667,0,0,0,27,None,0.0,,,0.0,0.0,0.0,,warm,,
2025-12-06,Clothing,69107.42,69,1047.49,5,12,Saturday,4,49,6,2025,1,0,0,1,0,0,-2.4492935982947064e-16,1.0,-0.9749279121818236,-0.2225209339563146,64472.6,63648.02,35812.19,54421.20714285715,49882.90266666666,0,0,0,26,None,0.0,,,0.0,0.0,0.0,,warm,,
2025-12-07,Clothing,54090.13,46,1048.97,6,12,Sunday,4,49,7,2025,1,0,0,1,0,0,-2.4492935982947064e-16,1.0,-0.7818314824680299,0.6234898018587334,62070.9,51293.76,53089.59,53281.09714285714,49916.254,0,0,0,25,None,0.0,,,0.0,0.0,0.0,,warm,,
2025-12-08,Clothing,35309.74,30,823.09,0,12,Monday,4,50,8,2025,0,0,0,1,0,0,-2.4492935982947064e-16,1.0,0.0,1.0,55815.37,43428.34,66367.15,50351.721428571436,48881.007,0,0,0,24,None,0.0,,,0.0,0.0,0.0,,warm,,
2025-12-09,Clothing,41903.32,37,1309.89,1,12,Tuesday,4,50,9,2025,0,0,0,1,0,0,-2.4492935982947064e-16,1.0,0.7818314824680298,0.6234898018587336,50341.64,49636.28,66188.3,49146.24714285714,48071.50766666667,0,0,0,23,None,0.0,,,0.0,0.0,0.0,,warm,,
2025-12-10,Clothing,55309.24,46,1732.05,2,12,Wednesday,4,50,10,2025,0,0,0,1,0,0,-2.4492935982947064e-16,1.0,0.9749279121818236,-0.22252093395631434,46361.86,44832.5,45889.2,50424.444285714286,48385.509,0,0,0,22,None,0.0,,,0.0,0.0,0.0,,warm,,
2025-12-11,Clothing,51229.23,47,2315.49,3,12,Thursday,4,50,11,2025,0,0,0,1,0,0,-2.4492935982947064e-16,1.0,0.43388373911755823,-0.900968867902419,46898.64,45353.86,42068.62,51043.1,48690.86266666667,0,0,0,21,None,0.0,,,0.0,0.0,0.0,,warm,,
2025-12-12,Clothing,46265.36,42,1528.77,4,12,Friday,4,50,12,2025,0,0,0,1,0,0,-2.4492935982947064e-16,1.0,-0.433883739117558,-0.9009688679024191,50352.62,31966.85,42418.35,50459.205714285716,48819.09633333333,0,0,0,20,None,0.0,,,0.0,0.0,0.0,,warm,,
2025-12-13,Clothing,50465.29,48,1878.26,5,12,Saturday,4,50,13,2025,1,0,0,1,0,0,-2.4492935982947064e-16,1.0,-0.9749279121818236,-0.2225209339563146,69107.42,64472.6,45171.02,47796.04428571429,48995.572,0,0,0,19,None,0.0,,,0.0,0.0,0.0,,warm,,
2025-12-14,Clothing,69206.41,68,1254.6,6,12,Sunday,4,50,14,2025,1,0,0,1,0,0,-2.4492935982947064e-16,1.0,-0.7818314824680299,0.6234898018587334,54090.13,62070.9,37491.37,49955.51285714286,50052.740000000005,0,0,0,18,None,0.0,,,0.0,0.0,0.0,,warm,,
2025-12-15,Clothing,40578.81,40,941.96,0,12,Monday,4,51,15,2025,0,0,0,1,0,0,-2.4492935982947064e-16,1.0,0.0,1.0,35309.74,55815.37,53303.47,50708.23714285714,49628.58466666667,0,0,0,17,None,0.0,,,0.0,0.0,0.0,,warm,,
2025-12-16,Clothing,38996.89,39,1313.73,1,12,Tuesday,4,51,16,2025,0,0,0,1,0,0,-2.4492935982947064e-16,1.0,0.7818314824680298,0.6234898018587336,41903.32,50341.64,57962.28,50293.03285714286,48996.405000000006,0,0,0,16,None,0.0,,,0.0,0.0,0.0,,warm,,
2025-12-17,Clothing,44911.63,51,1982.93,2,12,Wednesday,4,51,17,2025,0,0,0,1,0,0,-2.4492935982947064e-16,1.0,0.9749279121818236,-0.22252093395631434,55309.24,46361.86,47935.45,48807.659999999996,48895.611000000004,0,0,0,15,None,0.0,,,0.0,0.0,0.0,,warm,,
2025-12-18,Clothing,43067.68,40,1320.63,3,12,Thursday,4,51,18,2025,0,0,0,1,0,0,-2.4492935982947064e-16,1.0,0.43388373911755823,-0.900968867902419,51229.23,46898.64,46781.12,47641.724285714285,48771.829666666665,0,0,0,14,None,0.0,,,0.0,0.0,0.0,,warm,,
2025-12-19,Clothing,41841.04,51,2138.01,4,12,Friday,4,51,19,2025,0,0,0,1,0,0,-2.4492935982947064e-16,1.0,-0.433883739117558,-0.9009688679024191,46265.36,50352.62,44885.01,47009.67857142857,48670.363999999994,0,0,0,13,None,0.0,,,0.0,0.0,0.0,,warm,,
2025-12-20,Clothing,56540.6,49,1936.24,5,12,Saturday,4,51,20,2025,1,0,0,1,0,0,-2.4492935982947064e-16,1.0,-0.9749279121818236,-0.2225209339563146,50465.29,69107.42,32181.56,47877.579999999994,49482.332,0,0,0,12,None,0.0,,,0.0,0.0,0.0,,warm,,
2025-12-21,Clothing,56658.54,68,866.26,6,12,Sunday,4,51,21,2025,1,0,0,1,0,0,-2.4492935982947064e-16,1.0,-0.7818314824680299,0.6234898018587334,69206.41,54090.13,39173.93,46085.02714285714,50065.15233333334,0,0,0,11,None,0.0,,,0.0,0.0,0.0,,warm,,
2025-12-22,Clothing,46394.19,50,1173.35,0,12,Monday,4,52,22,2025,0,0,0,1,0,0,-2.4492935982947064e-16,1.0,0.0,1.0,40578.81,35309.74,63648.02,46915.79571428571,49490.024666666664,0,0,0,10,None,0.0,,,0.0,0.0,0.0,,warm,,
2025-12-23,Clothing,45197.15,38,2332.0,1,12,Tuesday,4,52,23,2025,0,0,0,1,0,0,-2.4492935982947064e-16,1.0,0.7818314824680298,0.6234898018587336,38996.89,41903.32,51293.76,47801.54714285714,49286.804333333326,0,0,0,9,None,0.0,,,0.0,0.0,0.0,,warm,,
2025-12-24,Clothing,38835.89,36,1205.6,2,12,Wednesday,4,52,24,2025,0,0,0,1,0,0,-2.4492935982947064e-16,1.0,0.9749279121818236,-0.22252093395631434,44911.63,55309.24,43428.34,46933.58428571428,49133.722666666676,0,0,0,8,None,0.0,,,0.0,0.0,0.0,,warm,,
2025-12-25,Clothing,52549.65,55,2229.33,3,12,Thursday,4,52,25,2025,0,1,0,1,0,0,-2.4492935982947064e-16,1.0,0.43388373911755823,-0.900968867902419,43067.68,51229.23,49636.28,48288.15142857143,49230.835,0,0,0,7,None,0.0,,,0.0,0.0,0.0,,warm,,
2025-12-26,Clothing,44083.89,47,986.34,4,12,Friday,4,52,26,2025,0,1,0,1,0,0,-2.4492935982947064e-16,1.0,-0.433883739117558,-0.9009688679024191,41841.04,46265.36,44832.5,48608.55857142858,49205.88133333334,0,0,0,6,None,0.0,,,0.0,0.0,0.0,,warm,,
2025-12-27,Clothing,60957.06,61,1879.98,5,12,Saturday,4,52,27,2025,1,1,0,1,0,0,-2.4492935982947064e-16,1.0,-0.9749279121818236,-0.2225209339563146,56540.6,50465.29,45353.86,49239.48142857144,49725.988,0,0,0,5,None,0.0,,,0.0,0.0,0.0,,warm,,
2025-12-28,Clothing,65813.69,62,996.89,6,12,Sunday,4,52,28,2025,1,1,0,1,0,0,-2.4492935982947064e-16,1.0,-0.7818314824680299,0.6234898018587334,56658.54,69206.41,31966.85,50547.36,50854.216,0,0,0,4,None,0.0,,,0.0,0.0,0.0,,warm,,
2025-12-29,Clothing,52526.58,44,1509.95,0,12,Monday,4,1,29,2025,0,1,0,1,0,0,-2.4492935982947064e-16,1.0,0.0,1.0,46394.19,40578.81,64472.6,51423.41571428571,50456.01533333333,0,0,0,3,None,0.3,,,0.0,0.0,0.0,,warm,,
2025-12-30,Clothing,45342.02,43,1613.94,1,12,Tuesday,4,1,30,2025,0,1,0,1,0,0,-2.4492935982947064e-16,1.0,0.7818314824680298,0.6234898018587336,45197.15,38996.89,62070.9,51444.111428571436,49898.38599999999,0,0,0,2,None,0.3,,,0.0,0.0,0.0,,warm,,
2025-12-31,Clothing,44499.48,46,2337.23,2,12,Wednesday,4,1,31,2025,0,1,0,1,0,0,-2.4492935982947064e-16,1.0,0.9749279121818236,-0.22252093395631434,38835.89,44911.63,55815.37,52253.19571428571,49521.189666666665,0,1,0,1,None,0.25,,,0.0,0.0,0.0,,warm,,
2026-01-01,Clothing,31827.41,28,1700.37,3,1,Thursday,1,1,1,2026,0,0,1,0,0,0,0.49999999999999994,0.8660254037844387,0.43388373911755823,-0.900968867902419,52549.65,43067.68,50341.64,49292.875714285714,48904.04866666666,1,0,0,0,Optional holiday,0.5,,,0.0,0.0,0.0,,warm,,
2026-01-02,Clothing,36957.99,32,2392.58,4,1,Friday,1,1,2,2026,0,0,1,0,0,0,0.49999999999999994,0.8660254037844387,-0.433883739117558,-0.9009688679024191,44083.89,41841.04,46361.86,48274.89,48590.58633333333,0,1,1,1,None,0.25,,,0.0,0.0,0.0,,warm,,
2026-01-03,Clothing,39882.5,40,921.6,5,1,Saturday,1,1,3,2026,1,0,1,0,0,0,0.49999999999999994,0.8660254037844387,-0.9749279121818236,-0.2225209339563146,60957.06,56540.6,46898.64,45264.23857142857,48356.715000000004,1,0,0,0,Optional holiday,0.5,,,0.0,0.0,0.0,,warm,,
2026-01-04,Clothing,33063.37,39,2395.86,6,1,Sunday,1,1,4,2026,1,0,1,0,0,0,0.49999999999999994,0.8660254037844387,-0.7818314824680299,0.6234898018587334,65813.69,56658.54,50352.62,40585.62142857142,47780.40666666666,0,0,1,10,None,0.15,,,0.0,0.0,0.0,,warm,,
2026-01-05,Clothing,37479.0,41,1560.89,0,1,Monday,1,2,5,2026,0,0,1,0,0,0,0.49999999999999994,0.8660254037844387,0.0,1.0,52526.58,46394.19,69107.42,38435.96714285714,46726.126000000004,0,0,0,9,None,0.0,,,0.0,0.0,0.0,,warm,,
2026-01-06,Clothing,32757.23,40,1611.2,1,1,Tuesday,1,2,6,2026,0,0,0,0,0,0,0.49999999999999994,0.8660254037844387,0.7818314824680298,0.6234898018587336,45342.02,45197.15,54090.13,36638.14,46015.02933333333,0,0,0,8,None,0.0,,,0.0,0.0,0.0,,warm,,
2026-01-07,Clothing,32976.13,28,1880.66,2,1,Wednesday,1,2,7,2026,0,0,0,0,0,0,0.49999999999999994,0.8660254037844387,0.9749279121818236,-0.22252093395631434,44499.48,38835.89,35309.74,34991.94714285714,45937.242333333335,0,0,0,7,None,0.0,,,0.0,0.0,0.0,,warm,,
2026-01-08,Clothing,30084.54,30,1107.92,3,1,Thursday,1,2,8,2026,0,0,0,0,0,0,0.49999999999999994,0.8660254037844387,0.43388373911755823,-0.900968867902419,31827.41,52549.65,41903.32,34742.96571428572,45543.283,0,0,0,6,None,0.0,,,0.0,0.0,0.0,,warm,,
2026-01-09,Clothing,32453.3,38,1842.1,4,1,Friday,1,2,9,2026,0,0,0,0,0,0,0.49999999999999994,0.8660254037844387,-0.433883739117558,-0.9009688679024191,36957.99,44083.89,55309.24,34099.438571428575,44781.41833333333,0,0,0,5,None,0.0,,,0.0,0.0,0.0,,warm,,
2026-01-10,Clothing,36186.29,31,925.63,5,1,Saturday,1,2,10,2026,1,0,0,0,0,0,0.49999999999999994,0.8660254037844387,-0.9749279121818236,-0.2225209339563146,39882.5,60957.06,51229.23,33571.408571428576,44279.986999999994,0,0,0,4,None,0.0,,,0.0,0.0,0.0,,warm,,
2026-01-11,Clothing,42645.26,51,1036.56,6,1,Sunday,1,2,11,2026,1,0,0,0,0,0,0.49999999999999994,0.8660254037844387,-0.7818314824680299,0.6234898018587334,33063.37,65813.69,46265.36,34940.25,44159.317,0,0,0,3,None,0.3,,,0.0,0.0,0.0,,warm,,
2026-01-12,Clothing,27181.99,24,1850.41,0,1,Monday,1,3,12,2026,0,0,0,0,0,0,0.49999999999999994,0.8660254037844387,0.0,1.0,37479.0,52526.58,50465.29,33469.24857142857,43383.207,0,0,0,2,None,0.3,,,0.0,0.0,0.0,,warm,,
2026-01-13,Clothing,33656.29,33,2364.86,1,1,Tuesday,1,3,13,2026,0,0,0,0,0,0,0.49999999999999994,0.8660254037844387,0.7818314824680298,0.6234898018587336,32757.23,45342.02,69206.41,33597.68571428572,42198.202999999994,0,1,0,1,None,0.25,,,0.0,0.0,0.0,,warm,,
2026-01-14,Clothing,28159.79,23,2005.52,2,1,Wednesday,1,3,14,2026,0,0,0,0,0,0,0.49999999999999994,0.8660254037844387,0.9749279121818236,-0.22252093395631434,32976.13,44499.48,40578.81,32909.637142857144,41784.23566666667,1,0,0,0,Hinduism,0.5,,,0.0,0.0,0.0,,warm,,
2026-01-15,Clothing,30009.14,35,1247.13,3,1,Thursday,1,3,15,2026,0,0,0,0,0,0,0.49999999999999994,0.8660254037844387,0.43388373911755823,-0.900968867902419,30084.54,31827.41,38996.89,32898.86571428571,41484.64399999999,0,0,1,8,None,0.15,,,0.0,0.0,0.0,,warm,,
2026-01-16,Clothing,22338.24,21,1532.15,4,1,Friday,1,3,16,2026,0,0,0,0,0,0,0.49999999999999994,0.8660254037844387,-0.433883739117558,-0.9009688679024191,32453.3,36957.99,44911.63,31453.85714285715,40732.19766666667,0,0,0,7,None,0.0,,,0.0,0.0,0.0,,warm,,
2026-01-17,Clothing,33201.98,29,1161.22,5,1,Saturday,1,3,17,2026,1,0,0,0,0,0,0.49999999999999994,0.8660254037844387,-0.9749279121818236,-0.2225209339563146,36186.29,39882.5,43067.68,31027.527142857143,40403.34100000001,0,0,0,6,None,0.0,,,0.0,0.0,0.0,,warm,,
2026-01-18,Clothing,38287.71,38,1201.69,6,1,Sunday,1,3,18,2026,1,0,0,0,0,0,0.49999999999999994,0.8660254037844387,-0.7818314824680299,0.6234898018587334,42645.26,33063.37,41841.04,30405.02,40284.896666666675,0,0,0,5,None,0.0,,,0.0,0.0,0.0,,warm,,
2026-01-19,Clothing,31737.87,31,1452.8,0,1,Monday,1,4,19,2026,0,0,0,0,0,0,0.49999999999999994,0.8660254037844387,0.0,1.0,27181.99,37479.0,56540.6,31055.860000000004,39458.138999999996,0,0,0,4,None,0.0,,,0.0,0.0,0.0,,warm,,
2026-01-20,Clothing,29918.09,30,2241.06,1,1,Tuesday,1,4,20,2026,0,0,0,0,0,0,0.49999999999999994,0.8660254037844387,0.7818314824680298,0.6234898018587336,33656.29,32757.23,56658.54,30521.83142857143,38566.79066666667,0,0,0,3,None,0.3,,,0.0,0.0,0.0,,warm,,
2026-01-21,Clothing,35135.13,39,1902.1,2,1,Wednesday,1,4,21,2026,0,0,0,0,0,0,0.49999999999999994,0.8660254037844387,0.9749279121818236,-0.22252093395631434,28159.79,32976.13,46394.19,31518.308571428573,38191.488666666664,0,0,0,2,None,0.3,,,0.0,0.0,0.0,,warm,,
2026-01-22,Clothing,27992.78,29,1520.04,3,1,Thursday,1,4,22,2026,0,0,0,0,0,0,0.49999999999999994,0.8660254037844387,0.43388373911755823,-0.900968867902419,30009.14,30084.54,45197.15,31230.257142857146,37618.009666666665,0,1,0,1,None,0.25,,,0.0,0.0,0.0,,warm,,
2026-01-23,Clothing,28536.27,32,1178.85,4,1,Friday,1,4,23,2026,0,0,0,0,0,0,0.49999999999999994,0.8660254037844387,-0.433883739117558,-0.9009688679024191,22338.24,32453.3,38835.89,32115.69,37274.689,1,0,0,0,Hinduism,0.5,,,0.0,0.0,0.0,,warm,,
2026-01-24,Clothing,45772.05,40,2451.03,5,1,Saturday,1,4,24,2026,1,0,0,0,0,0,0.49999999999999994,0.8660254037844387,-0.9749279121818236,-0.2225209339563146,33201.98,36186.29,52549.65,33911.41428571428,37048.769,0,0,1,2,None,0.15,,,0.0,0.0,0.0,,warm,,
2026-01-25,Clothing,37755.25,39,1153.75,6,1,Sunday,1,4,25,2026,1,1,0,0,0,0,0.49999999999999994,0.8660254037844387,-0.7818314824680299,0.6234898018587334,38287.71,42645.26,44083.89,33835.34857142857,36837.81433333333,0,1,0,1,None,0.25,,,0.0,0.0,0.0,,warm,,
2026-01-26,Clothing,25958.62,23,979.62,0,1,Monday,1,5,26,2026,0,1,0,0,0,0,0.49999999999999994,0.8660254037844387,0.0,1.0,31737.87,27181.99,60957.06,33009.741428571426,35671.19966666667,1,0,0,0,National holiday,0.5,,,0.0,0.0,0.0,,warm,,
2026-01-27,Clothing,31609.96,33,2179.44,1,1,Tuesday,1,5,27,2026,0,1,0,0,0,0,0.49999999999999994,0.8660254037844387,0.7818314824680298,0.6234898018587336,29918.09,33656.29,65813.69,33251.43714285714,34531.075333333334,0,0,1,5,None,0.15,,,0.0,0.0,0.0,,warm,,
2026-01-28,Clothing,25734.57,29,1958.95,2,1,Wednesday,1,5,28,2026,0,1,0,0,0,0,0.49999999999999994,0.8660254037844387,0.9749279121818236,-0.22252093395631434,35135.13,28159.79,52526.58,31908.5,33638.00833333333,0,0,0,4,None,0.0,,,0.0,0.0,0.0,,warm,,
2026-01-29,Clothing,31668.69,38,2102.37,3,1,Thursday,1,5,29,2026,0,1,0,0,0,0,0.49999999999999994,0.8660254037844387,0.43388373911755823,-0.900968867902419,27992.78,30009.14,45342.02,32433.629999999997,33182.23066666667,0,0,0,3,None,0.3,,,0.0,0.0,0.0,,warm,,
2026-01-30,Clothing,30171.04,30,916.04,4,1,Friday,1,5,30,2026,0,1,0,0,0,0,0.49999999999999994,0.8660254037844387,-0.433883739117558,-0.9009688679024191,28536.27,22338.24,44499.48,32667.16857142857,32704.615999999998,0,0,0,2,None,0.3,,,0.0,0.0,0.0,,warm,,
2026-01-31,Clothing,44843.65,43,801.29,5,1,Saturday,1,5,31,2026,1,1,0,0,0,0,0.49999999999999994,0.8660254037844387,-0.9749279121818236,-0.2225209339563146,45772.05,33201.98,31827.41,32534.540000000005,33138.49066666667,0,1,0,1,None,0.25,,,0.0,0.0,0.0,,warm,,
2026-02-01,Clothing,48827.64,49,1343.15,6,2,Sunday,1,5,1,2026,1,0,1,0,0,0,0.8660254037844386,0.5000000000000001,-0.7818314824680299,0.6234898018587334,37755.25,38287.71,36957.99,34116.310000000005,33534.14566666667,1,0,0,0,Optional holiday,0.5,,,0.0,0.0,0.0,,warm,,
2026-02-02,Clothing,32447.21,32,2349.04,0,2,Monday,1,6,2,2026,0,0,1,0,0,0,0.8660254037844386,0.5000000000000001,0.0,1.0,25958.62,31737.87,39882.5,35043.25142857143,33286.30266666667,0,0,1,10,None,0.15,,,0.0,0.0,0.0,,warm,,
2026-02-03,Clothing,29253.93,29,1504.71,1,2,Tuesday,1,6,3,2026,0,0,1,0,0,0,0.8660254037844386,0.5000000000000001,0.7818314824680298,0.6234898018587336,31609.96,29918.09,33063.37,34706.67571428571,33159.32133333333,0,0,0,9,None,0.0,,,0.0,0.0,0.0,,warm,,
2026-02-04,Clothing,33520.42,34,1831.14,2,2,Wednesday,1,6,4,2026,0,0,1,0,0,0,0.8660254037844386,0.5000000000000001,0.9749279121818236,-0.22252093395631434,25734.57,35135.13,37479.0,35818.939999999995,33027.36866666667,0,0,0,8,None,0.0,,,0.0,0.0,0.0,,warm,,
2026-02-05,Clothing,28414.15,27,1040.53,3,2,Thursday,1,6,5,2026,0,0,1,0,0,0,0.8660254037844386,0.5000000000000001,0.43388373911755823,-0.900968867902419,31668.69,27992.78,32757.23,35354.00571428572,32882.59933333333,0,0,0,7,None,0.0,,,0.0,0.0,0.0,,warm,,
2026-02-06,Clothing,35106.64,38,1454.19,4,2,Friday,1,6,6,2026,0,0,0,0,0,0,0.8660254037844386,0.5000000000000001,-0.433883739117558,-0.9009688679024191,30171.04,28536.27,32976.13,36059.09142857143,32953.61633333334,0,0,0,6,None,0.0,,,0.0,0.0,0.0,,warm,,
2026-02-07,Clothing,43551.03,40,955.22,5,2,Saturday,1,6,7,2026,1,0,0,0,0,0,0.8660254037844386,0.5000000000000001,-0.9749279121818236,-0.2225209339563146,44843.65,45772.05,30084.54,35874.43142857143,33402.49933333333,0,0,0,5,None,0.0,,,0.0,0.0,0.0,,warm,,
2026-02-08,Clothing,35541.59,35,1761.49,6,2,Sunday,1,6,8,2026,1,0,0,0,0,0,0.8660254037844386,0.5000000000000001,-0.7818314824680299,0.6234898018587334,48827.64,37755.25,32453.3,33976.42428571429,33505.44233333333,0,0,0,4,None,0.0,,,0.0,0.0,0.0,,warm,,
2026-02-09,Clothing,35009.71,36,2345.5,0,2,Monday,1,7,9,2026,0,0,0,0,0,0,0.8660254037844386,0.5000000000000001,0.0,1.0,32447.21,25958.62,36186.29,34342.49571428572,33466.223,0,0,0,3,None,0.3,,,0.0,0.0,0.0,,warm,,
2026-02-10,Clothing,28170.65,32,1570.57,1,2,Tuesday,1,7,10,2026,0,0,0,0,0,0,0.8660254037844386,0.5000000000000001,0.7818314824680298,0.6234898018587336,29253.93,31609.96,42645.26,34187.741428571426,32983.736000000004,0,0,0,2,None,0.3,,,0.0,0.0,0.0,,warm,,
2026-02-11,Clothing,29637.16,26,2368.32,2,2,Wednesday,1,7,11,2026,0,0,0,0,0,0,0.8660254037844386,0.5000000000000001,0.9749279121818236,-0.22252093395631434,33520.42,25734.57,27181.99,33632.99,33065.575,0,1,0,1,None,0.25,,,0.0,0.0,0.0,,warm,,
2026-02-12,Clothing,28881.5,29,2408.5,3,2,Thursday,1,7,12,2026,0,0,0,0,0,0,0.8660254037844386,0.5000000000000001,0.43388373911755823,-0.900968867902419,28414.15,31668.69,33656.29,33699.75428571428,32906.41533333334,1,0,0,0,Optional holiday,0.5,,,0.0,0.0,0.0,,warm,,
2026-02-13,Clothing,25744.9,25,1949.27,4,2,Friday,1,7,13,2026,0,0,0,0,0,0,0.8660254037844386,0.5000000000000001,-0.433883739117558,-0.9009688679024191,35106.64,30171.04,28159.79,32362.362857142853,32825.919,0,1,1,1,None,0.25,,,0.0,0.0,0.0,,warm,,
2026-02-14,Clothing,50860.71,47,1148.47,5,2,Saturday,1,7,14,2026,1,0,0,0,0,0,0.8660254037844386,0.5000000000000001,-0.9749279121818236,-0.2225209339563146,43551.03,44843.65,30009.14,33406.602857142854,33520.971333333335,1,1,0,0,Observance,0.5,,,0.0,0.0,0.0,,warm,,
2026-02-15,Clothing,48849.09,52,2072.71,6,2,Sunday,1,7,15,2026,1,0,0,0,0,0,0.8660254037844386,0.5000000000000001,-0.7818314824680299,0.6234898018587334,35541.59,48827.64,22338.24,35307.67428571428,34404.666333333334,1,0,1,0,Hinduism,0.5,,,0.0,0.0,0.0,,warm,,
2026-02-16,Clothing,28346.44,33,1998.38,0,2,Monday,1,8,16,2026,0,0,0,0,0,0,0.8660254037844386,0.5000000000000001,0.0,1.0,35009.71,32447.21,33201.98,34355.77857142857,34242.814999999995,0,1,1,1,None,0.25,,,0.0,0.0,0.0,,warm,,
2026-02-17,Clothing,32089.16,38,1434.23,1,2,Tuesday,1,8,17,2026,0,0,0,0,0,0,0.8660254037844386,0.5000000000000001,0.7818314824680298,0.6234898018587336,28170.65,29253.93,38287.71,34915.565714285716,34036.19666666667,1,0,0,0,Observance,0.5,,,0.0,0.0,0.0,,warm,,
2026-02-18,Clothing,29419.02,26,1802.26,2,2,Wednesday,1,8,18,2026,0,0,0,0,0,0,0.8660254037844386,0.5000000000000001,0.9749279121818236,-0.22252093395631434,29637.16,33520.42,31737.87,34884.40285714286,33958.901666666665,0,1,1,1,None,0.25,,,0.0,0.0,0.0,,warm,,
2026-02-19,Clothing,34540.35,32,919.92,3,2,Thursday,1,8,19,2026,0,0,0,0,0,0,0.8660254037844386,0.5000000000000001,0.43388373911755823,-0.900968867902419,28881.5,28414.15,29918.09,35692.81,34112.977,1,0,0,0,Optional holiday,0.5,,,0.0,0.0,0.0,,warm,,
2026-02-20,Clothing,31746.29,36,2429.27,4,2,Friday,1,8,20,2026,0,0,0,0,0,0,0.8660254037844386,0.5000000000000001,-0.433883739117558,-0.9009688679024191,25744.9,35106.64,35135.13,36550.15142857143,34000.015666666666,0,0,1,11,None,0.15,,,0.0,0.0,0.0,,warm,,
2026-02-21,Clothing,48132.57,41,1211.98,5,2,Saturday,1,8,21,2026,1,0,0,0,0,0,0.8660254037844386,0.5000000000000001,-0.9749279121818236,-0.2225209339563146,50860.71,43551.03,27992.78,36160.41714285714,34671.342,0,0,0,10,None,0.0,,,0.0,0.0,0.0,,warm,,
2026-02-22,Clothing,33337.82,33,1458.78,6,2,Sunday,1,8,22,2026,1,0,0,0,0,0,0.8660254037844386,0.5000000000000001,-0.7818314824680299,0.6234898018587334,48849.09,35541.59,28536.27,33944.52142857143,34831.39366666667,0,0,0,9,None,0.0,,,0.0,0.0,0.0,,warm,,
2026-02-23,Clothing,31540.8,31,1463.92,0,2,Monday,1,9,23,2026,0,0,0,0,0,0,0.8660254037844386,0.5000000000000001,0.0,1.0,28346.44,35009.71,45772.05,34400.85857142857,34357.01866666666,0,0,0,8,None,0.0,,,0.0,0.0,0.0,,warm,,
2026-02-24,Clothing,35316.75,30,1280.62,1,2,Tuesday,1,9,24,2026,0,0,0,0,0,0,0.8660254037844386,0.5000000000000001,0.7818314824680298,0.6234898018587336,32089.16,28170.65,37755.25,34861.94285714286,34275.73533333333,0,0,0,7,None,0.0,,,0.0,0.0,0.0,,warm,,
2026-02-25,Clothing,27004.84,28,1241.73,2,2,Wednesday,1,9,25,2026,0,1,0,0,0,0,0.8660254037844386,0.5000000000000001,0.9749279121818236,-0.22252093395631434,29419.02,29637.16,25958.62,34517.06,34310.609333333334,0,0,0,6,None,0.0,,,0.0,0.0,0.0,,warm,,
2026-02-26,Clothing,29388.98,28,630.93,3,2,Thursday,1,9,26,2026,0,1,0,0,0,0,0.8660254037844386,0.5000000000000001,0.43388373911755823,-0.900968867902419,34540.35,28881.5,31609.96,33781.15,34236.57666666667,0,0,0,5,None,0.0,,,0.0,0.0,0.0,,warm,,
2026-02-27,Clothing,32740.75,28,1173.54,4,2,Friday,1,9,27,2026,0,1,0,0,0,0,0.8660254037844386,0.5000000000000001,-0.433883739117558,-0.9009688679024191,31746.29,25744.9,25734.57,33923.21571428572,34470.116,0,0,0,4,None,0.0,,,0.0,0.0,0.0,,warm,,
2026-02-28,Clothing,37473.79,37,1788.65,5,2,Saturday,1,9,28,2026,1,1,0,0,0,0,0.8660254037844386,0.5000000000000001,-0.9749279121818236,-0.2225209339563146,48132.57,50860.71,31668.69,32400.532857142854,34663.61933333333,0,0,0,3,None,0.3,,,0.0,0.0,0.0,,warm,,
2026-03-01,Clothing,40771.31,48,852.13,6,3,Sunday,1,9,1,2026,1,0,1,0,0,0,1.0,6.123233995736766e-17,-0.7818314824680299,0.6234898018587334,33337.82,48849.09,30171.04,33462.46,35016.96166666666,0,0,0,2,None,0.3,,,0.0,0.0,0.0,,warm,,
2026-03-02,Clothing,26237.13,25,1918.66,0,3,Monday,1,10,2,2026,0,0,1,0,0,0,1.0,6.123233995736766e-17,0.0,1.0,31540.8,28346.44,44843.65,32704.792857142857,34396.74433333333,0,1,0,1,None,0.25,,,0.0,0.0,0.0,,warm,,
2026-03-03,Clothing,25154.6,28,1327.17,1,3,Tuesday,1,10,3,2026,0,0,1,0,0,0,1.0,6.123233995736766e-17,0.7818314824680298,0.6234898018587336,35316.75,32089.16,48827.64,31253.057142857142,33607.643,1,1,0,0,Optional holiday,0.5,,,0.0,0.0,0.0,,warm,,
2026-03-04,Clothing,33445.91,29,911.82,2,3,Wednesday,1,10,4,2026,0,0,1,0,0,0,1.0,6.123233995736766e-17,0.9749279121818236,-0.22252093395631434,27004.84,29419.02,32447.21,32173.21,33640.933,1,0,1,0,National holiday,0.5,,,0.0,0.0,0.0,,warm,,
2026-03-05,Clothing,30529.32,36,2303.53,3,3,Thursday,1,10,5,2026,0,0,1,0,0,0,1.0,6.123233995736766e-17,0.43388373911755823,-0.900968867902419,29388.98,34540.35,29253.93,32336.115714285716,33683.446,0,0,1,14,None,0.15,,,0.0,0.0,0.0,,warm,,
2026-03-06,Clothing,21235.95,22,1126.24,4,3,Friday,1,10,6,2026,0,0,0,0,0,0,1.0,6.123233995736766e-17,-0.433883739117558,-0.9009688679024191,32740.75,31746.29,33520.42,30692.572857142855,33273.96366666667,0,0,0,13,None,0.0,,,0.0,0.0,0.0,,warm,,
2026-03-07,Clothing,43007.57,37,2264.07,5,3,Saturday,1,10,7,2026,1,0,0,0,0,0,1.0,6.123233995736766e-17,-0.9749279121818236,-0.2225209339563146,37473.79,48132.57,28414.15,31483.112857142853,33760.411,0,0,0,12,None,0.0,,,0.0,0.0,0.0,,warm,,
2026-03-08,Clothing,46068.25,49,1540.29,6,3,Sunday,1,10,8,2026,1,0,0,0,0,0,1.0,6.123233995736766e-17,-0.7818314824680299,0.6234898018587334,40771.31,33337.82,35106.64,32239.81857142857,34125.797999999995,0,0,0,11,None,0.0,,,0.0,0.0,0.0,,warm,,
2026-03-09,Clothing,30368.01,31,850.77,0,3,Monday,1,11,9,2026,0,0,0,0,0,0,1.0,6.123233995736766e-17,0.0,1.0,26237.13,31540.8,43551.03,32829.944285714286,33686.364,0,0,0,10,None,0.0,,,0.0,0.0,0.0,,warm,,
2026-03-10,Clothing,25310.43,23,728.31,1,3,Tuesday,1,11,10,2026,0,0,0,0,0,0,1.0,6.123233995736766e-17,0.7818314824680298,0.6234898018587336,25154.6,35316.75,35541.59,32852.205714285716,33345.32533333333,0,0,0,9,None,0.0,,,0.0,0.0,0.0,,warm,,
2026-03-11,Clothing,30896.26,25,1389.32,2,3,Wednesday,1,11,11,2026,0,0,0,0,0,0,1.0,6.123233995736766e-17,0.9749279121818236,-0.22252093395631434,33445.91,27004.84,35009.71,32487.969999999998,33208.21033333333,0,0,0,8,None,0.0,,,0.0,0.0,0.0,,warm,,
2026-03-12,Clothing,25685.17,24,2349.76,3,3,Thursday,1,11,12,2026,0,0,0,0,0,0,1.0,6.123233995736766e-17,0.43388373911755823,-0.900968867902419,30529.32,29388.98,28170.65,31795.94857142857,33125.361,0,0,0,7,None,0.0,,,0.0,0.0,0.0,,warm,,
2026-03-13,Clothing,28658.03,29,1927.48,4,3,Friday,1,11,13,2026,0,0,0,0,0,0,1.0,6.123233995736766e-17,-0.433883739117558,-0.9009688679024191,21235.95,32740.75,29637.16,32856.24571428572,33092.723333333335,0,0,0,6,None,0.0,,,0.0,0.0,0.0,,warm,,
2026-03-14,Clothing,37072.26,33,704.55,5,3,Saturday,1,11,14,2026,1,0,0,0,0,0,1.0,6.123233995736766e-17,-0.9749279121818236,-0.2225209339563146,43007.57,37473.79,28881.5,32008.344285714287,33365.74866666667,0,0,0,5,None,0.0,,,0.0,0.0,0.0,,warm,,
2026-03-15,Clothing,36631.75,34,2410.73,6,3,Sunday,1,11,15,2026,1,0,0,0,0,0,1.0,6.123233995736766e-17,-0.7818314824680299,0.6234898018587334,46068.25,40771.31,25744.9,30660.272857142856,33728.64366666667,0,0,0,4,None,0.0,,,0.0,0.0,0.0,,warm,,
2026-03-16,Clothing,34236.66,29,2284.19,0,3,Monday,1,12,16,2026,0,0,0,0,0,0,1.0,6.123233995736766e-17,0.0,1.0,30368.01,26237.13,50860.71,31212.937142857143,33174.50866666666,0,0,0,3,None,0.3,,,0.0,0.0,0.0,,warm,,
2026-03-17,Clothing,29438.57,26,1792.31,1,3,Tuesday,1,12,17,2026,0,0,0,0,0,0,1.0,6.123233995736766e-17,0.7818314824680298,0.6234898018587336,25310.43,25154.6,48849.09,31802.67142857143,32527.49133333333,0,0,0,2,None,0.3,,,0.0,0.0,0.0,,warm,,
2026-03-18,Clothing,30977.39,36,2299.11,2,3,Wednesday,1,12,18,2026,0,0,0,0,0,0,1.0,6.123233995736766e-17,0.9749279121818236,-0.22252093395631434,30896.26,33445.91,28346.44,31814.261428571426,32615.18966666667,0,1,0,1,None,0.25,,,0.0,0.0,0.0,,warm,,
2026-03-19,Clothing,30505.38,29,1291.56,3,3,Thursday,1,12,19,2026,0,0,0,0,0,0,1.0,6.123233995736766e-17,0.43388373911755823,-0.900968867902419,25685.17,30529.32,32089.16,32502.86285714286,32562.397,1,1,0,0,Hinduism,0.5,,,0.0,0.0,0.0,,warm,,
2026-03-20,Clothing,29645.79,31,1390.89,4,3,Friday,1,12,20,2026,0,0,0,0,0,0,1.0,6.123233995736766e-17,-0.433883739117558,-0.9009688679024191,28658.03,21235.95,29419.02,32643.971428571433,32569.956,1,1,1,0,Optional holiday,0.5,,,0.0,0.0,0.0,,warm,,
2026-03-21,Clothing,36452.83,34,2464.69,5,3,Saturday,1,12,21,2026,1,0,0,0,0,0,1.0,6.123233995736766e-17,-0.9749279121818236,-0.2225209339563146,37072.26,43007.57,34540.35,32555.481428571427,32633.705333333335,1,0,1,0,National holiday,0.5,,,0.0,0.0,0.0,,warm,,
2026-03-22,Clothing,39014.36,37,615.14,6,3,Sunday,1,12,22,2026,1,0,0,0,0,0,1.0,6.123233995736766e-17,-0.7818314824680299,0.6234898018587334,36631.75,46068.25,31746.29,32895.85428571428,32875.97433333333,0,0,1,4,None,0.15,,,0.0,0.0,0.0,,warm,,
2026-03-23,Clothing,33651.48,28,2074.18,0,3,Monday,1,13,23,2026,0,0,0,0,0,0,1.0,6.123233995736766e-17,0.0,1.0,34236.66,30368.01,48132.57,32812.25714285714,32393.271333333334,0,0,0,3,None,0.3,,,0.0,0.0,0.0,,warm,,
2026-03-24,Clothing,29927.41,27,1258.21,1,3,Tuesday,1,13,24,2026,0,0,0,0,0,0,1.0,6.123233995736766e-17,0.7818314824680298,0.6234898018587336,29438.57,25310.43,33337.82,32882.091428571424,32279.591,0,0,0,2,None,0.3,,,0.0,0.0,0.0,,warm,,
2026-03-25,Clothing,28606.15,33,989.87,2,3,Wednesday,1,13,25,2026,0,1,0,0,0,0,1.0,6.123233995736766e-17,0.9749279121818236,-0.22252093395631434,30977.39,30896.26,31540.8,32543.342857142856,32181.769333333337,0,1,0,1,None,0.25,,,0.0,0.0,0.0,,warm,,
2026-03-26,Clothing,28575.29,31,2304.85,3,3,Thursday,1,13,26,2026,0,1,0,0,0,0,1.0,6.123233995736766e-17,0.43388373911755823,-0.900968867902419,30505.38,25685.17,35316.75,32267.615714285716,31957.054,1,0,0,0,National holiday,0.5,,,0.0,0.0,0.0,,warm,,
2026-03-27,Clothing,26999.01,23,2157.93,4,3,Friday,1,13,27,2026,0,1,0,0,0,0,1.0,6.123233995736766e-17,-0.433883739117558,-0.9009688679024191,29645.79,28658.03,27004.84,31889.504285714287,31956.859666666664,0,0,1,4,None,0.15,,,0.0,0.0,0.0,,warm,,
2026-03-28,Clothing,42481.21,42,1931.38,5,3,Saturday,1,13,28,2026,1,1,0,0,0,0,1.0,6.123233995736766e-17,-0.9749279121818236,-0.2225209339563146,36452.83,37072.26,29388.98,32750.70142857143,32393.267333333333,0,0,0,3,None,0.3,,,0.0,0.0,0.0,,warm,,
2026-03-29,Clothing,43223.92,39,807.05,6,3,Sunday,1,13,29,2026,1,1,0,0,0,0,1.0,6.123233995736766e-17,-0.7818314824680299,0.6234898018587334,39014.36,36631.75,32740.75,33352.06714285714,32742.70633333333,0,0,0,2,None,0.3,,,0.0,0.0,0.0,,warm,,
2026-03-30,Clothing,29638.86,30,1480.36,0,3,Monday,1,14,30,2026,0,1,0,0,0,0,1.0,6.123233995736766e-17,0.0,1.0,33651.48,34236.66,37473.79,32778.83571428571,32481.542,0,1,0,1,None,0.25,,,0.0,0.0,0.0,,warm,,
2026-03-31,Clothing,30995.94,32,881.82,1,3,Tuesday,1,14,31,2026,0,1,0,0,0,0,1.0,6.123233995736766e-17,0.7818314824680298,0.6234898018587336,29927.41,29438.57,40771.31,32931.48285714286,32155.696333333333,1,0,0,0,National holiday,0.5,,,0.0,0.0,0.0,,warm,,
2026-04-01,Clothing,24838.16,27,659.06,2,4,Wednesday,2,14,1,2026,0,0,1,0,1,0,0.8660254037844387,-0.4999999999999998,0.9749279121818236,-0.22252093395631434,28606.15,30977.39,26237.13,32393.198571428573,32109.064,0,1,1,1,None,0.25,,,0.0,0.0,0.0,,warm,,
2026-04-02,Clothing,24133.29,27,830.76,3,4,Thursday,2,14,2,2026,0,0,1,0,1,0,0.8660254037844387,-0.4999999999999998,0.43388373911755823,-0.900968867902419,28575.29,30505.38,25154.6,31758.627142857145,32075.020333333334,1,1,0,0,Observance,0.5,,,0.0,0.0,0.0,,warm,,
2026-04-03,Clothing,24609.24,29,1706.42,4,4,Friday,2,14,3,2026,0,0,1,0,1,0,0.8660254037844387,-0.4999999999999998,-0.433883739117558,-0.9009688679024191,26999.01,29645.79,33445.91,31417.231428571427,31780.464666666663,1,0,1,0,National holiday,0.5,,,0.0,0.0,0.0,,warm,,
2026-04-04,Clothing,30797.7,35,774.76,5,4,Saturday,2,14,4,2026,1,0,1,0,1,0,0.8660254037844387,-0.4999999999999998,-0.9749279121818236,-0.2225209339563146,42481.21,36452.83,30529.32,29748.15857142857,31789.41066666667,0,1,1,1,None,0.25,,,0.0,0.0,0.0,,warm,,
2026-04-05,Clothing,33843.83,41,1327.19,6,4,Sunday,2,14,5,2026,1,0,1,0,1,0,0.8660254037844387,-0.4999999999999998,-0.7818314824680299,0.6234898018587334,43223.92,39014.36,21235.95,28408.145714285718,32209.673333333332,1,0,0,0,Optional holiday,0.5,,,0.0,0.0,0.0,,warm,,
2026-04-06,Clothing,27986.75,25,1772.26,0,4,Monday,2,15,6,2026,0,0,0,0,1,0,0.8660254037844387,-0.4999999999999998,0.0,1.0,29638.86,33651.48,43007.57,28172.13,31708.979333333333,0,0,1,8,None,0.15,,,0.0,0.0,0.0,,warm,,
2026-04-07,Clothing,27228.58,26,978.97,1,4,Tuesday,2,15,7,2026,0,0,0,0,1,0,0.8660254037844387,-0.4999999999999998,0.7818314824680298,0.6234898018587336,30995.94,29927.41,46068.25,27633.93571428571,31080.99033333333,0,0,0,7,None,0.0,,,0.0,0.0,0.0,,warm,,
2026-04-08,Clothing,25149.51,20,1520.89,2,4,Wednesday,2,15,8,2026,0,0,0,0,1,0,0.8660254037844387,-0.4999999999999998,0.9749279121818236,-0.22252093395631434,24838.16,28606.15,30368.01,27678.414285714283,30907.04033333333,0,0,0,6,None,0.0,,,0.0,0.0,0.0,,warm,,
2026-04-09,Clothing,27392.43,22,1133.77,3,4,Thursday,2,15,9,2026,0,0,0,0,1,0,0.8660254037844387,-0.4999999999999998,0.43388373911755823,-0.900968867902419,24133.29,28575.29,25310.43,28144.00571428571,30976.440333333336,0,0,0,5,None,0.0,,,0.0,0.0,0.0,,warm,,
2026-04-10,Clothing,31035.9,33,1106.4,4,4,Friday,2,15,10,2026,0,0,0,0,1,0,0.8660254037844387,-0.4999999999999998,-0.433883739117558,-0.9009688679024191,24609.24,26999.01,30896.26,29062.100000000002,30981.095000000005,0,0,0,4,None,0.0,,,0.0,0.0,0.0,,warm,,
2026-04-11,Clothing,40260.21,36,1204.21,5,4,Saturday,2,15,11,2026,1,0,0,0,1,0,0.8660254037844387,-0.4999999999999998,-0.9749279121818236,-0.2225209339563146,30797.7,42481.21,25685.17,30413.88714285714,31466.929666666667,0,0,0,3,None,0.3,,,0.0,0.0,0.0,,warm,,
2026-04-12,Clothing,32318.98,29,2401.9,6,4,Sunday,2,15,12,2026,1,0,0,0,1,0,0.8660254037844387,-0.4999999999999998,-0.7818314824680299,0.6234898018587334,33843.83,43223.92,28658.03,30196.05142857143,31588.961333333333,0,0,0,2,None,0.3,,,0.0,0.0,0.0,,warm,,
2026-04-13,Clothing,25288.08,23,1508.18,0,4,Monday,2,16,13,2026,0,0,0,0,1,0,0.8660254037844387,-0.4999999999999998,0.0,1.0,27986.75,29638.86,37072.26,29810.527142857143,31196.155333333336,0,1,0,1,None,0.25,,,0.0,0.0,0.0,,warm,,
2026-04-14,Clothing,24711.52,28,1714.56,1,4,Tuesday,2,16,14,2026,0,0,0,0,1,0,0.8660254037844387,-0.4999999999999998,0.7818314824680298,0.6234898018587336,27228.58,30995.94,36631.75,29450.947142857145,30798.814333333332,1,1,0,0,Optional holiday,0.5,,,0.0,0.0,0.0,,warm,,
2026-04-15,Clothing,25793.32,30,1239.47,2,4,Wednesday,2,16,15,2026,0,0,0,0,1,0,0.8660254037844387,-0.4999999999999998,0.9749279121818236,-0.22252093395631434,25149.51,24838.16,34236.66,29542.920000000002,30517.36966666667,1,0,1,0,Optional holiday,0.5,,,0.0,0.0,0.0,,warm,,
2026-04-16,Clothing,24686.41,27,1943.65,3,4,Thursday,2,16,16,2026,0,0,0,0,1,0,0.8660254037844387,-0.4999999999999998,0.43388373911755823,-0.900968867902419,27392.43,24133.29,29438.57,29156.345714285715,30358.964333333333,0,0,1,15,None,0.15,,,0.0,0.0,0.0,,warm,,
2026-04-17,Clothing,25345.31,21,1908.15,4,4,Friday,2,16,17,2026,0,0,0,0,1,0,0.8660254037844387,-0.4999999999999998,-0.433883739117558,-0.9009688679024191,31035.9,24609.24,30977.39,28343.404285714285,30171.228333333333,0,0,0,14,None,0.0,,,0.0,0.0,0.0,,warm,,
2026-04-18,Clothing,35344.58,43,945.96,5,4,Saturday,2,16,18,2026,1,0,0,0,1,0,0.8660254037844387,-0.4999999999999998,-0.9749279121818236,-0.2225209339563146,40260.21,30797.7,30505.38,27641.17142857143,30332.534999999996,0,0,0,13,None,0.0,,,0.0,0.0,0.0,,warm,,
2026-04-19,Clothing,34930.33,29,747.83,6,4,Sunday,2,16,19,2026,1,0,0,0,1,0,0.8660254037844387,-0.4999999999999998,-0.7818314824680299,0.6234898018587334,32318.98,33843.83,29645.79,28014.221428571425,30508.686333333335,0,0,0,12,None,0.0,,,0.0,0.0,0.0,,warm,,
2026-04-20,Clothing,20012.87,20,1448.6,0,4,Monday,2,17,20,2026,0,0,0,0,1,0,0.8660254037844387,-0.4999999999999998,0.0,1.0,25288.08,27986.75,36452.83,27260.62,29960.68766666667,0,0,0,11,None,0.0,,,0.0,0.0,0.0,,warm,,
2026-04-21,Clothing,25695.97,25,1432.62,1,4,Tuesday,2,17,21,2026,0,0,0,0,1,0,0.8660254037844387,-0.4999999999999998,0.7818314824680298,0.6234898018587336,24711.52,27228.58,39014.36,27401.255714285715,29516.74133333333,0,0,0,10,None,0.0,,,0.0,0.0,0.0,,warm,,
2025-04-22,Electronics,40149.93,35,811.53,1,4,Tuesday,2,17,22,2025,0,0,0,0,1,0,0.8660254037844387,-0.4999999999999998,0.7818314824680298,0.6234898018587336,,,,40149.93,40149.93,0,0,0,254,None,0.0,,,0.0,0.0,0.0,,warm,,
2025-04-23,Electronics,37354.43,36,660.39,2,4,Wednesday,2,17,23,2025,0,0,0,0,1,0,0.8660254037844387,-0.4999999999999998,0.9749279121818236,-0.22252093395631434,,,,38752.18,38752.18,0,0,0,253,None,0.0,,,0.0,0.0,0.0,,warm,,
2025-04-24,Electronics,36477.43,35,1018.84,3,4,Thursday,2,17,24,2025,0,0,0,0,1,0,0.8660254037844387,-0.4999999999999998,0.43388373911755823,-0.900968867902419,,,,37993.93,37993.93,0,0,0,252,None,0.0,,,0.0,0.0,0.0,,warm,,
2025-04-25,Electronics,36099.25,39,2418.7,4,4,Friday,2,17,25,2025,0,1,0,0,1,0,0.8660254037844387,-0.4999999999999998,-0.433883739117558,-0.9009688679024191,,,,37520.26,37520.26,0,0,0,251,None,0.0,,,0.0,0.0,0.0,,warm,,
2025-04-26,Electronics,59205.74,55,837.17,5,4,Saturday,2,17,26,2025,1,1,0,0,1,0,0.8660254037844387,-0.4999999999999998,-0.9749279121818236,-0.2225209339563146,,,,41857.356,41857.356,0,0,0,250,None,0.0,,,0.0,0.0,0.0,,warm,,
2025-04-27,Electronics,52210.28,45,732.15,6,4,Sunday,2,17,27,2025,1,1,0,0,1,0,0.8660254037844387,-0.4999999999999998,-0.7818314824680299,0.6234898018587334,,,,43582.84333333333,43582.84333333333,0,0,0,249,None,0.0,,,0.0,0.0,0.0,,warm,,
2025-04-28,Electronics,35948.47,31,2184.81,0,4,Monday,2,18,28,2025,0,1,0,0,1,0,0.8660254037844387,-0.4999999999999998,0.0,1.0,,,,42492.21857142857,42492.21857142857,0,0,0,248,None,0.0,,,0.0,0.0,0.0,,warm,,
2025-04-29,Electronics,33580.27,29,925.16,1,4,Tuesday,2,18,29,2025,0,1,0,0,1,0,0.8660254037844387,-0.4999999999999998,0.7818314824680298,0.6234898018587336,40149.93,,,41553.69571428571,41378.225,0,0,0,247,None,0.0,,,0.0,0.0,0.0,,warm,,
2025-04-30,Electronics,41074.63,34,2074.4,2,4,Wednesday,2,18,30,2025,0,1,0,0,1,0,0.8660254037844387,-0.4999999999999998,0.9749279121818236,-0.22252093395631434,37354.43,,,42085.15285714286,41344.49222222222,0,0,0,246,None,0.0,,,0.0,0.0,0.0,,warm,,
2025-05-01,Electronics,35496.6,36,1003.99,3,5,Thursday,2,18,1,2025,0,0,1,0,1,0,0.49999999999999994,-0.8660254037844387,0.43388373911755823,-0.900968867902419,36477.43,,,41945.03428571428,40759.702999999994,0,0,0,245,None,0.0,,,0.0,0.0,0.0,,warm,,
2025-05-02,Electronics,39489.62,42,2019.33,4,5,Friday,2,18,2,2025,0,0,1,0,1,0,0.49999999999999994,-0.8660254037844387,-0.433883739117558,-0.9009688679024191,36099.25,,,42429.37285714286,40644.24090909091,0,0,0,244,None,0.0,,,0.0,0.0,0.0,,warm,,
2025-05-03,Electronics,56446.4,65,890.4,5,5,Saturday,2,18,3,2025,1,0,1,0,1,0,0.49999999999999994,-0.8660254037844387,-0.9749279121818236,-0.2225209339563146,59205.74,,,42035.18142857143,41961.0875,0,0,0,243,None,0.0,,,0.0,0.0,0.0,,warm,,
2025-05-04,Electronics,49163.16,45,2235.48,6,5,Sunday,2,18,4,2025,1,0,1,0,1,0,0.49999999999999994,-0.8660254037844387,-0.7818314824680299,0.6234898018587334,52210.28,,,41599.87857142858,42515.093076923076,0,0,0,242,None,0.0,,,0.0,0.0,0.0,,warm,,
2025-05-05,Electronics,43437.62,50,1157.65,0,5,Monday,2,19,5,2025,0,0,1,0,1,0,0.49999999999999994,-0.8660254037844387,0.0,1.0,35948.47,,,42669.75714285714,42580.987857142856,0,0,0,241,None,0.0,,,0.0,0.0,0.0,,warm,,
2025-05-06,Electronics,39632.34,46,2253.99,1,5,Tuesday,2,19,6,2025,0,0,0,0,1,0,0.49999999999999994,-0.8660254037844387,0.7818314824680298,0.6234898018587336,33580.27,40149.93,,43534.33857142857,42384.41133333334,0,0,0,240,None,0.0,,,0.0,0.0,0.0,,warm,,
2025-05-07,Electronics,41393.78,34,2352.62,2,5,Wednesday,2,19,7,2025,0,0,0,0,1,0,0.49999999999999994,-0.8660254037844387,0.9749279121818236,-0.22252093395631434,41074.63,37354.43,,43579.93142857142,42322.496875,0,0,0,239,None,0.0,,,0.0,0.0,0.0,,warm,,
2025-05-08,Electronics,37409.76,40,2268.22,3,5,Thursday,2,19,8,2025,0,0,0,0,1,0,0.49999999999999994,-0.8660254037844387,0.43388373911755823,-0.900968867902419,35496.6,36477.43,,43853.24,42033.51235294117,0,0,0,238,None,0.0,,,0.0,0.0,0.0,,warm,,
2025-05-09,Electronics,36330.78,34,2399.01,4,5,Friday,2,19,9,2025,0,0,0,0,1,0,0.49999999999999994,-0.8660254037844387,-0.433883739117558,-0.9009688679024191,39489.62,36099.25,,43401.97714285715,41716.69388888889,0,0,0,237,None,0.0,,,0.0,0.0,0.0,,warm,,
2025-05-10,Electronics,52138.78,57,1954.6,5,5,Saturday,2,19,10,2025,1,0,0,0,1,0,0.49999999999999994,-0.8660254037844387,-0.9749279121818236,-0.2225209339563146,56446.4,59205.74,,42786.60285714286,42265.22473684211,0,0,0,236,None,0.0,,,0.0,0.0,0.0,,warm,,
2025-05-11,Electronics,44080.27,45,639.97,6,5,Sunday,2,19,11,2025,1,0,0,0,1,0,0.49999999999999994,-0.8660254037844387,-0.7818314824680299,0.6234898018587334,49163.16,52210.28,,42060.47571428572,42355.977,0,0,0,235,None,0.0,,,0.0,0.0,0.0,,warm,,
2025-05-12,Electronics,32836.21,40,2233.31,0,5,Monday,2,20,12,2025,0,0,0,0,1,0,0.49999999999999994,-0.8660254037844387,0.0,1.0,43437.62,35948.47,,40545.98857142857,41902.65476190476,0,0,0,234,None,0.0,,,0.0,0.0,0.0,,warm,,
2025-05-13,Electronics,39795.49,36,1694.8,1,5,Tuesday,2,20,13,2025,0,0,0,0,1,0,0.49999999999999994,-0.8660254037844387,0.7818314824680298,0.6234898018587336,39632.34,33580.27,,40569.295714285705,41806.87454545454,0,0,0,233,None,0.0,,,0.0,0.0,0.0,,warm,,
2025-05-14,Electronics,30910.7,29,2241.29,2,5,Wednesday,2,20,14,2025,0,0,0,0,1,0,0.49999999999999994,-0.8660254037844387,0.9749279121818236,-0.22252093395631434,41393.78,41074.63,,39071.712857142855,41333.12782608695,0,0,0,232,None,0.0,,,0.0,0.0,0.0,,warm,,
2025-05-15,Electronics,39403.42,43,1618.94,3,5,Thursday,2,20,15,2025,0,0,0,0,1,0,0.49999999999999994,-0.8660254037844387,0.43388373911755823,-0.900968867902419,37409.76,35496.6,,39356.52142857143,41252.723333333335,0,0,0,231,None,0.0,,,0.0,0.0,0.0,,warm,,
2025-05-16,Electronics,41275.7,36,2498.64,4,5,Friday,2,20,16,2025,0,0,0,0,1,0,0.49999999999999994,-0.8660254037844387,-0.433883739117558,-0.9009688679024191,36330.78,39489.62,,40062.938571428575,41253.6424,0,0,0,230,None,0.0,,,0.0,0.0,0.0,,warm,,
2025-05-17,Electronics,62948.47,62,2314.64,5,5,Saturday,2,20,17,2025,1,0,0,0,1,0,0.49999999999999994,-0.8660254037844387,-0.9749279121818236,-0.2225209339563146,52138.78,56446.4,,41607.18,42088.05884615385,0,0,0,229,None,0.0,,,0.0,0.0,0.0,,warm,,
2025-05-18,Electronics,43630.26,40,1857.56,6,5,Sunday,2,20,18,2025,1,0,0,0,1,0,0.49999999999999994,-0.8660254037844387,-0.7818314824680299,0.6234898018587334,44080.27,49163.16,,41542.892857142855,42145.177407407406,0,0,0,228,None,0.0,,,0.0,0.0,0.0,,warm,,
2025-05-19,Electronics,44178.5,46,708.61,0,5,Monday,2,21,19,2025,0,0,0,0,1,0,0.49999999999999994,-0.8660254037844387,0.0,1.0,32836.21,43437.62,,43163.219999999994,42217.79607142857,0,0,0,227,None,0.0,,,0.0,0.0,0.0,,warm,,
2025-05-20,Electronics,39120.03,46,1882.9,1,5,Tuesday,2,21,20,2025,0,0,0,0,1,0,0.49999999999999994,-0.8660254037844387,0.7818314824680298,0.6234898018587336,39795.49,39632.34,,43066.72571428572,42110.97655172414,0,0,0,226,None,0.0,,,0.0,0.0,0.0,,warm,,
2025-05-21,Electronics,41240.47,37,1673.93,2,5,Wednesday,2,21,21,2025,0,0,0,0,1,0,0.49999999999999994,-0.8660254037844387,0.9749279121818236,-0.22252093395631434,30910.7,41393.78,,44542.40714285714,42081.95966666667,0,0,0,225,None,0.0,,,0.0,0.0,0.0,,warm,,
2025-05-22,Electronics,39208.14,34,1169.99,3,5,Thursday,2,21,22,2025,0,0,0,0,1,0,0.49999999999999994,-0.8660254037844387,0.43388373911755823,-0.900968867902419,39403.42,37409.76,40149.93,44514.51,42050.566666666666,0,0,0,224,None,0.0,,,0.0,0.0,0.0,,warm,,
2025-05-23,Electronics,35517.61,39,1561.18,4,5,Friday,2,21,23,2025,0,0,0,0,1,0,0.49999999999999994,-0.8660254037844387,-0.433883739117558,-0.9009688679024191,41275.7,36330.78,37354.43,43691.92571428571,41989.33933333333,0,0,0,223,None,0.0,,,0.0,0.0,0.0,,warm,,
2025-05-24,Electronics,46604.49,40,1174.78,5,5,Saturday,2,21,24,2025,1,0,0,0,1,0,0.49999999999999994,-0.8660254037844387,-0.9749279121818236,-0.2225209339563146,62948.47,52138.78,36477.43,41357.07142857143,42326.908,0,0,0,222,None,0.0,,,0.0,0.0,0.0,,warm,,
2025-05-25,Electronics,53769.0,61,1102.49,6,5,Sunday,2,21,25,2025,1,1,0,0,1,0,0.49999999999999994,-0.8660254037844387,-0.7818314824680299,0.6234898018587334,43630.26,44080.27,36099.25,42805.462857142855,42915.899666666664,0,0,0,221,None,0.0,,,0.0,0.0,0.0,,warm,,
2025-05-26,Electronics,34847.61,31,2220.53,0,5,Monday,2,22,26,2025,0,1,0,0,1,0,0.49999999999999994,-0.8660254037844387,0.0,1.0,44178.5,32836.21,59205.74,41472.47857142857,42103.96199999999,0,0,0,220,None,0.0,,,0.0,0.0,0.0,,warm,,
2025-05-27,Electronics,41413.98,34,848.56,1,5,Tuesday,2,22,27,2025,0,1,0,0,1,0,0.49999999999999994,-0.8660254037844387,0.7818314824680298,0.6234898018587336,39120.03,39795.49,52210.28,41800.18571428571,41744.08533333333,0,0,0,219,None,0.0,,,0.0,0.0,0.0,,warm,,
2025-05-28,Electronics,40643.18,35,2317.46,2,5,Wednesday,2,22,28,2025,0,1,0,0,1,0,0.49999999999999994,-0.8660254037844387,0.9749279121818236,-0.22252093395631434,41240.47,30910.7,35948.47,41714.85857142857,41900.575666666664,0,0,0,218,None,0.0,,,0.0,0.0,0.0,,warm,,
2025-05-29,Electronics,40981.05,49,2307.96,3,5,Thursday,2,22,29,2025,0,1,0,0,1,0,0.49999999999999994,-0.8660254037844387,0.43388373911755823,-0.900968867902419,39208.14,39403.42,33580.27,41968.131428571425,42147.26833333333,0,0,0,217,None,0.0,,,0.0,0.0,0.0,,warm,,
2025-05-30,Electronics,36542.08,30,893.65,4,5,Friday,2,22,30,2025,0,1,0,0,1,0,0.49999999999999994,-0.8660254037844387,-0.433883739117558,-0.9009688679024191,35517.61,41275.7,41074.63,42114.48428571429,41996.183333333334,0,0,0,216,None,0.0,,,0.0,0.0,0.0,,warm,,
2025-05-31,Electronics,53627.18,53,2124.25,5,5,Saturday,2,22,31,2025,1,1,0,0,1,0,0.49999999999999994,-0.8660254037844387,-0.9749279121818236,-0.2225209339563146,46604.49,62948.47,35496.6,43117.72571428572,42600.536,0,0,0,215,None,0.0,,,0.0,0.0,0.0,,warm,,
2025-06-01,Electronics,53485.02,58,979.19,6,6,Sunday,2,22,1,2025,1,0,1,0,1,0,1.2246467991473532e-16,-1.0,-0.7818314824680299,0.6234898018587334,53769.0,43630.26,39489.62,43077.15714285715,43067.049333333336,0,0,0,214,None,0.0,,,0.0,0.0,0.0,,warm,,
2025-06-02,Electronics,34662.82,41,2437.09,0,6,Monday,2,23,2,2025,0,0,1,0,1,0,1.2246467991473532e-16,-1.0,0.0,1.0,34847.61,44178.5,56446.4,43050.758571428574,42340.93,0,0,0,213,None,0.0,,,0.0,0.0,0.0,,warm,,
2025-06-03,Electronics,40433.66,43,939.28,1,6,Tuesday,2,23,3,2025,0,0,1,0,1,0,1.2246467991473532e-16,-1.0,0.7818314824680298,0.6234898018587336,41413.98,39120.03,49163.16,42910.712857142855,42049.94666666667,0,0,0,212,None,0.0,,,0.0,0.0,0.0,,warm,,
2025-06-04,Electronics,41153.06,38,819.73,2,6,Wednesday,2,23,4,2025,0,0,1,0,1,0,1.2246467991473532e-16,-1.0,0.9749279121818236,-0.22252093395631434,40643.18,41240.47,43437.62,42983.55285714286,41973.79466666666,0,0,0,211,None,0.0,,,0.0,0.0,0.0,,warm,,
2025-06-05,Electronics,47103.57,39,2000.37,3,6,Thursday,2,23,5,2025,0,0,1,0,1,0,1.2246467991473532e-16,-1.0,0.43388373911755823,-0.900968867902419,40981.05,39208.14,39632.34,43858.19857142858,42222.835666666666,0,0,0,210,None,0.0,,,0.0,0.0,0.0,,warm,,
2025-06-06,Electronics,42415.24,36,2310.09,4,6,Friday,2,23,6,2025,0,0,0,0,1,0,1.2246467991473532e-16,-1.0,-0.433883739117558,-0.9009688679024191,36542.08,35517.61,41393.78,44697.22142857143,42256.884333333335,0,0,0,209,None,0.0,,,0.0,0.0,0.0,,warm,,
2025-06-07,Electronics,47866.07,41,2386.69,5,6,Saturday,2,23,7,2025,1,0,0,0,1,0,1.2246467991473532e-16,-1.0,-0.9749279121818236,-0.2225209339563146,53627.18,46604.49,37409.76,43874.205714285716,42605.428,0,0,0,208,None,0.0,,,0.0,0.0,0.0,,warm,,
2025-06-08,Electronics,54910.9,60,1416.79,6,6,Sunday,2,23,8,2025,1,0,0,0,1,0,1.2246467991473532e-16,-1.0,-0.7818314824680299,0.6234898018587334,53485.02,53769.0,36330.78,44077.90285714286,43224.76533333333,0,0,0,207,None,0.0,,,0.0,0.0,0.0,,warm,,
2025-06-09,Electronics,35218.61,29,922.41,0,6,Monday,2,24,9,2025,0,0,0,0,1,0,1.2246467991473532e-16,-1.0,0.0,1.0,34662.82,34847.61,52138.78,44157.30142857142,42660.759666666665,0,0,0,206,None,0.0,,,0.0,0.0,0.0,,warm,,
2025-06-10,Electronics,36970.53,38,1026.82,1,6,Tuesday,2,24,10,2025,0,0,0,0,1,0,1.2246467991473532e-16,-1.0,0.7818314824680298,0.6234898018587336,40433.66,41413.98,44080.27,43662.56857142857,42423.76833333333,0,0,0,205,None,0.0,,,0.0,0.0,0.0,,warm,,
2025-06-11,Electronics,33427.12,33,2283.66,2,6,Wednesday,2,24,11,2025,0,0,0,0,1,0,1.2246467991473532e-16,-1.0,0.9749279121818236,-0.22252093395631434,41153.06,40643.18,32836.21,42558.86285714286,42443.46533333333,0,0,0,204,None,0.0,,,0.0,0.0,0.0,,warm,,
2025-06-12,Electronics,36397.8,30,2234.84,3,6,Thursday,2,24,12,2025,0,0,0,0,1,0,1.2246467991473532e-16,-1.0,0.43388373911755823,-0.900968867902419,47103.57,40981.05,39795.49,41029.467142857146,42330.209,0,0,0,203,None,0.0,,,0.0,0.0,0.0,,warm,,
2025-06-13,Electronics,34704.49,40,1467.28,4,6,Friday,2,24,13,2025,0,0,0,0,1,0,1.2246467991473532e-16,-1.0,-0.433883739117558,-0.9009688679024191,42415.24,36542.08,30910.7,39927.93142857143,42456.66866666667,0,0,0,202,None,0.0,,,0.0,0.0,0.0,,warm,,
2025-06-14,Electronics,45194.26,42,1410.81,5,6,Saturday,2,24,14,2025,1,0,0,0,1,0,1.2246467991473532e-16,-1.0,-0.9749279121818236,-0.2225209339563146,47866.07,53627.18,39403.42,39546.24428571429,42649.69666666667,0,0,0,201,None,0.0,,,0.0,0.0,0.0,,warm,,
2025-06-15,Electronics,59079.87,52,1126.89,6,6,Sunday,2,24,15,2025,1,0,0,0,1,0,1.2246467991473532e-16,-1.0,-0.7818314824680299,0.6234898018587334,54910.9,53485.02,41275.7,40141.811428571425,43243.168999999994,0,0,0,200,None,0.0,,,0.0,0.0,0.0,,warm,,
2025-06-16,Electronics,40017.55,41,1207.45,0,6,Monday,2,25,16,2025,0,0,0,0,1,0,1.2246467991473532e-16,-1.0,0.0,1.0,35218.61,34662.82,62948.47,40827.374285714286,42478.805,0,0,0,199,None,0.0,,,0.0,0.0,0.0,,warm,,
2025-06-17,Electronics,38684.2,38,1228.67,1,6,Tuesday,2,25,17,2025,0,0,0,0,1,0,1.2246467991473532e-16,-1.0,0.7818314824680298,0.6234898018587336,36970.53,40433.66,43630.26,41072.184285714284,42313.93633333333,0,0,0,198,None,0.0,,,0.0,0.0,0.0,,warm,,
2025-06-18,Electronics,30783.26,38,2227.79,2,6,Wednesday,2,25,18,2025,0,0,0,0,1,0,1.2246467991473532e-16,-1.0,0.9749279121818236,-0.22252093395631434,33427.12,41153.06,44178.5,40694.49,41867.42833333333,0,0,0,197,None,0.0,,,0.0,0.0,0.0,,warm,,
2025-06-19,Electronics,37453.93,36,1622.62,3,6,Thursday,2,25,19,2025,0,0,0,0,1,0,1.2246467991473532e-16,-1.0,0.43388373911755823,-0.900968867902419,36397.8,47103.57,39120.03,40845.36571428571,41811.89166666667,0,0,0,196,None,0.0,,,0.0,0.0,0.0,,warm,,
2025-06-20,Electronics,35599.62,35,1238.65,4,6,Friday,2,25,20,2025,0,0,0,0,1,0,1.2246467991473532e-16,-1.0,-0.433883739117558,-0.9009688679024191,34704.49,42415.24,41240.47,40973.241428571426,41623.86333333333,0,0,0,195,None,0.0,,,0.0,0.0,0.0,,warm,,
2025-06-21,Electronics,47356.78,47,1724.6,5,6,Saturday,2,25,21,2025,1,0,0,0,1,0,1.2246467991473532e-16,-1.0,-0.9749279121818236,-0.2225209339563146,45194.26,47866.07,39208.14,41282.172857142854,41895.48466666667,0,0,0,194,None,0.0,,,0.0,0.0,0.0,,warm,,
2025-06-22,Electronics,52243.35,57,1463.93,6,6,Sunday,2,25,22,2025,1,0,0,0,1,0,1.2246467991473532e-16,-1.0,-0.7818314824680299,0.6234898018587334,59079.87,54910.9,35517.61,40305.52714285714,42453.009333333335,0,0,0,193,None,0.0,,,0.0,0.0,0.0,,warm,,
2025-06-23,Electronics,37417.37,31,1624.9,0,6,Monday,2,26,23,2025,0,0,0,0,1,0,1.2246467991473532e-16,-1.0,0.0,1.0,40017.55,35218.61,46604.49,39934.072857142855,42146.772,0,0,0,192,None,0.0,,,0.0,0.0,0.0,,warm,,
2025-06-24,Electronics,38330.34,42,2194.53,1,6,Tuesday,2,26,24,2025,0,0,0,0,1,0,1.2246467991473532e-16,-1.0,0.7818314824680298,0.6234898018587336,38684.2,36970.53,53769.0,39883.521428571425,41632.15,0,0,0,191,None,0.0,,,0.0,0.0,0.0,,warm,,
2025-06-25,Electronics,38621.01,41,2057.11,2,6,Wednesday,2,26,25,2025,0,1,0,0,1,0,1.2246467991473532e-16,-1.0,0.9749279121818236,-0.22252093395631434,30783.26,33427.12,34847.61,41003.200000000004,41757.93000000001,0,0,0,190,None,0.0,,,0.0,0.0,0.0,,warm,,
2025-06-26,Electronics,33605.73,41,2364.89,3,6,Thursday,2,26,26,2025,0,1,0,0,1,0,1.2246467991473532e-16,-1.0,0.43388373911755823,-0.900968867902419,37453.93,36397.8,41413.98,40453.45714285714,41497.655000000006,0,0,0,189,None,0.0,,,0.0,0.0,0.0,,warm,,
2025-06-27,Electronics,38203.16,34,1061.41,4,6,Friday,2,26,27,2025,0,1,0,0,1,0,1.2246467991473532e-16,-1.0,-0.433883739117558,-0.9009688679024191,35599.62,34704.49,40643.18,40825.39142857143,41416.320999999996,0,0,0,188,None,0.0,,,0.0,0.0,0.0,,warm,,
2025-06-28,Electronics,50878.13,52,1612.22,5,6,Saturday,2,26,28,2025,1,1,0,0,1,0,1.2246467991473532e-16,-1.0,-0.9749279121818236,-0.2225209339563146,47356.78,45194.26,40981.05,41328.44142857142,41746.223666666665,0,0,0,187,None,0.0,,,0.0,0.0,0.0,,warm,,
2025-06-29,Electronics,47391.76,48,1807.61,6,6,Sunday,2,26,29,2025,1,1,0,0,1,0,1.2246467991473532e-16,-1.0,-0.7818314824680299,0.6234898018587334,52243.35,59079.87,36542.08,40635.357142857145,42107.87966666667,0,0,0,186,None,0.0,,,0.0,0.0,0.0,,warm,,
2025-06-30,Electronics,39137.59,36,2071.82,0,6,Monday,2,27,30,2025,0,1,0,0,1,0,1.2246467991473532e-16,-1.0,0.0,1.0,37417.37,40017.55,53627.18,40881.102857142854,41624.893333333326,0,0,0,185,None,0.0,,,0.0,0.0,0.0,,warm,,
2025-07-01,Electronics,46399.08,45,1063.34,1,7,Tuesday,3,27,1,2025,0,0,1,0,0,1,-0.4999999999999997,-0.8660254037844388,0.7818314824680298,0.6234898018587336,38330.34,38684.2,53485.02,42033.780000000006,41388.69533333334,0,0,0,184,None,0.0,,,0.0,0.0,0.0,,warm,,
2025-07-02,Electronics,40488.62,44,1274.17,2,7,Wednesday,3,27,2,2025,0,0,1,0,0,1,-0.4999999999999997,-0.8660254037844388,0.9749279121818236,-0.22252093395631434,38621.01,30783.26,34662.82,42300.58142857143,41582.88866666667,0,0,0,183,None,0.0,,,0.0,0.0,0.0,,warm,,
2025-07-03,Electronics,47337.06,56,1058.58,3,7,Thursday,3,27,3,2025,0,0,1,0,0,1,-0.4999999999999997,-0.8660254037844388,0.43388373911755823,-0.900968867902419,33605.73,37453.93,40433.66,44262.200000000004,41813.00199999999,0,0,0,182,None,0.0,,,0.0,0.0,0.0,,warm,,
2025-07-04,Electronics,43194.51,53,776.8,4,7,Friday,3,27,4,2025,0,0,1,0,0,1,-0.4999999999999997,-0.8660254037844388,-0.433883739117558,-0.9009688679024191,38203.16,35599.62,41153.06,44975.25,41881.05033333333,0,0,0,181,None,0.0,,,0.0,0.0,0.0,,warm,,
2025-07-05,Electronics,60898.9,59,2493.6,5,7,Saturday,3,27,5,2025,1,0,1,0,0,1,-0.4999999999999997,-0.8660254037844388,-0.9749279121818236,-0.2225209339563146,50878.13,47356.78,47103.57,46406.788571428566,42340.89466666667,0,0,0,180,None,0.0,,,0.0,0.0,0.0,,warm,,
2025-07-06,Electronics,56088.36,58,827.15,6,7,Sunday,3,27,6,2025,1,0,0,0,0,1,-0.4999999999999997,-0.8660254037844388,-0.7818314824680299,0.6234898018587334,47391.76,52243.35,42415.24,47649.159999999996,42796.66533333333,0,0,0,179,None,0.0,,,0.0,0.0,0.0,,warm,,
2025-07-07,Electronics,41221.25,34,1596.81,0,7,Monday,3,28,7,2025,0,0,0,0,0,1,-0.4999999999999997,-0.8660254037844388,0.0,1.0,39137.59,37417.37,47866.07,47946.82571428572,42575.17133333333,0,0,0,178,None,0.0,,,0.0,0.0,0.0,,warm,,
2025-07-08,Electronics,45676.77,52,1121.19,1,7,Tuesday,3,28,8,2025,0,0,0,0,0,1,-0.4999999999999997,-0.8660254037844388,0.7818314824680298,0.6234898018587336,46399.08,38330.34,54910.9,47843.638571428564,42267.367,0,0,0,177,None,0.0,,,0.0,0.0,0.0,,warm,,
2025-07-09,Electronics,40957.13,50,1690.72,2,7,Wednesday,3,28,9,2025,0,0,0,0,0,1,-0.4999999999999997,-0.8660254037844388,0.9749279121818236,-0.22252093395631434,40488.62,38621.01,35218.61,47910.56857142857,42458.651,0,0,0,176,None,0.0,,,0.0,0.0,0.0,,warm,,
2025-07-10,Electronics,42888.71,51,1361.34,3,7,Thursday,3,28,10,2025,0,0,0,0,0,1,-0.4999999999999997,-0.8660254037844388,0.43388373911755823,-0.900968867902419,47337.06,33605.73,36970.53,47275.090000000004,42655.92366666666,0,0,0,175,None,0.0,,,0.0,0.0,0.0,,warm,,
2025-07-11,Electronics,37825.08,40,825.06,4,7,Friday,3,28,11,2025,0,0,0,0,0,1,-0.4999999999999997,-0.8660254037844388,-0.433883739117558,-0.9009688679024191,43194.51,38203.16,33427.12,46508.028571428564,42802.522333333334,0,0,0,174,None,0.0,,,0.0,0.0,0.0,,warm,,
2025-07-12,Electronics,64533.81,62,1164.97,5,7,Saturday,3,28,12,2025,1,0,0,0,0,1,-0.4999999999999997,-0.8660254037844388,-0.9749279121818236,-0.2225209339563146,60898.9,50878.13,36397.8,47027.30142857142,43740.38933333333,0,0,0,173,None,0.0,,,0.0,0.0,0.0,,warm,,
2025-07-13,Electronics,65073.06,54,994.8,6,7,Sunday,3,28,13,2025,1,0,0,0,0,1,-0.4999999999999997,-0.8660254037844388,-0.7818314824680299,0.6234898018587334,56088.36,47391.76,34704.49,48310.83,44752.675,0,0,0,172,None,0.0,,,0.0,0.0,0.0,,warm,,
2025-07-14,Electronics,41631.81,40,1909.81,0,7,Monday,3,29,14,2025,0,0,0,0,0,1,-0.4999999999999997,-0.8660254037844388,0.0,1.0,41221.25,39137.59,45194.26,48369.48142857142,44633.926666666666,0,0,0,171,None,0.0,,,0.0,0.0,0.0,,warm,,
2025-07-15,Electronics,54273.37,59,2355.43,1,7,Tuesday,3,29,15,2025,0,0,0,0,0,1,-0.4999999999999997,-0.8660254037844388,0.7818314824680298,0.6234898018587336,45676.77,46399.08,59079.87,49597.56714285714,44473.71,0,0,0,170,None,0.0,,,0.0,0.0,0.0,,warm,,
2025-07-16,Electronics,51158.84,58,735.68,2,7,Wednesday,3,29,16,2025,0,0,0,0,0,1,-0.4999999999999997,-0.8660254037844388,0.9749279121818236,-0.22252093395631434,40957.13,40488.62,40017.55,51054.95428571429,44845.08633333333,0,0,0,169,None,0.0,,,0.0,0.0,0.0,,warm,,
2025-07-17,Electronics,39675.34,34,1177.77,3,7,Thursday,3,29,17,2025,0,0,0,0,0,1,-0.4999999999999997,-0.8660254037844388,0.43388373911755823,-0.900968867902419,42888.71,47337.06,38684.2,50595.90142857142,44878.12433333333,0,0,0,168,None,0.0,,,0.0,0.0,0.0,,warm,,
2025-07-18,Electronics,45333.43,38,1212.41,4,7,Friday,3,29,18,2025,0,0,0,0,0,1,-0.4999999999999997,-0.8660254037844388,-0.433883739117558,-0.9009688679024191,37825.08,43194.51,30783.26,51668.52285714286,45363.130000000005,0,0,0,167,None,0.0,,,0.0,0.0,0.0,,warm,,
2025-07-19,Electronics,63083.2,55,2160.7,5,7,Saturday,3,29,19,2025,1,0,0,0,0,1,-0.4999999999999997,-0.8660254037844388,-0.9749279121818236,-0.2225209339563146,64533.81,60898.9,37453.93,51461.29285714286,46217.439,0,0,0,166,None,0.0,,,0.0,0.0,0.0,,warm,,
2025-07-20,Electronics,64818.26,58,1428.18,6,7,Sunday,3,29,20,2025,1,0,0,0,0,1,-0.4999999999999997,-0.8660254037844388,-0.7818314824680299,0.6234898018587334,65073.06,56088.36,35599.62,51424.892857142855,47191.39366666667,0,0,0,165,None,0.0,,,0.0,0.0,0.0,,warm,,
2025-07-21,Electronics,44717.94,46,1382.13,0,7,Monday,3,30,21,2025,0,0,0,0,0,1,-0.4999999999999997,-0.8660254037844388,0.0,1.0,41631.81,41221.25,47356.78,51865.76857142857,47103.43233333333,0,0,0,164,None,0.0,,,0.0,0.0,0.0,,warm,,
2025-07-22,Electronics,41432.07,42,820.25,1,7,Tuesday,3,30,22,2025,0,0,0,0,0,1,-0.4999999999999997,-0.8660254037844388,0.7818314824680298,0.6234898018587336,54273.37,45676.77,52243.35,50031.29714285715,46743.056333333334,0,0,0,163,None,0.0,,,0.0,0.0,0.0,,warm,,
2025-07-23,Electronics,53841.26,65,956.41,2,7,Wednesday,3,30,23,2025,0,0,0,0,0,1,-0.4999999999999997,-0.8660254037844388,0.9749279121818236,-0.22252093395631434,51158.84,40957.13,37417.37,50414.5,47290.51933333334,0,0,0,162,None,0.0,,,0.0,0.0,0.0,,warm,,
2025-07-24,Electronics,44005.64,46,1432.42,3,7,Thursday,3,30,24,2025,0,0,0,0,0,1,-0.4999999999999997,-0.8660254037844388,0.43388373911755823,-0.900968867902419,39675.34,42888.71,38330.34,51033.11428571429,47479.695999999996,0,0,0,161,None,0.0,,,0.0,0.0,0.0,,warm,,
2025-07-25,Electronics,43762.27,40,625.98,4,7,Friday,3,30,25,2025,0,1,0,0,0,1,-0.4999999999999997,-0.8660254037844388,-0.433883739117558,-0.9009688679024191,45333.43,37825.08,38621.01,50808.66285714285,47651.07133333333,0,0,0,160,None,0.0,,,0.0,0.0,0.0,,warm,,
2025-07-26,Electronics,59237.11,50,1154.54,5,7,Saturday,3,30,26,2025,1,1,0,0,0,1,-0.4999999999999997,-0.8660254037844388,-0.9749279121818236,-0.2225209339563146,63083.2,64533.81,33605.73,50259.221428571436,48505.450666666664,0,0,0,159,None,0.0,,,0.0,0.0,0.0,,warm,,
2025-07-27,Electronics,59972.9,54,1565.66,6,7,Sunday,3,30,27,2025,1,1,0,0,0,1,-0.4999999999999997,-0.8660254037844388,-0.7818314824680299,0.6234898018587334,64818.26,65073.06,38203.16,49567.02714285714,49231.10866666667,0,0,0,158,None,0.0,,,0.0,0.0,0.0,,warm,,
2025-07-28,Electronics,38599.86,48,1137.39,0,7,Monday,3,31,28,2025,0,1,0,0,0,1,-0.4999999999999997,-0.8660254037844388,0.0,1.0,44717.94,41631.81,50878.13,48693.01571428571,48821.833,0,0,0,157,None,0.0,,,0.0,0.0,0.0,,warm,,
2025-07-29,Electronics,44964.12,46,1231.64,1,7,Tuesday,3,31,29,2025,0,1,0,0,0,1,-0.4999999999999997,-0.8660254037844388,0.7818314824680298,0.6234898018587336,41432.07,54273.37,47391.76,49197.59428571429,48740.91166666666,0,0,0,156,None,0.0,,,0.0,0.0,0.0,,warm,,
2025-07-30,Electronics,47425.1,51,2226.42,2,7,Wednesday,3,31,30,2025,0,1,0,0,0,1,-0.4999999999999997,-0.8660254037844388,0.9749279121818236,-0.22252093395631434,53841.26,51158.84,39137.59,48281.0,49017.162000000004,0,0,0,155,None,0.0,,,0.0,0.0,0.0,,warm,,
2025-07-31,Electronics,49167.8,43,2463.55,3,7,Thursday,3,31,31,2025,0,1,0,0,0,1,-0.4999999999999997,-0.8660254037844388,0.43388373911755823,-0.900968867902419,44005.64,39675.34,46399.08,49018.451428571425,49109.45266666667,0,0,0,154,None,0.0,,,0.0,0.0,0.0,,warm,,
2025-08-01,Electronics,51369.52,50,789.45,4,8,Friday,3,31,1,2025,0,0,1,0,0,1,-0.8660254037844385,-0.5000000000000004,-0.433883739117558,-0.9009688679024191,43762.27,45333.43,40488.62,50105.20142857143,49472.149333333335,0,0,0,153,None,0.0,,,0.0,0.0,0.0,,warm,,
2025-08-02,Electronics,74871.63,80,1243.27,5,8,Saturday,3,31,2,2025,1,0,1,0,0,1,-0.8660254037844385,-0.5000000000000004,-0.9749279121818236,-0.2225209339563146,59237.11,63083.2,47337.06,52338.70428571429,50389.96833333334,0,0,0,152,None,0.0,,,0.0,0.0,0.0,,warm,,
2025-08-03,Electronics,78406.8,70,1965.56,6,8,Sunday,3,31,3,2025,1,0,1,0,0,1,-0.8660254037844385,-0.5000000000000004,-0.7818314824680299,0.6234898018587334,59972.9,64818.26,43194.51,54972.118571428575,51563.71133333333,0,0,0,151,None,0.0,,,0.0,0.0,0.0,,warm,,
2025-08-04,Electronics,44985.21,49,2018.86,0,8,Monday,3,32,4,2025,0,0,1,0,0,1,-0.8660254037844385,-0.5000000000000004,0.0,1.0,38599.86,44717.94,60898.9,55884.311428571425,51033.255,0,0,0,150,None,0.0,,,0.0,0.0,0.0,,warm,,
2025-08-05,Electronics,44253.64,54,687.38,1,8,Tuesday,3,32,5,2025,0,0,1,0,0,1,-0.8660254037844385,-0.5000000000000004,0.7818314824680298,0.6234898018587336,44964.12,41432.07,56088.36,55782.81428571429,50638.76433333334,0,0,0,149,None,0.0,,,0.0,0.0,0.0,,warm,,
2025-08-06,Electronics,57448.4,64,922.97,2,8,Wednesday,3,32,6,2025,0,0,0,0,0,1,-0.8660254037844385,-0.5000000000000004,0.9749279121818236,-0.22252093395631434,47425.1,53841.26,41221.25,57214.71428571428,51179.66933333334,0,0,0,148,None,0.0,,,0.0,0.0,0.0,,warm,,
2025-08-07,Electronics,54255.95,52,1812.02,3,8,Thursday,3,32,7,2025,0,0,0,0,0,1,-0.8660254037844385,-0.5000000000000004,0.43388373911755823,-0.900968867902419,49167.8,44005.64,45676.77,57941.59285714286,51465.642,0,0,0,147,None,0.0,,,0.0,0.0,0.0,,warm,,
2025-08-08,Electronics,58512.74,69,1439.29,4,8,Friday,3,32,8,2025,0,0,0,0,0,1,-0.8660254037844385,-0.5000000000000004,-0.433883739117558,-0.9009688679024191,51369.52,43762.27,40957.13,58962.05285714286,52050.829,0,0,0,146,None,0.0,,,0.0,0.0,0.0,,warm,,
2025-08-09,Electronics,67090.63,74,2498.81,5,8,Saturday,3,32,9,2025,1,0,0,0,0,1,-0.8660254037844385,-0.5000000000000004,-0.9749279121818236,-0.2225209339563146,74871.63,59237.11,42888.71,57850.48142857143,52857.55966666667,0,0,0,145,None,0.0,,,0.0,0.0,0.0,,warm,,
2025-08-10,Electronics,73531.24,64,1352.03,6,8,Sunday,3,32,10,2025,1,0,0,0,0,1,-0.8660254037844385,-0.5000000000000004,-0.7818314824680299,0.6234898018587334,78406.8,59972.9,37825.08,57153.97285714286,54047.76500000001,0,0,0,144,None,0.0,,,0.0,0.0,0.0,,warm,,
2025-08-11,Electronics,51775.86,54,2073.91,0,8,Monday,3,33,11,2025,0,0,0,0,0,1,-0.8660254037844385,-0.5000000000000004,0.0,1.0,44985.21,38599.86,64533.81,58124.06571428571,53622.5,0,0,0,143,None,0.0,,,0.0,0.0,0.0,,warm,,
2025-08-12,Electronics,55564.78,46,1852.44,1,8,Tuesday,3,33,12,2025,0,0,0,0,0,1,-0.8660254037844385,-0.5000000000000004,0.7818314824680298,0.6234898018587336,44253.64,44964.12,65073.06,59739.94285714285,53305.55733333333,0,0,0,142,None,0.0,,,0.0,0.0,0.0,,warm,,
2025-08-13,Electronics,51796.39,44,849.68,2,8,Wednesday,3,33,13,2025,0,0,0,0,0,1,-0.8660254037844385,-0.5000000000000004,0.9749279121818236,-0.22252093395631434,57448.4,47425.1,41631.81,58932.51285714286,53644.37666666667,0,0,0,141,None,0.0,,,0.0,0.0,0.0,,warm,,
2025-08-14,Electronics,54099.46,57,2177.9,3,8,Thursday,3,33,14,2025,0,0,0,0,0,1,-0.8660254037844385,-0.5000000000000004,0.43388373911755823,-0.900968867902419,54255.95,49167.8,54273.37,58910.15714285714,53638.57966666667,0,0,0,140,None,0.0,,,0.0,0.0,0.0,,warm,,
2025-08-15,Electronics,42059.87,40,2429.5,4,8,Friday,3,33,15,2025,0,0,0,0,0,1,-0.8660254037844385,-0.5000000000000004,-0.433883739117558,-0.9009688679024191,58512.74,51369.52,51158.84,56559.74714285714,53335.280666666666,0,0,0,139,None,0.0,,,0.0,0.0,0.0,,warm,,
2025-08-16,Electronics,75367.64,69,1294.97,5,8,Saturday,3,33,16,2025,1,0,0,0,0,1,-0.8660254037844385,-0.5000000000000004,-0.9749279121818236,-0.2225209339563146,67090.63,74871.63,39675.34,57742.177142857145,54525.024000000005,0,0,0,138,None,0.0,,,0.0,0.0,0.0,,warm,,
2025-08-17,Electronics,74709.53,75,2162.59,6,8,Sunday,3,33,17,2025,1,0,0,0,0,1,-0.8660254037844385,-0.5000000000000004,-0.7818314824680299,0.6234898018587334,73531.24,78406.8,45333.43,57910.50428571429,55504.227333333336,0,0,0,137,None,0.0,,,0.0,0.0,0.0,,warm,,
2025-08-18,Electronics,54386.46,48,1020.6,0,8,Monday,3,34,18,2025,0,0,0,0,0,1,-0.8660254037844385,-0.5000000000000004,0.0,1.0,51775.86,44985.21,63083.2,58283.44714285714,55214.336,0,0,0,136,None,0.0,,,0.0,0.0,0.0,,warm,,
2025-08-19,Electronics,51245.91,62,1178.29,1,8,Tuesday,3,34,19,2025,0,0,0,0,0,1,-0.8660254037844385,-0.5000000000000004,0.7818314824680298,0.6234898018587336,55564.78,44253.64,64818.26,57666.46571428572,54761.924333333336,0,0,0,135,None,0.0,,,0.0,0.0,0.0,,warm,,
2025-08-20,Electronics,58087.74,49,1923.32,2,8,Wednesday,3,34,20,2025,0,0,0,0,0,1,-0.8660254037844385,-0.5000000000000004,0.9749279121818236,-0.22252093395631434,51796.39,57448.4,44717.94,58565.229999999996,55207.58433333333,0,0,0,134,None,0.0,,,0.0,0.0,0.0,,warm,,
2025-08-21,Electronics,64134.7,68,662.16,3,8,Thursday,3,34,21,2025,0,0,0,0,0,1,-0.8660254037844385,-0.5000000000000004,0.43388373911755823,-0.900968867902419,54099.46,54255.95,41432.07,59998.83571428572,55964.33866666666,0,0,0,133,None,0.0,,,0.0,0.0,0.0,,warm,,
2025-08-22,Electronics,57533.57,50,1281.48,4,8,Friday,3,34,22,2025,0,0,0,0,0,1,-0.8660254037844385,-0.5000000000000004,-0.433883739117558,-0.9009688679024191,42059.87,58512.74,53841.26,62209.364285714284,56087.41566666667,0,0,0,132,None,0.0,,,0.0,0.0,0.0,,warm,,
2025-08-23,Electronics,73842.02,66,2445.08,5,8,Saturday,3,34,23,2025,1,0,0,0,0,1,-0.8660254037844385,-0.5000000000000004,-0.9749279121818236,-0.2225209339563146,75367.64,67090.63,44005.64,61991.41857142858,57081.96166666667,0,0,0,131,None,0.0,,,0.0,0.0,0.0,,warm,,
2025-08-24,Electronics,67137.44,61,1010.31,6,8,Sunday,3,34,24,2025,1,0,0,0,0,1,-0.8660254037844385,-0.5000000000000004,-0.7818314824680299,0.6234898018587334,74709.53,73531.24,43762.27,60909.69142857142,57861.134,0,0,0,130,None,0.0,,,0.0,0.0,0.0,,warm,,
2025-08-25,Electronics,51239.44,47,1076.24,0,8,Monday,3,35,25,2025,0,1,0,0,0,1,-0.8660254037844385,-0.5000000000000004,0.0,1.0,54386.46,51775.86,59237.11,60460.117142857154,57594.545000000006,0,0,0,129,None,0.0,,,0.0,0.0,0.0,,warm,,
2025-08-26,Electronics,44860.69,55,931.07,1,8,Tuesday,3,35,26,2025,0,1,0,0,0,1,-0.8660254037844385,-0.5000000000000004,0.7818314824680298,0.6234898018587336,51245.91,55564.78,59972.9,59547.94285714285,57090.80466666667,0,0,0,128,None,0.0,,,0.0,0.0,0.0,,warm,,
2025-08-27,Electronics,45063.77,42,1727.97,2,8,Wednesday,3,35,27,2025,0,1,0,0,0,1,-0.8660254037844385,-0.5000000000000004,0.9749279121818236,-0.22252093395631434,58087.74,51796.39,38599.86,57687.375714285714,57306.26833333333,0,0,0,127,None,0.0,,,0.0,0.0,0.0,,warm,,
2025-08-28,Electronics,52186.76,64,715.57,3,8,Thursday,3,35,28,2025,0,1,0,0,0,1,-0.8660254037844385,-0.5000000000000004,0.43388373911755823,-0.900968867902419,64134.7,54099.46,44964.12,55980.52714285714,57547.02300000001,0,0,0,126,None,0.0,,,0.0,0.0,0.0,,warm,,
2025-08-29,Electronics,52527.29,62,1212.01,4,8,Friday,3,35,29,2025,0,1,0,0,0,1,-0.8660254037844385,-0.5000000000000004,-0.433883739117558,-0.9009688679024191,57533.57,42059.87,47425.1,55265.34428571428,57717.096,0,0,0,125,None,0.0,,,0.0,0.0,0.0,,warm,,
2025-08-30,Electronics,86378.89,78,1608.06,5,8,Saturday,3,35,30,2025,1,1,0,0,0,1,-0.8660254037844385,-0.5000000000000004,-0.9749279121818236,-0.2225209339563146,73842.02,75367.64,49167.8,57056.32571428572,58957.46566666666,0,0,0,124,None,0.0,,,0.0,0.0,0.0,,warm,,
2025-08-31,Electronics,73331.7,61,1647.54,6,8,Sunday,3,35,31,2025,1,1,0,0,0,1,-0.8660254037844385,-0.5000000000000004,-0.7818314824680299,0.6234898018587334,67137.44,74709.53,51369.52,57941.219999999994,59689.53833333333,0,0,0,123,None,0.0,,,0.0,0.0,0.0,,warm,,
2025-09-01,Electronics,50902.23,50,1193.79,0,9,Monday,3,36,1,2025,0,0,1,0,0,1,-1.0,-1.8369701987210297e-16,0.0,1.0,51239.44,54386.46,74871.63,57893.04714285714,58890.558333333334,0,0,0,122,None,0.0,,,0.0,0.0,0.0,,warm,,
2025-09-02,Electronics,54574.72,64,2014.72,1,9,Tuesday,3,36,2,2025,0,0,1,0,0,1,-1.0,-1.8369701987210297e-16,0.7818314824680298,0.6234898018587336,44860.69,51245.91,78406.8,59280.76571428572,58096.155666666666,0,0,0,121,None,0.0,,,0.0,0.0,0.0,,warm,,
2025-09-03,Electronics,60728.86,61,2259.85,2,9,Wednesday,3,36,3,2025,0,0,1,0,0,1,-1.0,-1.8369701987210297e-16,0.9749279121818236,-0.22252093395631434,45063.77,58087.74,44985.21,61518.635714285716,58620.944,0,0,0,120,None,0.0,,,0.0,0.0,0.0,,warm,,
2025-09-04,Electronics,49799.79,47,1004.2,3,9,Thursday,3,36,4,2025,0,0,1,0,0,1,-1.0,-1.8369701987210297e-16,0.43388373911755823,-0.900968867902419,52186.76,64134.7,44253.64,61177.64,58805.81566666667,0,0,0,119,None,0.0,,,0.0,0.0,0.0,,warm,,
2025-09-05,Electronics,57897.03,63,2133.72,4,9,Friday,3,36,5,2025,0,0,1,0,0,1,-1.0,-1.8369701987210297e-16,-0.433883739117558,-0.9009688679024191,52527.29,57533.57,57448.4,61944.74571428572,58820.770000000004,0,0,0,118,None,0.0,,,0.0,0.0,0.0,,warm,,
2025-09-06,Electronics,78097.76,67,1108.15,5,9,Saturday,3,36,6,2025,1,0,0,0,0,1,-1.0,-1.8369701987210297e-16,-0.9749279121818236,-0.2225209339563146,86378.89,73842.02,54255.95,60761.72714285714,59615.497,0,0,0,117,None,0.0,,,0.0,0.0,0.0,,warm,,
2025-09-07,Electronics,70268.56,64,1848.95,6,9,Sunday,3,36,7,2025,1,0,0,0,0,1,-1.0,-1.8369701987210297e-16,-0.7818314824680299,0.6234898018587334,73331.7,67137.44,58512.74,60324.13571428571,60007.35766666666,0,0,0,116,None,0.0,,,0.0,0.0,0.0,,warm,,
2025-09-08,Electronics,52328.45,50,1247.7,0,9,Monday,3,37,8,2025,0,0,0,0,0,1,-1.0,-1.8369701987210297e-16,0.0,1.0,50902.23,51239.44,67090.63,60527.881428571425,59515.284999999996,0,0,0,115,None,0.0,,,0.0,0.0,0.0,,warm,,
2025-09-09,Electronics,51177.3,43,1773.89,1,9,Tuesday,3,37,9,2025,0,0,0,0,0,1,-1.0,-1.8369701987210297e-16,0.7818314824680298,0.6234898018587336,54574.72,44860.69,73531.24,60042.53571428572,58770.153666666665,0,0,0,114,None,0.0,,,0.0,0.0,0.0,,warm,,
2025-09-10,Electronics,57272.45,48,1573.46,2,9,Wednesday,3,37,10,2025,0,0,0,0,0,1,-1.0,-1.8369701987210297e-16,0.9749279121818236,-0.22252093395631434,60728.86,45063.77,51775.86,59548.76285714285,58953.37333333333,0,0,0,113,None,0.0,,,0.0,0.0,0.0,,warm,,
2025-09-11,Electronics,55139.49,60,1351.0,3,9,Thursday,3,37,11,2025,0,0,0,0,0,1,-1.0,-1.8369701987210297e-16,0.43388373911755823,-0.900968867902419,49799.79,52186.76,55564.78,60311.57714285714,58939.197,0,0,0,112,None,0.0,,,0.0,0.0,0.0,,warm,,
2025-09-12,Electronics,59957.83,62,827.97,4,9,Friday,3,37,12,2025,0,0,0,0,0,1,-1.0,-1.8369701987210297e-16,-0.433883739117558,-0.9009688679024191,57897.03,52527.29,51796.39,60605.97714285714,59211.244999999995,0,0,0,111,None,0.0,,,0.0,0.0,0.0,,warm,,
2025-09-13,Electronics,75143.87,65,2131.78,5,9,Saturday,3,37,13,2025,1,0,0,0,0,1,-1.0,-1.8369701987210297e-16,-0.9749279121818236,-0.2225209339563146,78097.76,86378.89,54099.46,60183.99285714285,59912.725333333336,0,0,0,110,None,0.0,,,0.0,0.0,0.0,,warm,,
2025-09-14,Electronics,71558.76,65,1415.64,6,9,Sunday,3,37,14,2025,1,0,0,0,0,1,-1.0,-1.8369701987210297e-16,-0.7818314824680299,0.6234898018587334,70268.56,73331.7,42059.87,60368.30714285715,60896.021666666675,0,0,0,109,None,0.0,,,0.0,0.0,0.0,,warm,,
2025-09-15,Electronics,55057.56,49,1474.18,0,9,Monday,3,38,15,2025,0,0,0,0,0,1,-1.0,-1.8369701987210297e-16,0.0,1.0,52328.45,50902.23,75367.64,60758.18,60219.01899999999,0,0,0,108,None,0.0,,,0.0,0.0,0.0,,warm,,
2025-09-16,Electronics,56552.03,67,1351.96,1,9,Tuesday,3,38,16,2025,0,0,0,0,0,1,-1.0,-1.8369701987210297e-16,0.7818314824680298,0.6234898018587336,51177.3,54574.72,74709.53,61525.998571428565,59613.76899999999,0,0,0,107,None,0.0,,,0.0,0.0,0.0,,warm,,
2025-09-17,Electronics,44059.28,41,968.42,2,9,Wednesday,3,38,17,2025,0,0,0,0,0,1,-1.0,-1.8369701987210297e-16,0.9749279121818236,-0.22252093395631434,57272.45,60728.86,54386.46,59638.40285714286,59269.52966666666,0,0,0,106,None,0.0,,,0.0,0.0,0.0,,warm,,
2025-09-18,Electronics,50080.98,53,974.82,3,9,Thursday,3,38,18,2025,0,0,0,0,0,1,-1.0,-1.8369701987210297e-16,0.43388373911755823,-0.900968867902419,55139.49,49799.79,51245.91,58915.758571428574,59230.69866666666,0,0,0,105,None,0.0,,,0.0,0.0,0.0,,warm,,
2025-09-19,Electronics,49014.54,41,1671.1,4,9,Friday,3,38,19,2025,0,0,0,0,0,1,-1.0,-1.8369701987210297e-16,-0.433883739117558,-0.9009688679024191,59957.83,57897.03,58087.74,57352.43142857143,58928.25866666667,0,0,0,104,None,0.0,,,0.0,0.0,0.0,,warm,,
2025-09-20,Electronics,92090.07,89,729.74,5,9,Saturday,3,38,20,2025,1,0,0,0,0,1,-1.0,-1.8369701987210297e-16,-0.9749279121818236,-0.2225209339563146,75143.87,78097.76,64134.7,59773.31714285714,59860.10433333334,0,0,0,103,None,0.0,,,0.0,0.0,0.0,,warm,,
2025-09-21,Electronics,68703.6,83,708.09,6,9,Sunday,3,38,21,2025,1,0,0,0,0,1,-1.0,-1.8369701987210297e-16,-0.7818314824680299,0.6234898018587334,71558.76,70268.56,57533.57,59365.43714285714,60232.43866666666,0,0,0,102,None,0.0,,,0.0,0.0,0.0,,warm,,
2025-09-22,Electronics,50202.85,42,2302.17,0,9,Monday,3,39,22,2025,0,0,0,0,0,1,-1.0,-1.8369701987210297e-16,0.0,1.0,55057.56,52328.45,73842.02,58671.90714285714,59444.46633333333,0,0,0,101,None,0.0,,,0.0,0.0,0.0,,warm,,
2025-09-23,Electronics,57821.86,69,1455.99,1,9,Tuesday,3,39,23,2025,0,0,0,0,0,1,-1.0,-1.8369701987210297e-16,0.7818314824680298,0.6234898018587336,56552.03,51177.3,67137.44,58853.31142857143,59133.94700000001,0,0,0,100,None,0.0,,,0.0,0.0,0.0,,warm,,
2025-09-24,Electronics,45520.79,44,1595.73,2,9,Wednesday,3,39,24,2025,0,0,0,0,0,1,-1.0,-1.8369701987210297e-16,0.9749279121818236,-0.22252093395631434,44059.28,57272.45,51239.44,59062.09857142857,58943.325333333334,0,0,0,99,None,0.0,,,0.0,0.0,0.0,,warm,,
2025-09-25,Electronics,54959.59,66,2099.53,3,9,Thursday,3,39,25,2025,0,1,0,0,0,1,-1.0,-1.8369701987210297e-16,0.43388373911755823,-0.900968867902419,50080.98,55139.49,44860.69,59759.042857142864,59279.95533333333,0,0,0,98,None,0.0,,,0.0,0.0,0.0,,warm,,
2025-09-26,Electronics,59836.22,52,2432.38,4,9,Friday,3,39,26,2025,0,1,0,0,0,1,-1.0,-1.8369701987210297e-16,-0.433883739117558,-0.9009688679024191,49014.54,59957.83,45063.77,61304.99714285714,59772.37033333333,0,0,0,97,None,0.0,,,0.0,0.0,0.0,,warm,,
2025-09-27,Electronics,76031.92,66,1927.11,5,9,Saturday,3,39,27,2025,1,1,0,0,0,1,-1.0,-1.8369701987210297e-16,-0.9749279121818236,-0.2225209339563146,92090.07,75143.87,52186.76,59010.97571428572,60567.208999999995,0,0,0,96,None,0.0,,,0.0,0.0,0.0,,warm,,
2025-09-28,Electronics,80577.48,93,1873.22,6,9,Sunday,3,39,28,2025,1,1,0,0,0,1,-1.0,-1.8369701987210297e-16,-0.7818314824680299,0.6234898018587334,68703.6,71558.76,52527.29,60707.24428571428,61502.21533333333,0,0,0,95,None,0.0,,,0.0,0.0,0.0,,warm,,
2025-09-29,Electronics,59066.73,61,942.5,0,9,Monday,3,40,29,2025,0,1,0,0,0,1,-1.0,-1.8369701987210297e-16,0.0,1.0,50202.85,55057.56,86378.89,61973.51285714286,60591.810000000005,0,0,0,94,None,0.0,,,0.0,0.0,0.0,,warm,,
2025-09-30,Electronics,52330.47,61,1564.61,1,9,Tuesday,3,40,30,2025,0,1,0,0,0,1,-1.0,-1.8369701987210297e-16,0.7818314824680298,0.6234898018587336,57821.86,56552.03,73331.7,61189.028571428564,59891.769,0,0,0,93,None,0.0,,,0.0,0.0,0.0,,warm,,
2025-10-01,Electronics,66238.62,66,893.08,2,10,Wednesday,4,40,1,2025,0,0,1,1,0,0,-0.8660254037844386,0.5000000000000001,0.9749279121818236,-0.22252093395631434,45520.79,44059.28,50902.23,64148.71857142857,60402.981999999996,0,0,0,92,None,0.0,,,0.0,0.0,0.0,,warm,,
2025-10-02,Electronics,57472.47,50,1967.21,3,10,Thursday,4,40,2,2025,0,0,1,1,0,0,-0.8660254037844386,0.5000000000000001,0.43388373911755823,-0.900968867902419,54959.59,50080.98,54574.72,64507.70142857143,60499.57366666666,0,0,0,91,None,0.0,,,0.0,0.0,0.0,,warm,,
2025-10-03,Electronics,64008.3,61,2317.55,4,10,Friday,4,40,3,2025,0,0,1,1,0,0,-0.8660254037844386,0.5000000000000001,-0.433883739117558,-0.9009688679024191,59836.22,49014.54,60728.86,65103.712857142855,60608.88833333333,0,0,0,90,None,0.0,,,0.0,0.0,0.0,,warm,,
2025-10-04,Electronics,104368.97,97,1395.46,5,10,Saturday,4,40,4,2025,1,0,1,1,0,0,-0.8660254037844386,0.5000000000000001,-0.9749279121818236,-0.2225209339563146,76031.92,92090.07,49799.79,69151.86285714286,62427.861,0,0,0,89,None,0.0,,,0.0,0.0,0.0,,warm,,
2025-10-05,Electronics,78873.69,72,2375.16,6,10,Sunday,4,40,5,2025,1,0,1,1,0,0,-0.8660254037844386,0.5000000000000001,-0.7818314824680299,0.6234898018587334,80577.48,68703.6,57897.03,68908.46428571429,63127.083,0,0,0,88,None,0.0,,,0.0,0.0,0.0,,warm,,
2025-10-06,Electronics,69080.95,78,2178.99,0,10,Monday,4,41,6,2025,0,0,0,1,0,0,-0.8660254037844386,0.5000000000000001,0.0,1.0,59066.73,50202.85,78097.76,70339.06714285714,62826.522666666664,0,0,0,87,None,0.0,,,0.0,0.0,0.0,,warm,,
2025-10-07,Electronics,67166.12,63,1310.53,1,10,Tuesday,4,41,7,2025,0,0,0,1,0,0,-0.8660254037844386,0.5000000000000001,0.7818314824680298,0.6234898018587336,52330.47,57821.86,70268.56,72458.44571428571,62723.108,0,0,0,86,None,0.0,,,0.0,0.0,0.0,,warm,,
2025-10-08,Electronics,70824.05,81,861.44,2,10,Wednesday,4,41,8,2025,0,0,0,1,0,0,-0.8660254037844386,0.5000000000000001,0.9749279121818236,-0.22252093395631434,66238.62,45520.79,52328.45,73113.50714285715,63339.628000000004,0,0,0,85,None,0.0,,,0.0,0.0,0.0,,warm,,
2025-10-09,Electronics,63293.8,78,2321.13,3,10,Thursday,4,41,9,2025,0,0,0,1,0,0,-0.8660254037844386,0.5000000000000001,0.43388373911755823,-0.900968867902419,57472.47,54959.59,51177.3,73945.12571428572,63743.511333333336,0,0,0,84,None,0.0,,,0.0,0.0,0.0,,warm,,
2025-10-10,Electronics,63647.46,67,1051.52,4,10,Friday,4,41,10,2025,0,0,0,1,0,0,-0.8660254037844386,0.5000000000000001,-0.433883739117558,-0.9009688679024191,64008.3,59836.22,57272.45,73893.57714285715,63956.01166666667,0,0,0,83,None,0.0,,,0.0,0.0,0.0,,warm,,
2025-10-11,Electronics,92974.14,88,1733.8,5,10,Saturday,4,41,11,2025,1,0,0,1,0,0,-0.8660254037844386,0.5000000000000001,-0.9749279121818236,-0.2225209339563146,104368.97,76031.92,55139.49,72265.74428571427,65217.166666666664,0,0,0,82,None,0.0,,,0.0,0.0,0.0,,warm,,
2025-10-12,Electronics,87592.07,94,1684.26,6,10,Sunday,4,41,12,2025,1,0,0,1,0,0,-0.8660254037844386,0.5000000000000001,-0.7818314824680299,0.6234898018587334,78873.69,80577.48,59957.83,73511.22714285714,66138.308,0,0,0,81,None,0.0,,,0.0,0.0,0.0,,warm,,
2025-10-13,Electronics,66305.61,62,1652.89,0,10,Monday,4,42,13,2025,0,0,0,1,0,0,-0.8660254037844386,0.5000000000000001,0.0,1.0,69080.95,59066.73,75143.87,73114.75000000001,65843.69933333334,0,0,0,80,None,0.0,,,0.0,0.0,0.0,,warm,,
2025-10-14,Electronics,79613.27,95,1255.12,1,10,Tuesday,4,42,14,2025,0,0,0,1,0,0,-0.8660254037844386,0.5000000000000001,0.7818314824680298,0.6234898018587336,67166.12,52330.47,71558.76,74892.91428571429,66112.183,0,0,0,79,None,0.0,,,0.0,0.0,0.0,,warm,,
2025-10-15,Electronics,84556.79,78,1243.24,2,10,Wednesday,4,42,15,2025,0,0,0,1,0,0,-0.8660254037844386,0.5000000000000001,0.9749279121818236,-0.22252093395631434,70824.05,66238.62,55057.56,76854.7342857143,67095.49066666668,0,0,0,78,None,0.0,,,0.0,0.0,0.0,,warm,,
2025-10-16,Electronics,79965.27,96,1960.49,3,10,Thursday,4,42,16,2025,0,0,0,1,0,0,-0.8660254037844386,0.5000000000000001,0.43388373911755823,-0.900968867902419,63293.8,57472.47,56552.03,79236.37285714285,67875.932,0,0,0,77,None,0.0,,,0.0,0.0,0.0,,warm,,
2025-10-17,Electronics,73038.25,68,1356.63,4,10,Friday,4,42,17,2025,0,0,0,1,0,0,-0.8660254037844386,0.5000000000000001,-0.433883739117558,-0.9009688679024191,63647.46,64008.3,44059.28,80577.91428571429,68841.89766666667,0,0,0,76,None,0.0,,,0.0,0.0,0.0,,warm,,
2025-10-18,Electronics,97036.37,85,1230.66,5,10,Saturday,4,42,18,2025,1,0,0,1,0,0,-0.8660254037844386,0.5000000000000001,-0.9749279121818236,-0.2225209339563146,92974.14,104368.97,50080.98,81158.23285714285,70407.07733333335,0,0,0,75,None,0.0,,,0.0,0.0,0.0,,warm,,
2025-10-19,Electronics,94484.54,105,1542.79,6,10,Sunday,4,42,19,2025,1,0,0,1,0,0,-0.8660254037844386,0.5000000000000001,-0.7818314824680299,0.6234898018587334,87592.07,78873.69,49014.54,82142.87142857142,71922.74399999999,0,0,0,74,None,0.0,,,0.0,0.0,0.0,,warm,,
2025-10-20,Electronics,67813.45,76,1636.4,0,10,Monday,4,43,20,2025,0,0,0,1,0,0,-0.8660254037844386,0.5000000000000001,0.0,1.0,66305.61,69080.95,92090.07,82358.27714285713,71113.52333333335,0,0,0,73,None,0.0,,,0.0,0.0,0.0,,warm,,
2025-10-21,Electronics,65422.5,56,1443.43,1,10,Tuesday,4,43,21,2025,0,0,0,1,0,0,-0.8660254037844386,0.5000000000000001,0.7818314824680298,0.6234898018587336,79613.27,67166.12,68703.6,80331.02428571427,71004.15333333334,0,0,0,72,None,0.0,,,0.0,0.0,0.0,,warm,,
2025-10-22,Electronics,69383.4,61,1371.8,2,10,Wednesday,4,43,22,2025,0,0,0,1,0,0,-0.8660254037844386,0.5000000000000001,0.9749279121818236,-0.22252093395631434,84556.79,70824.05,50202.85,78163.39714285715,71643.50499999999,0,0,0,71,None,0.0,,,0.0,0.0,0.0,,warm,,
2025-10-23,Electronics,74747.01,72,666.12,3,10,Thursday,4,43,23,2025,0,0,0,1,0,0,-0.8660254037844386,0.5000000000000001,0.43388373911755823,-0.900968867902419,79965.27,63293.8,57821.86,77417.93142857142,72207.67666666667,0,0,0,70,None,0.0,,,0.0,0.0,0.0,,warm,,
2025-10-24,Electronics,57218.49,49,1454.85,4,10,Friday,4,43,24,2025,0,0,0,1,0,0,-0.8660254037844386,0.5000000000000001,-0.433883739117558,-0.9009688679024191,73038.25,63647.46,45520.79,75157.9657142857,72597.6,0,0,0,69,None,0.0,,,0.0,0.0,0.0,,warm,,
2025-10-25,Electronics,86065.74,91,1074.26,5,10,Saturday,4,43,25,2025,1,1,0,1,0,0,-0.8660254037844386,0.5000000000000001,-0.9749279121818236,-0.2225209339563146,97036.37,92974.14,54959.59,73590.73285714285,73634.47166666666,0,0,0,68,None,0.0,,,0.0,0.0,0.0,,warm,,
2025-10-26,Electronics,86550.03,92,1937.67,6,10,Sunday,4,43,26,2025,1,1,0,1,0,0,-0.8660254037844386,0.5000000000000001,-0.7818314824680299,0.6234898018587334,94484.54,87592.07,59836.22,72457.23142857142,74524.932,0,0,0,67,None,0.0,,,0.0,0.0,0.0,,warm,,
2025-10-27,Electronics,58857.95,57,928.05,0,10,Monday,4,44,27,2025,0,1,0,1,0,0,-0.8660254037844386,0.5000000000000001,0.0,1.0,67813.45,66305.61,76031.92,71177.87428571428,73952.46633333333,0,0,0,66,None,0.0,,,0.0,0.0,0.0,,warm,,
2025-10-28,Electronics,60276.93,55,1151.69,1,10,Tuesday,4,44,28,2025,0,1,0,1,0,0,-0.8660254037844386,0.5000000000000001,0.7818314824680298,0.6234898018587336,65422.5,79613.27,80577.48,70442.79285714285,73275.78133333333,0,0,0,65,None,0.0,,,0.0,0.0,0.0,,warm,,
2025-10-29,Electronics,65871.66,76,2471.75,2,10,Wednesday,4,44,29,2025,0,1,0,1,0,0,-0.8660254037844386,0.5000000000000001,0.9749279121818236,-0.22252093395631434,69383.4,84556.79,59066.73,69941.11571428571,73502.61233333334,0,0,0,64,None,0.0,,,0.0,0.0,0.0,,warm,,
2025-10-30,Electronics,75041.75,69,846.57,3,10,Thursday,4,44,30,2025,0,1,0,1,0,0,-0.8660254037844386,0.5000000000000001,0.43388373911755823,-0.900968867902419,74747.01,79965.27,52330.47,69983.22142857143,74259.65500000001,0,0,0,63,None,0.0,,,0.0,0.0,0.0,,warm,,
2025-10-31,Electronics,71838.38,65,740.13,4,10,Friday,4,44,31,2025,0,1,0,1,0,0,-0.8660254037844386,0.5000000000000001,-0.433883739117558,-0.9009688679024191,57218.49,73038.25,66238.62,72071.77714285714,74446.31366666667,0,0,0,62,None,0.0,,,0.0,0.0,0.0,,warm,,
2025-11-01,Electronics,104248.07,94,945.73,5,11,Saturday,4,44,1,2025,1,0,1,1,0,0,-0.5000000000000004,0.8660254037844384,-0.9749279121818236,-0.2225209339563146,86065.74,97036.37,57472.47,74669.25285714286,76005.50033333333,0,0,0,61,None,0.0,,,0.0,0.0,0.0,,warm,,
2025-11-02,Electronics,92292.35,79,1028.39,6,11,Sunday,4,44,2,2025,1,0,1,1,0,0,-0.5000000000000004,0.8660254037844384,-0.7818314824680299,0.6234898018587334,86550.03,94484.54,64008.3,75489.58428571429,76948.302,0,0,0,60,None,0.0,,,0.0,0.0,0.0,,warm,,
2025-11-03,Electronics,54745.6,57,1767.41,0,11,Monday,4,45,3,2025,0,0,1,1,0,0,-0.5000000000000004,0.8660254037844384,0.0,1.0,58857.95,67813.45,104368.97,74902.10571428572,75294.18966666666,0,0,0,59,None,0.0,,,0.0,0.0,0.0,,warm,,
2025-11-04,Electronics,72804.15,65,1241.48,1,11,Tuesday,4,45,4,2025,0,0,1,1,0,0,-0.5000000000000004,0.8660254037844384,0.7818314824680298,0.6234898018587336,60276.93,65422.5,78873.69,76691.70857142858,75091.87166666666,0,0,0,58,None,0.0,,,0.0,0.0,0.0,,warm,,
2025-11-05,Electronics,59681.04,50,1687.06,2,11,Wednesday,4,45,5,2025,0,0,1,1,0,0,-0.5000000000000004,0.8660254037844384,0.9749279121818236,-0.22252093395631434,65871.66,69383.4,69080.95,75807.33428571429,74778.54133333334,0,0,0,57,None,0.0,,,0.0,0.0,0.0,,warm,,
2025-11-06,Electronics,68906.58,59,1371.58,3,11,Thursday,4,45,6,2025,0,0,0,1,0,0,-0.5000000000000004,0.8660254037844384,0.43388373911755823,-0.900968867902419,75041.75,74747.01,67166.12,74930.88142857143,74836.55666666667,0,0,0,56,None,0.0,,,0.0,0.0,0.0,,warm,,
2025-11-07,Electronics,65602.57,75,1193.91,4,11,Friday,4,45,7,2025,0,0,0,1,0,0,-0.5000000000000004,0.8660254037844384,-0.433883739117558,-0.9009688679024191,71838.38,57218.49,70824.05,74040.05142857143,74662.50733333333,0,0,0,55,None,0.0,,,0.0,0.0,0.0,,warm,,
2025-11-08,Electronics,103876.63,107,1059.3,5,11,Saturday,4,45,8,2025,1,0,0,1,0,0,-0.5000000000000004,0.8660254037844384,-0.9749279121818236,-0.2225209339563146,104248.07,86065.74,63293.8,73986.98857142858,76015.26833333333,0,0,0,54,None,0.0,,,0.0,0.0,0.0,,warm,,
2025-11-09,Electronics,94710.64,93,1071.71,6,11,Sunday,4,45,9,2025,1,0,0,1,0,0,-0.5000000000000004,0.8660254037844384,-0.7818314824680299,0.6234898018587334,92292.35,86550.03,63647.46,74332.45857142858,77050.70766666667,0,0,0,53,None,0.0,,,0.0,0.0,0.0,,warm,,
2025-11-10,Electronics,76392.41,73,1547.64,0,11,Monday,4,46,10,2025,0,0,0,1,0,0,-0.5000000000000004,0.8660254037844384,0.0,1.0,54745.6,58857.95,92974.14,77424.86,76497.98333333334,0,0,0,52,None,0.0,,,0.0,0.0,0.0,,warm,,
2025-11-11,Electronics,68835.9,70,692.45,1,11,Tuesday,4,46,11,2025,0,0,0,1,0,0,-0.5000000000000004,0.8660254037844384,0.7818314824680298,0.6234898018587336,72804.15,60276.93,87592.07,76857.96714285715,75872.77766666668,0,0,0,51,None,0.0,,,0.0,0.0,0.0,,warm,,
2025-11-12,Electronics,71029.14,75,1982.27,2,11,Wednesday,4,46,12,2025,0,0,0,1,0,0,-0.5000000000000004,0.8660254037844384,0.9749279121818236,-0.22252093395631434,59681.04,65871.66,66305.61,78479.12428571428,76030.22866666668,0,0,0,50,None,0.0,,,0.0,0.0,0.0,,warm,,
2025-11-13,Electronics,70445.18,84,1334.06,3,11,Thursday,4,46,13,2025,0,0,0,1,0,0,-0.5000000000000004,0.8660254037844384,0.43388373911755823,-0.900968867902419,68906.58,75041.75,79613.27,78698.92428571428,75724.62566666667,0,0,0,49,None,0.0,,,0.0,0.0,0.0,,warm,,
2025-11-14,Electronics,65762.71,77,1348.42,4,11,Friday,4,46,14,2025,0,0,0,1,0,0,-0.5000000000000004,0.8660254037844384,-0.433883739117558,-0.9009688679024191,65602.57,71838.38,84556.79,78721.80142857143,75098.15633333333,0,0,0,48,None,0.0,,,0.0,0.0,0.0,,warm,,
2025-11-15,Electronics,105467.95,128,673.94,5,11,Saturday,4,46,15,2025,1,0,0,1,0,0,-0.5000000000000004,0.8660254037844384,-0.9749279121818236,-0.2225209339563146,103876.63,104248.07,79965.27,78949.13285714285,75948.24566666667,0,0,0,47,None,0.0,,,0.0,0.0,0.0,,warm,,
2025-11-16,Electronics,106469.79,95,1205.21,6,11,Sunday,4,46,16,2025,1,0,0,1,0,0,-0.5000000000000004,0.8660254037844384,-0.7818314824680299,0.6234898018587334,94710.64,92292.35,73038.25,80629.01142857142,77062.63033333333,0,0,0,46,None,0.0,,,0.0,0.0,0.0,,warm,,
2025-11-17,Electronics,73464.7,63,1669.56,0,11,Monday,4,47,17,2025,0,0,0,1,0,0,-0.5000000000000004,0.8660254037844384,0.0,1.0,76392.41,54745.6,97036.37,80210.76714285715,76276.90800000001,0,0,0,45,None,0.0,,,0.0,0.0,0.0,,warm,,
2025-11-18,Electronics,63277.45,54,2256.99,1,11,Tuesday,4,47,18,2025,0,0,0,1,0,0,-0.5000000000000004,0.8660254037844384,0.7818314824680298,0.6234898018587336,68835.9,72804.15,94484.54,79416.70285714287,75236.67166666666,0,0,0,44,None,0.0,,,0.0,0.0,0.0,,warm,,
2025-11-19,Electronics,62966.54,68,1970.66,2,11,Wednesday,4,47,19,2025,0,0,0,1,0,0,-0.5000000000000004,0.8660254037844384,0.9749279121818236,-0.22252093395631434,71029.14,59681.04,67813.45,78264.90285714285,75075.10800000001,0,0,0,43,None,0.0,,,0.0,0.0,0.0,,warm,,
2025-11-20,Electronics,72708.97,63,1060.17,3,11,Thursday,4,47,20,2025,0,0,0,1,0,0,-0.5000000000000004,0.8660254037844384,0.43388373911755823,-0.900968867902419,70445.18,68906.58,65422.5,78588.30142857143,75317.99033333335,0,0,0,42,None,0.0,,,0.0,0.0,0.0,,warm,,
2025-11-21,Electronics,59942.23,66,1379.72,4,11,Friday,4,47,21,2025,0,0,0,1,0,0,-0.5000000000000004,0.8660254037844384,-0.433883739117558,-0.9009688679024191,65762.71,65602.57,69383.4,77756.80428571429,75003.28466666667,0,0,0,41,None,0.0,,,0.0,0.0,0.0,,warm,,
2025-11-22,Electronics,90697.44,100,1665.68,5,11,Saturday,4,47,22,2025,1,0,0,1,0,0,-0.5000000000000004,0.8660254037844384,-0.9749279121818236,-0.2225209339563146,105467.95,103876.63,74747.01,75646.73142857142,75534.96566666667,0,0,0,40,None,0.0,,,0.0,0.0,0.0,,warm,,
2025-11-23,Electronics,86625.64,88,1884.15,6,11,Sunday,4,47,23,2025,1,0,0,1,0,0,-0.5000000000000004,0.8660254037844384,-0.7818314824680299,0.6234898018587334,106469.79,94710.64,57218.49,72811.85285714285,76515.20399999998,0,0,0,39,None,0.0,,,0.0,0.0,0.0,,warm,,
2025-11-24,Electronics,65146.6,68,1027.25,0,11,Monday,4,48,24,2025,0,0,0,1,0,0,-0.5000000000000004,0.8660254037844384,0.0,1.0,73464.7,76392.41,86065.74,71623.55285714286,75817.89933333333,0,0,0,38,None,0.0,,,0.0,0.0,0.0,,warm,,
2025-11-25,Electronics,70402.78,60,1119.57,1,11,Tuesday,4,48,25,2025,0,1,0,1,0,0,-0.5000000000000004,0.8660254037844384,0.7818314824680298,0.6234898018587336,63277.45,68835.9,86550.03,72641.45714285715,75279.65766666667,0,0,0,37,None,0.0,,,0.0,0.0,0.0,,warm,,
2025-11-26,Electronics,67016.69,70,679.93,2,11,Wednesday,4,48,26,2025,0,1,0,1,0,0,-0.5000000000000004,0.8660254037844384,0.9749279121818236,-0.22252093395631434,62966.54,71029.14,58857.95,73220.05,75551.61566666668,0,0,0,36,None,0.0,,,0.0,0.0,0.0,,warm,,
2025-11-27,Electronics,66955.16,71,2372.75,3,11,Thursday,4,48,27,2025,0,1,0,1,0,0,-0.5000000000000004,0.8660254037844384,0.43388373911755823,-0.900968867902419,72708.97,70445.18,60276.93,72398.07714285715,75774.22333333334,0,0,0,35,None,0.0,,,0.0,0.0,0.0,,warm,,
2025-11-28,Electronics,74236.57,69,1028.78,4,11,Friday,4,48,28,2025,0,1,0,1,0,0,-0.5000000000000004,0.8660254037844384,-0.433883739117558,-0.9009688679024191,59942.23,65762.71,65871.66,74440.12571428572,76053.05366666666,0,0,0,34,None,0.0,,,0.0,0.0,0.0,,warm,,
2025-11-29,Electronics,81648.86,75,2458.03,5,11,Saturday,4,48,29,2025,1,1,0,1,0,0,-0.5000000000000004,0.8660254037844384,-0.9749279121818236,-0.2225209339563146,90697.44,105467.95,75041.75,73147.47142857143,76273.29066666665,0,0,0,33,None,0.0,,,0.0,0.0,0.0,,warm,,
2025-11-30,Electronics,89387.41,79,712.41,6,11,Sunday,4,48,30,2025,1,1,0,1,0,0,-0.5000000000000004,0.8660254037844384,-0.7818314824680299,0.6234898018587334,86625.64,106469.79,71838.38,73542.01,76858.25833333333,0,0,0,32,None,0.0,,,0.0,0.0,0.0,,warm,,
2025-12-01,Electronics,69963.49,78,1393.98,0,12,Monday,4,49,1,2025,0,0,1,1,0,0,-2.4492935982947064e-16,1.0,0.0,1.0,65146.6,73464.7,104248.07,74230.13714285714,75715.439,0,0,0,31,None,0.0,,,0.0,0.0,0.0,,warm,,
2025-12-02,Electronics,74962.3,79,2265.81,1,12,Tuesday,4,49,2,2025,0,0,1,1,0,0,-2.4492935982947064e-16,1.0,0.7818314824680298,0.6234898018587336,70402.78,63277.45,92292.35,74881.49714285714,75137.77066666666,0,0,0,30,None,0.0,,,0.0,0.0,0.0,,warm,,
2025-12-03,Electronics,59762.17,56,2289.59,2,12,Wednesday,4,49,3,2025,0,0,1,1,0,0,-2.4492935982947064e-16,1.0,0.9749279121818236,-0.22252093395631434,67016.69,62966.54,54745.6,73845.13714285714,75304.98966666666,0,0,0,29,None,0.0,,,0.0,0.0,0.0,,warm,,
2025-12-04,Electronics,69669.16,74,1965.34,3,12,Thursday,4,49,4,2025,0,0,1,1,0,0,-2.4492935982947064e-16,1.0,0.43388373911755823,-0.900968867902419,66955.16,72708.97,72804.15,74232.85142857143,75200.49,0,0,0,28,None,0.0,,,0.0,0.0,0.0,,warm,,
2025-12-05,Electronics,74007.59,73,2171.28,4,12,Friday,4,49,5,2025,0,0,1,1,0,0,-2.4492935982947064e-16,1.0,-0.433883739117558,-0.9009688679024191,74236.57,59942.23,59681.04,74200.14,75678.04166666667,0,0,0,27,None,0.0,,,0.0,0.0,0.0,,warm,,
2025-12-06,Electronics,88413.45,95,612.98,5,12,Saturday,4,49,6,2025,1,0,0,1,0,0,-2.4492935982947064e-16,1.0,-0.9749279121818236,-0.2225209339563146,81648.86,90697.44,68906.58,75166.51,76328.27066666666,0,0,0,26,None,0.0,,,0.0,0.0,0.0,,warm,,
2025-12-07,Electronics,91266.96,97,1842.0,6,12,Sunday,4,49,7,2025,1,0,0,1,0,0,-2.4492935982947064e-16,1.0,-0.7818314824680299,0.6234898018587334,89387.41,86625.64,65602.57,75435.01714285715,77183.75033333334,0,0,0,25,None,0.0,,,0.0,0.0,0.0,,warm,,
2025-12-08,Electronics,60808.1,52,2062.7,0,12,Monday,4,50,8,2025,0,0,0,1,0,0,-2.4492935982947064e-16,1.0,0.0,1.0,69963.49,65146.6,103876.63,74127.10428571429,75748.13266666667,0,0,0,24,None,0.0,,,0.0,0.0,0.0,,warm,,
2025-12-09,Electronics,74316.27,72,2020.7,1,12,Tuesday,4,50,9,2025,0,0,0,1,0,0,-2.4492935982947064e-16,1.0,0.7818314824680298,0.6234898018587336,74962.3,70402.78,94710.64,74034.81428571428,75068.32033333332,0,0,0,23,None,0.0,,,0.0,0.0,0.0,,warm,,
2025-12-10,Electronics,50629.01,42,1070.18,2,12,Wednesday,4,50,10,2025,0,0,0,1,0,0,-2.4492935982947064e-16,1.0,0.9749279121818236,-0.22252093395631434,59762.17,67016.69,76392.41,72730.07714285715,74209.54033333334,0,0,0,22,None,0.0,,,0.0,0.0,0.0,,warm,,
2025-12-11,Electronics,83968.33,97,717.34,3,12,Thursday,4,50,11,2025,0,0,0,1,0,0,-2.4492935982947064e-16,1.0,0.43388373911755823,-0.900968867902419,69669.16,66955.16,68835.9,74772.81571428572,74713.95466666667,0,0,0,21,None,0.0,,,0.0,0.0,0.0,,warm,,
2025-12-12,Electronics,72622.77,63,990.26,4,12,Friday,4,50,12,2025,0,0,0,1,0,0,-2.4492935982947064e-16,1.0,-0.433883739117558,-0.9009688679024191,74007.59,74236.57,71029.14,74574.9842857143,74767.07566666667,0,0,0,20,None,0.0,,,0.0,0.0,0.0,,warm,,
2025-12-13,Electronics,88567.35,81,709.7,5,12,Saturday,4,50,13,2025,1,0,0,1,0,0,-2.4492935982947064e-16,1.0,-0.9749279121818236,-0.2225209339563146,88413.45,81648.86,70445.18,74596.97,75371.148,0,0,0,19,None,0.0,,,0.0,0.0,0.0,,warm,,
2025-12-14,Electronics,92764.29,84,738.76,6,12,Sunday,4,50,14,2025,1,0,0,1,0,0,-2.4492935982947064e-16,1.0,-0.7818314824680299,0.6234898018587334,91266.96,89387.41,65762.71,74810.87428571428,76271.20066666667,0,0,0,18,None,0.0,,,0.0,0.0,0.0,,warm,,
2025-12-15,Electronics,73850.21,70,660.3,0,12,Monday,4,51,15,2025,0,0,0,1,0,0,-2.4492935982947064e-16,1.0,0.0,1.0,60808.1,69963.49,105467.95,76674.03285714285,75217.276,0,0,0,17,None,0.0,,,0.0,0.0,0.0,,warm,,
2025-12-16,Electronics,68211.28,68,1452.22,1,12,Tuesday,4,51,16,2025,0,0,0,1,0,0,-2.4492935982947064e-16,1.0,0.7818314824680298,0.6234898018587336,74316.27,74962.3,106469.79,75801.89142857143,73941.99233333333,0,0,0,16,None,0.0,,,0.0,0.0,0.0,,warm,,
2025-12-17,Electronics,70473.2,65,1346.81,2,12,Wednesday,4,51,17,2025,0,0,0,1,0,0,-2.4492935982947064e-16,1.0,0.9749279121818236,-0.22252093395631434,50629.01,59762.17,73464.7,78636.77571428572,73842.27566666668,0,0,0,15,None,0.0,,,0.0,0.0,0.0,,warm,,
2025-12-18,Electronics,68345.27,58,1634.45,3,12,Thursday,4,51,18,2025,0,0,0,1,0,0,-2.4492935982947064e-16,1.0,0.43388373911755823,-0.900968867902419,83968.33,69669.16,63277.45,76404.91,74011.203,0,0,0,14,None,0.0,,,0.0,0.0,0.0,,warm,,
2025-12-19,Electronics,67773.99,57,2054.43,4,12,Friday,4,51,19,2025,0,0,0,1,0,0,-2.4492935982947064e-16,1.0,-0.433883739117558,-0.9009688679024191,72622.77,74007.59,62966.54,75712.22714285714,74171.45133333333,0,0,0,13,None,0.0,,,0.0,0.0,0.0,,warm,,
2025-12-20,Electronics,79790.3,97,1448.24,5,12,Saturday,4,51,20,2025,1,0,0,1,0,0,-2.4492935982947064e-16,1.0,-0.9749279121818236,-0.2225209339563146,88567.35,88413.45,72708.97,74458.36285714286,74407.49566666665,0,0,0,12,None,0.0,,,0.0,0.0,0.0,,warm,,
2025-12-21,Electronics,102495.05,86,2241.09,6,12,Sunday,4,51,21,2025,1,0,0,1,0,0,-2.4492935982947064e-16,1.0,-0.7818314824680299,0.6234898018587334,92764.29,91266.96,59942.23,75848.47142857143,75825.923,0,0,0,11,None,0.0,,,0.0,0.0,0.0,,warm,,
2025-12-22,Electronics,59483.71,51,2154.93,0,12,Monday,4,52,22,2025,0,0,0,1,0,0,-2.4492935982947064e-16,1.0,0.0,1.0,73850.21,60808.1,90697.44,73796.1142857143,74785.46533333333,0,0,0,10,None,0.0,,,0.0,0.0,0.0,,warm,,
2025-12-23,Electronics,66623.71,61,2402.19,1,12,Tuesday,4,52,23,2025,0,0,0,1,0,0,-2.4492935982947064e-16,1.0,0.7818314824680298,0.6234898018587336,68211.28,74316.27,86625.64,73569.31857142856,74118.73433333334,0,0,0,9,None,0.0,,,0.0,0.0,0.0,,warm,,
2025-12-24,Electronics,63736.93,55,1324.19,2,12,Wednesday,4,52,24,2025,0,0,0,1,0,0,-2.4492935982947064e-16,1.0,0.9749279121818236,-0.22252093395631434,70473.2,50629.01,65146.6,72606.9942857143,74071.74533333334,0,0,0,8,None,0.0,,,0.0,0.0,0.0,,warm,,
2025-12-25,Electronics,78564.04,85,2213.75,3,12,Thursday,4,52,25,2025,0,1,0,1,0,0,-2.4492935982947064e-16,1.0,0.43388373911755823,-0.900968867902419,68345.27,83968.33,70402.78,74066.81857142858,74343.78733333334,0,0,0,7,None,0.0,,,0.0,0.0,0.0,,warm,,
2025-12-26,Electronics,64940.89,74,1338.0,4,12,Friday,4,52,26,2025,0,1,0,1,0,0,-2.4492935982947064e-16,1.0,-0.433883739117558,-0.9009688679024191,67773.99,72622.77,67016.69,73662.09,74274.594,0,0,0,6,None,0.0,,,0.0,0.0,0.0,,warm,,
2025-12-27,Electronics,79971.84,89,697.92,5,12,Saturday,4,52,27,2025,1,1,0,1,0,0,-2.4492935982947064e-16,1.0,-0.9749279121818236,-0.2225209339563146,79790.3,88567.35,66955.16,73688.02428571429,74708.48333333335,0,0,0,5,None,0.0,,,0.0,0.0,0.0,,warm,,
2025-12-28,Electronics,94140.15,82,1661.82,6,12,Sunday,4,52,28,2025,1,1,0,1,0,0,-2.4492935982947064e-16,1.0,-0.7818314824680299,0.6234898018587334,102495.05,92764.29,74236.57,72494.46714285715,75371.936,0,0,0,4,None,0.0,,,0.0,0.0,0.0,,warm,,
2025-12-29,Electronics,59334.92,68,2019.07,0,12,Monday,4,1,29,2025,0,1,0,1,0,0,-2.4492935982947064e-16,1.0,0.0,1.0,59483.71,73850.21,81648.86,72473.21142857142,74628.138,0,0,0,3,None,0.3,,,0.0,0.0,0.0,,warm,,
2025-12-30,Electronics,71268.71,59,1137.81,1,12,Tuesday,4,1,30,2025,0,1,0,1,0,0,-2.4492935982947064e-16,1.0,0.7818314824680298,0.6234898018587336,66623.71,68211.28,89387.41,73136.78285714287,74024.18133333333,0,0,0,2,None,0.3,,,0.0,0.0,0.0,,warm,,
2025-12-31,Electronics,57957.43,49,1492.03,2,12,Wednesday,4,1,31,2025,0,1,0,1,0,0,-2.4492935982947064e-16,1.0,0.9749279121818236,-0.22252093395631434,63736.93,70473.2,69963.49,72311.14,73623.97933333335,0,1,0,1,None,0.25,,,0.0,0.0,0.0,,warm,,
2026-01-01,Electronics,49910.9,61,1095.47,3,1,Thursday,1,1,1,2026,0,0,1,0,0,0,0.49999999999999994,0.8660254037844387,0.43388373911755823,-0.900968867902419,78564.04,68345.27,74962.3,68217.83428571429,72788.93266666666,1,0,0,0,Optional holiday,0.5,,,0.0,0.0,0.0,,warm,,
2026-01-02,Electronics,45637.73,49,1548.67,4,1,Friday,1,1,2,2026,0,0,1,0,0,0,0.49999999999999994,0.8660254037844387,-0.433883739117558,-0.9009688679024191,64940.89,67773.99,59762.17,65460.24,72318.118,0,1,1,1,None,0.25,,,0.0,0.0,0.0,,warm,,
2026-01-03,Electronics,61561.26,59,919.64,5,1,Saturday,1,1,3,2026,1,0,1,0,0,0,0.49999999999999994,0.8660254037844387,-0.9749279121818236,-0.2225209339563146,79971.84,79790.3,69669.16,62830.15714285715,72047.85466666665,1,0,0,0,Optional holiday,0.5,,,0.0,0.0,0.0,,warm,,
2026-01-04,Electronics,52662.76,63,1595.49,6,1,Sunday,1,1,4,2026,1,0,1,0,0,0,0.49999999999999994,0.8660254037844387,-0.7818314824680299,0.6234898018587334,94140.15,102495.05,74007.59,56904.815714285716,71336.36033333333,0,0,1,10,None,0.15,,,0.0,0.0,0.0,,warm,,
2026-01-05,Electronics,46748.6,40,886.96,0,1,Monday,1,2,5,2026,0,0,1,0,0,0,0.49999999999999994,0.8660254037844387,0.0,1.0,59334.92,59483.71,88413.45,55106.770000000004,69947.53199999999,0,0,0,9,None,0.0,,,0.0,0.0,0.0,,warm,,
2026-01-06,Electronics,44555.0,39,1526.92,1,1,Tuesday,1,2,6,2026,0,0,0,0,0,0,0.49999999999999994,0.8660254037844387,0.7818314824680298,0.6234898018587336,71268.71,66623.71,91266.96,51290.525714285715,68390.46666666666,0,0,0,8,None,0.0,,,0.0,0.0,0.0,,warm,,
2026-01-07,Electronics,41993.59,51,1554.21,2,1,Wednesday,1,2,7,2026,0,0,0,0,0,0,0.49999999999999994,0.8660254037844387,0.9749279121818236,-0.22252093395631434,57957.43,63736.93,60808.1,49009.97714285714,67763.31633333334,0,0,0,7,None,0.0,,,0.0,0.0,0.0,,warm,,
2026-01-08,Electronics,40956.89,38,1079.59,3,1,Thursday,1,2,8,2026,0,0,0,0,0,0,0.49999999999999994,0.8660254037844387,0.43388373911755823,-0.900968867902419,49910.9,78564.04,74316.27,47730.83285714285,66651.337,0,0,0,6,None,0.0,,,0.0,0.0,0.0,,warm,,
2026-01-09,Electronics,44887.38,49,1169.95,4,1,Friday,1,2,9,2026,0,0,0,0,0,0,0.49999999999999994,0.8660254037844387,-0.433883739117558,-0.9009688679024191,45637.73,64940.89,50629.01,47623.64,66459.94933333334,0,0,0,5,None,0.0,,,0.0,0.0,0.0,,warm,,
2026-01-10,Electronics,52780.59,63,1809.82,5,1,Saturday,1,2,10,2026,1,0,0,0,0,0,0.49999999999999994,0.8660254037844387,-0.9749279121818236,-0.2225209339563146,61561.26,79971.84,83968.33,46369.258571428574,65420.35800000001,0,0,0,4,None,0.0,,,0.0,0.0,0.0,,warm,,
2026-01-11,Electronics,61094.15,72,2300.1,6,1,Sunday,1,2,11,2026,1,0,0,0,0,0,0.49999999999999994,0.8660254037844387,-0.7818314824680299,0.6234898018587334,52662.76,94140.15,72622.77,47573.74285714285,65036.070666666674,0,0,0,3,None,0.3,,,0.0,0.0,0.0,,warm,,
2026-01-12,Electronics,36110.4,38,2308.69,0,1,Monday,1,3,12,2026,0,0,0,0,0,0,0.49999999999999994,0.8660254037844387,0.0,1.0,46748.6,59334.92,88567.35,46054.0,63287.505666666664,0,0,0,2,None,0.3,,,0.0,0.0,0.0,,warm,,
2026-01-13,Electronics,51888.38,43,2159.31,1,1,Tuesday,1,3,13,2026,0,0,0,0,0,0,0.49999999999999994,0.8660254037844387,0.7818314824680298,0.6234898018587336,44555.0,71268.71,92764.29,47101.625714285714,61924.975333333336,0,1,0,1,None,0.25,,,0.0,0.0,0.0,,warm,,
2026-01-14,Electronics,43483.11,40,1230.29,2,1,Wednesday,1,3,14,2026,0,0,0,0,0,0,0.49999999999999994,0.8660254037844387,0.9749279121818236,-0.22252093395631434,41993.59,57957.43,73850.21,47314.41428571429,60912.738666666664,1,0,0,0,Hinduism,0.5,,,0.0,0.0,0.0,,warm,,
2026-01-15,Electronics,45722.58,44,1041.07,3,1,Thursday,1,3,15,2026,0,0,0,0,0,0,0.49999999999999994,0.8660254037844387,0.43388373911755823,-0.900968867902419,40956.89,49910.9,68211.28,47995.22714285715,60163.115333333335,0,0,1,8,None,0.15,,,0.0,0.0,0.0,,warm,,
2026-01-16,Electronics,38317.96,34,1119.32,4,1,Friday,1,3,16,2026,0,0,0,0,0,0,0.49999999999999994,0.8660254037844387,-0.433883739117558,-0.9009688679024191,44887.38,45637.73,70473.2,47056.73857142857,59091.274,0,0,0,7,None,0.0,,,0.0,0.0,0.0,,warm,,
2026-01-17,Electronics,53641.56,53,762.82,5,1,Saturday,1,3,17,2026,1,0,0,0,0,0,0.49999999999999994,0.8660254037844387,-0.9749279121818236,-0.2225209339563146,52780.59,61561.26,68345.27,47179.73428571428,58601.15033333333,0,0,0,6,None,0.0,,,0.0,0.0,0.0,,warm,,
2026-01-18,Electronics,45009.42,40,893.13,6,1,Sunday,1,3,18,2026,1,0,0,0,0,0,0.49999999999999994,0.8660254037844387,-0.7818314824680299,0.6234898018587334,61094.15,52662.76,67773.99,44881.91571428572,57842.33133333333,0,0,0,5,None,0.0,,,0.0,0.0,0.0,,warm,,
2026-01-19,Electronics,44931.11,51,765.86,0,1,Monday,1,4,19,2026,0,0,0,0,0,0,0.49999999999999994,0.8660254037844387,0.0,1.0,36110.4,46748.6,79790.3,46142.01714285714,56680.35833333333,0,0,0,4,None,0.0,,,0.0,0.0,0.0,,warm,,
2026-01-20,Electronics,44286.62,40,1736.28,1,1,Tuesday,1,4,20,2026,0,0,0,0,0,0,0.49999999999999994,0.8660254037844387,0.7818314824680298,0.6234898018587336,51888.38,44555.0,102495.05,45056.05142857142,54740.07733333333,0,0,0,3,None,0.3,,,0.0,0.0,0.0,,warm,,
2026-01-21,Electronics,44221.74,47,1686.72,2,1,Wednesday,1,4,21,2026,0,0,0,0,0,0,0.49999999999999994,0.8660254037844387,0.9749279121818236,-0.22252093395631434,43483.11,41993.59,59483.71,45161.57,54231.344999999994,0,0,0,2,None,0.3,,,0.0,0.0,0.0,,warm,,
2026-01-22,Electronics,44058.04,43,1124.33,3,1,Thursday,1,4,22,2026,0,0,0,0,0,0,0.49999999999999994,0.8660254037844387,0.43388373911755823,-0.900968867902419,45722.58,40956.89,66623.71,44923.778571428564,53479.155999999995,0,1,0,1,None,0.25,,,0.0,0.0,0.0,,warm,,
2026-01-23,Electronics,48050.67,53,1469.94,4,1,Friday,1,4,23,2026,0,0,0,0,0,0,0.49999999999999994,0.8660254037844387,-0.433883739117558,-0.9009688679024191,38317.96,44887.38,63736.93,46314.16571428572,52956.28066666667,1,0,0,0,Hinduism,0.5,,,0.0,0.0,0.0,,warm,,
2026-01-24,Electronics,62568.2,61,2149.4,5,1,Saturday,1,4,24,2026,1,0,0,0,0,0,0.49999999999999994,0.8660254037844387,-0.9749279121818236,-0.2225209339563146,53641.56,52780.59,78564.04,47589.40000000001,52423.086,0,0,1,2,None,0.15,,,0.0,0.0,0.0,,warm,,
2026-01-25,Electronics,63544.33,71,2432.69,6,1,Sunday,1,4,25,2026,1,1,0,0,0,0,0.49999999999999994,0.8660254037844387,-0.7818314824680299,0.6234898018587334,45009.42,61094.15,64940.89,50237.24428571428,52376.53399999999,0,1,0,1,None,0.25,,,0.0,0.0,0.0,,warm,,
2026-01-26,Electronics,45831.06,45,1293.53,0,1,Monday,1,5,26,2026,0,1,0,0,0,0,0.49999999999999994,0.8660254037844387,0.0,1.0,44931.11,36110.4,79971.84,50365.80857142857,51238.508,1,0,0,0,National holiday,0.5,,,0.0,0.0,0.0,,warm,,
2026-01-27,Electronics,40288.9,34,998.33,1,1,Tuesday,1,5,27,2026,0,1,0,0,0,0,0.49999999999999994,0.8660254037844387,0.7818314824680298,0.6234898018587336,44286.62,51888.38,94140.15,49794.705714285716,49443.46633333333,0,0,1,5,None,0.15,,,0.0,0.0,0.0,,warm,,
2026-01-28,Electronics,41594.42,45,1080.1,2,1,Wednesday,1,5,28,2026,0,1,0,0,0,0,0.49999999999999994,0.8660254037844387,0.9749279121818236,-0.22252093395631434,44221.74,43483.11,59334.92,49419.374285714286,48852.11633333333,0,0,0,4,None,0.0,,,0.0,0.0,0.0,,warm,,
2026-01-29,Electronics,50976.87,44,1394.77,3,1,Thursday,1,5,29,2026,0,1,0,0,0,0,0.49999999999999994,0.8660254037844387,0.43388373911755823,-0.900968867902419,44058.04,45722.58,71268.71,50407.778571428564,48175.721666666665,0,0,0,3,None,0.3,,,0.0,0.0,0.0,,warm,,
2026-01-30,Electronics,49175.28,53,1849.44,4,1,Friday,1,5,30,2026,0,1,0,0,0,0,0.49999999999999994,0.8660254037844387,-0.433883739117558,-0.9009688679024191,48050.67,38317.96,57957.43,50568.43714285714,47882.98333333333,0,0,0,2,None,0.3,,,0.0,0.0,0.0,,warm,,
2026-01-31,Electronics,64020.15,66,2434.86,5,1,Saturday,1,5,31,2026,1,1,0,0,0,0,0.49999999999999994,0.8660254037844387,-0.9749279121818236,-0.2225209339563146,62568.2,53641.56,49910.9,50775.858571428565,48353.291666666664,0,1,0,1,None,0.25,,,0.0,0.0,0.0,,warm,,
2026-02-01,Electronics,48804.38,44,1019.96,6,2,Sunday,1,5,1,2026,1,0,1,0,0,0,0.8660254037844386,0.5000000000000001,-0.7818314824680299,0.6234898018587334,63544.33,45009.42,45637.73,48670.15142857143,48458.846666666665,1,0,0,0,Optional holiday,0.5,,,0.0,0.0,0.0,,warm,,
2026-02-02,Electronics,46383.33,44,798.64,0,2,Monday,1,6,2,2026,0,0,1,0,0,0,0.8660254037844386,0.5000000000000001,0.0,1.0,45831.06,44931.11,61561.26,48749.04714285715,47952.91566666667,0,0,1,10,None,0.15,,,0.0,0.0,0.0,,warm,,
2026-02-03,Electronics,46271.61,51,1590.12,1,2,Tuesday,1,6,3,2026,0,0,1,0,0,0,0.8660254037844386,0.5000000000000001,0.7818314824680298,0.6234898018587336,40288.9,44286.62,52662.76,49603.719999999994,47739.87733333333,0,0,0,9,None,0.0,,,0.0,0.0,0.0,,warm,,
2026-02-04,Electronics,47982.97,41,818.66,2,2,Wednesday,1,6,4,2026,0,0,1,0,0,0,0.8660254037844386,0.5000000000000001,0.9749279121818236,-0.22252093395631434,41594.42,44221.74,46748.6,50516.37,47781.02300000001,0,0,0,8,None,0.0,,,0.0,0.0,0.0,,warm,,
2026-02-05,Electronics,42068.89,43,1663.71,3,2,Thursday,1,6,5,2026,0,0,1,0,0,0,0.8660254037844386,0.5000000000000001,0.43388373911755823,-0.900968867902419,50976.87,44058.04,44555.0,49243.80142857142,47698.15266666667,0,0,0,7,None,0.0,,,0.0,0.0,0.0,,warm,,
2026-02-06,Electronics,46389.75,39,1766.8,4,2,Friday,1,6,6,2026,0,0,0,0,0,0,0.8660254037844386,0.5000000000000001,-0.433883739117558,-0.9009688679024191,49175.28,48050.67,41993.59,48845.86857142857,47844.691333333336,0,0,0,6,None,0.0,,,0.0,0.0,0.0,,warm,,
2026-02-07,Electronics,50053.37,60,1696.96,5,2,Saturday,1,6,7,2026,1,0,0,0,0,0,0.8660254037844386,0.5000000000000001,-0.9749279121818236,-0.2225209339563146,64020.15,62568.2,40956.89,46850.61428571429,48147.90733333334,0,0,0,5,None,0.0,,,0.0,0.0,0.0,,warm,,
2026-02-08,Electronics,59908.88,53,1195.47,6,2,Sunday,1,6,8,2026,1,0,0,0,0,0,0.8660254037844386,0.5000000000000001,-0.7818314824680299,0.6234898018587334,48804.38,63544.33,44887.38,48436.971428571436,48648.623999999996,0,0,0,4,None,0.0,,,0.0,0.0,0.0,,warm,,
2026-02-09,Electronics,47648.6,41,1941.38,0,2,Monday,1,7,9,2026,0,0,0,0,0,0,0.8660254037844386,0.5000000000000001,0.0,1.0,46383.33,45831.06,52780.59,48617.724285714285,48477.55766666667,0,0,0,3,None,0.3,,,0.0,0.0,0.0,,warm,,
2026-02-10,Electronics,50384.84,56,1309.28,1,2,Tuesday,1,7,10,2026,0,0,0,0,0,0,0.8660254037844386,0.5000000000000001,0.7818314824680298,0.6234898018587336,46271.61,40288.9,61094.15,49205.32857142857,48120.58066666666,0,0,0,2,None,0.3,,,0.0,0.0,0.0,,warm,,
2026-02-11,Electronics,47917.26,44,1917.52,2,2,Wednesday,1,7,11,2026,0,0,0,0,0,0,0.8660254037844386,0.5000000000000001,0.9749279121818236,-0.22252093395631434,47982.97,41594.42,36110.4,49195.94142857142,48514.14266666667,0,1,0,1,None,0.25,,,0.0,0.0,0.0,,warm,,
2026-02-12,Electronics,48250.72,46,1776.88,3,2,Thursday,1,7,12,2026,0,0,0,0,0,0,0.8660254037844386,0.5000000000000001,0.43388373911755823,-0.900968867902419,42068.89,50976.87,51888.38,50079.06,48392.88733333333,1,0,0,0,Optional holiday,0.5,,,0.0,0.0,0.0,,warm,,
2026-02-13,Electronics,49196.66,48,1900.92,4,2,Friday,1,7,13,2026,0,0,0,0,0,0,0.8660254037844386,0.5000000000000001,-0.433883739117558,-0.9009688679024191,46389.75,49175.28,43483.11,50480.04714285715,48583.33900000001,0,1,1,1,None,0.25,,,0.0,0.0,0.0,,warm,,
2026-02-14,Electronics,57397.46,70,1122.22,5,2,Saturday,1,7,14,2026,1,0,0,0,0,0,0.8660254037844386,0.5000000000000001,-0.9749279121818236,-0.2225209339563146,50053.37,64020.15,45722.58,51529.20285714285,48972.50166666667,1,1,0,0,Observance,0.5,,,0.0,0.0,0.0,,warm,,
2026-02-15,Electronics,72937.01,85,1688.16,6,2,Sunday,1,7,15,2026,1,0,0,0,0,0,0.8660254037844386,0.5000000000000001,-0.7818314824680299,0.6234898018587334,59908.88,48804.38,38317.96,53390.36428571429,50126.47,1,0,1,0,Hinduism,0.5,,,0.0,0.0,0.0,,warm,,
2026-02-16,Electronics,48502.62,53,2480.57,0,2,Monday,1,8,16,2026,0,0,0,0,0,0,0.8660254037844386,0.5000000000000001,0.0,1.0,47648.6,46383.33,53641.56,53512.36714285715,49955.172,0,1,1,1,None,0.25,,,0.0,0.0,0.0,,warm,,
2026-02-17,Electronics,42960.47,43,2238.18,1,2,Tuesday,1,8,17,2026,0,0,0,0,0,0,0.8660254037844386,0.5000000000000001,0.7818314824680298,0.6234898018587336,50384.84,46271.61,45009.42,52451.74285714286,49886.87366666667,1,0,0,0,Observance,0.5,,,0.0,0.0,0.0,,warm,,
2026-02-18,Electronics,39862.4,40,2235.99,2,2,Wednesday,1,8,18,2026,0,0,0,0,0,0,0.8660254037844386,0.5000000000000001,0.9749279121818236,-0.22252093395631434,47917.26,47982.97,44931.11,51301.048571428575,49717.916666666664,0,1,1,1,None,0.25,,,0.0,0.0,0.0,,warm,,
2026-02-19,Electronics,44452.14,41,1134.06,3,2,Thursday,1,8,19,2026,0,0,0,0,0,0,0.8660254037844386,0.5000000000000001,0.43388373911755823,-0.900968867902419,48250.72,42068.89,44286.62,50758.39428571429,49723.434,1,0,0,0,Optional holiday,0.5,,,0.0,0.0,0.0,,warm,,
2026-02-20,Electronics,50494.65,44,2148.84,4,2,Friday,1,8,20,2026,0,0,0,0,0,0,0.8660254037844386,0.5000000000000001,-0.433883739117558,-0.9009688679024191,49196.66,46389.75,44221.74,50943.82142857143,49932.531,0,0,1,11,None,0.15,,,0.0,0.0,0.0,,warm,,
2026-02-21,Electronics,67364.15,77,1074.39,5,2,Saturday,1,8,21,2026,1,0,0,0,0,0,0.8660254037844386,0.5000000000000001,-0.9749279121818236,-0.2225209339563146,57397.46,50053.37,44058.04,52367.63428571428,50709.401333333335,0,0,0,10,None,0.0,,,0.0,0.0,0.0,,warm,,
2026-02-22,Electronics,61605.88,65,1792.84,6,2,Sunday,1,8,22,2026,1,0,0,0,0,0,0.8660254037844386,0.5000000000000001,-0.7818314824680299,0.6234898018587334,72937.01,59908.88,48050.67,50748.90142857142,51161.24166666666,0,0,0,9,None,0.0,,,0.0,0.0,0.0,,warm,,
2026-02-23,Electronics,37823.84,32,2379.04,0,2,Monday,1,9,23,2026,0,0,0,0,0,0,0.8660254037844386,0.5000000000000001,0.0,1.0,48502.62,47648.6,62568.2,49223.36142857142,50336.42966666666,0,0,0,8,None,0.0,,,0.0,0.0,0.0,,warm,,
2026-02-24,Electronics,44876.18,43,1806.2,1,2,Tuesday,1,9,24,2026,0,0,0,0,0,0,0.8660254037844386,0.5000000000000001,0.7818314824680298,0.6234898018587336,42960.47,50384.84,63544.33,49497.03428571428,49714.158,0,0,0,7,None,0.0,,,0.0,0.0,0.0,,warm,,
2026-02-25,Electronics,47109.48,44,1110.22,2,2,Wednesday,1,9,25,2026,0,1,0,0,0,0,0.8660254037844386,0.5000000000000001,0.9749279121818236,-0.22252093395631434,39862.4,47917.26,45831.06,50532.33142857142,49756.772,0,0,0,6,None,0.0,,,0.0,0.0,0.0,,warm,,
2026-02-26,Electronics,44549.31,54,789.19,3,2,Thursday,1,9,26,2026,0,1,0,0,0,0,0.8660254037844386,0.5000000000000001,0.43388373911755823,-0.900968867902419,44452.14,48250.72,40288.9,50546.21285714285,49898.78566666666,0,0,0,5,None,0.0,,,0.0,0.0,0.0,,warm,,
2026-02-27,Electronics,46653.14,40,2327.87,4,2,Friday,1,9,27,2026,0,1,0,0,0,0,0.8660254037844386,0.5000000000000001,-0.433883739117558,-0.9009688679024191,50494.65,49196.66,41594.42,49997.42571428571,50067.40966666667,0,0,0,4,None,0.0,,,0.0,0.0,0.0,,warm,,
2026-02-28,Electronics,60620.19,53,914.5,5,2,Saturday,1,9,28,2026,1,1,0,0,0,0,0.8660254037844386,0.5000000000000001,-0.9749279121818236,-0.2225209339563146,67364.15,57397.46,50976.87,49034.00285714285,50388.85366666667,0,0,0,3,None,0.3,,,0.0,0.0,0.0,,warm,,
2026-03-01,Electronics,59040.94,73,1005.5,6,3,Sunday,1,9,1,2026,1,0,1,0,0,0,1.0,6.123233995736766e-17,-0.7818314824680299,0.6234898018587334,61605.88,72937.01,49175.28,48667.58285714286,50717.709,0,0,0,2,None,0.3,,,0.0,0.0,0.0,,warm,,
2026-03-02,Electronics,48574.19,56,2477.49,0,3,Monday,1,10,2,2026,0,0,1,0,0,0,1.0,6.123233995736766e-17,0.0,1.0,37823.84,48502.62,64020.15,50203.34714285714,50202.84366666666,0,1,0,1,None,0.25,,,0.0,0.0,0.0,,warm,,
2026-03-03,Electronics,44839.61,45,2273.88,1,3,Tuesday,1,10,3,2026,0,0,1,0,0,0,1.0,6.123233995736766e-17,0.7818314824680298,0.6234898018587336,44876.18,42960.47,48804.38,50198.12285714286,50070.68466666667,1,1,0,0,Optional holiday,0.5,,,0.0,0.0,0.0,,warm,,
2026-03-04,Electronics,45902.56,42,616.1,2,3,Wednesday,1,10,4,2026,0,0,1,0,0,0,1.0,6.123233995736766e-17,0.9749279121818236,-0.22252093395631434,47109.48,39862.4,46383.33,50025.705714285716,50054.659,1,0,1,0,National holiday,0.5,,,0.0,0.0,0.0,,warm,,
2026-03-05,Electronics,48118.98,46,2233.93,3,3,Thursday,1,10,5,2026,0,0,1,0,0,0,1.0,6.123233995736766e-17,0.43388373911755823,-0.900968867902419,44549.31,44452.14,46271.61,50535.658571428576,50116.238000000005,0,0,1,14,None,0.15,,,0.0,0.0,0.0,,warm,,
2026-03-06,Electronics,40175.37,41,2103.05,4,3,Friday,1,10,6,2026,0,0,0,0,0,0,1.0,6.123233995736766e-17,-0.433883739117558,-0.9009688679024191,46653.14,50494.65,47982.97,49610.26285714286,49855.98466666666,0,0,0,13,None,0.0,,,0.0,0.0,0.0,,warm,,
2026-03-07,Electronics,54615.89,47,650.97,5,3,Saturday,1,10,7,2026,1,0,0,0,0,0,1.0,6.123233995736766e-17,-0.9749279121818236,-0.2225209339563146,60620.19,67364.15,42068.89,48752.50571428572,50274.218,0,0,0,12,None,0.0,,,0.0,0.0,0.0,,warm,,
2026-03-08,Electronics,59638.9,72,2089.22,6,3,Sunday,1,10,8,2026,1,0,0,0,0,0,1.0,6.123233995736766e-17,-0.7818314824680299,0.6234898018587334,59040.94,61605.88,46389.75,48837.92857142857,50715.85633333333,0,0,0,11,None,0.0,,,0.0,0.0,0.0,,warm,,
2026-03-09,Electronics,40710.02,50,2475.08,0,3,Monday,1,11,9,2026,0,0,0,0,0,0,1.0,6.123233995736766e-17,0.0,1.0,48574.19,37823.84,50053.37,47714.47571428572,50404.41133333333,0,0,0,10,None,0.0,,,0.0,0.0,0.0,,warm,,
2026-03-10,Electronics,43686.85,36,738.68,1,3,Tuesday,1,11,10,2026,0,0,0,0,0,0,1.0,6.123233995736766e-17,0.7818314824680298,0.6234898018587336,44839.61,44876.18,59908.88,47549.79571428571,49863.677,0,0,0,9,None,0.0,,,0.0,0.0,0.0,,warm,,
2026-03-11,Electronics,59368.98,52,1954.0,2,3,Wednesday,1,11,11,2026,0,0,0,0,0,0,1.0,6.123233995736766e-17,0.9749279121818236,-0.22252093395631434,45902.56,47109.48,47648.6,49473.57000000001,50254.35633333333,0,0,0,8,None,0.0,,,0.0,0.0,0.0,,warm,,
2026-03-12,Electronics,45509.72,54,1188.82,3,3,Thursday,1,11,12,2026,0,0,0,0,0,0,1.0,6.123233995736766e-17,0.43388373911755823,-0.900968867902419,48118.98,44549.31,50384.84,49100.81857142857,50091.852333333336,0,0,0,7,None,0.0,,,0.0,0.0,0.0,,warm,,
2026-03-13,Electronics,49860.22,43,1821.99,4,3,Friday,1,11,13,2026,0,0,0,0,0,0,1.0,6.123233995736766e-17,-0.433883739117558,-0.9009688679024191,40175.37,46653.14,47917.26,50484.368571428575,50156.617666666665,0,0,0,6,None,0.0,,,0.0,0.0,0.0,,warm,,
2026-03-14,Electronics,63694.75,74,1461.41,5,3,Saturday,1,11,14,2026,1,0,0,0,0,0,1.0,6.123233995736766e-17,-0.9749279121818236,-0.2225209339563146,54615.89,60620.19,48250.72,51781.34857142857,50671.41866666667,0,0,0,5,None,0.0,,,0.0,0.0,0.0,,warm,,
2026-03-15,Electronics,58297.84,50,621.57,6,3,Sunday,1,11,15,2026,1,0,0,0,0,0,1.0,6.123233995736766e-17,-0.7818314824680299,0.6234898018587334,59638.9,59040.94,49196.66,51589.76857142857,50974.791333333334,0,0,0,4,None,0.0,,,0.0,0.0,0.0,,warm,,
2026-03-16,Electronics,45108.99,37,2259.57,0,3,Monday,1,12,16,2026,0,0,0,0,0,0,1.0,6.123233995736766e-17,0.0,1.0,40710.02,48574.19,57397.46,52218.19285714285,50565.17566666667,0,0,0,3,None,0.3,,,0.0,0.0,0.0,,warm,,
2026-03-17,Electronics,46927.38,50,1953.41,1,3,Tuesday,1,12,17,2026,0,0,0,0,0,0,1.0,6.123233995736766e-17,0.7818314824680298,0.6234898018587336,43686.85,44839.61,72937.01,52681.125714285714,49698.187999999995,0,0,0,2,None,0.3,,,0.0,0.0,0.0,,warm,,
2026-03-18,Electronics,47608.35,54,1084.72,2,3,Wednesday,1,12,18,2026,0,0,0,0,0,0,1.0,6.123233995736766e-17,0.9749279121818236,-0.22252093395631434,59368.98,45902.56,48502.62,51001.03571428572,49668.379,0,1,0,1,None,0.25,,,0.0,0.0,0.0,,warm,,
2026-03-19,Electronics,43670.69,54,1064.65,3,3,Thursday,1,12,19,2026,0,0,0,0,0,0,1.0,6.123233995736766e-17,0.43388373911755823,-0.900968867902419,45509.72,48118.98,42960.47,50738.31714285714,49692.053,1,1,0,0,Hinduism,0.5,,,0.0,0.0,0.0,,warm,,
2026-03-20,Electronics,50927.02,50,1026.58,4,3,Friday,1,12,20,2026,0,0,0,0,0,0,1.0,6.123233995736766e-17,-0.433883739117558,-0.9009688679024191,49860.22,40175.37,39862.4,50890.71714285714,50060.87366666667,1,1,1,0,Optional holiday,0.5,,,0.0,0.0,0.0,,warm,,
2026-03-21,Electronics,60611.08,73,940.75,5,3,Saturday,1,12,21,2026,1,0,0,0,0,0,1.0,6.123233995736766e-17,-0.9749279121818236,-0.2225209339563146,63694.75,54615.89,44452.14,50450.19285714285,50599.505000000005,1,0,1,0,National holiday,0.5,,,0.0,0.0,0.0,,warm,,
2026-03-22,Electronics,59298.49,61,764.13,6,3,Sunday,1,12,22,2026,1,0,0,0,0,0,1.0,6.123233995736766e-17,-0.7818314824680299,0.6234898018587334,58297.84,59638.9,50494.65,50593.142857142855,50892.96633333333,0,0,1,4,None,0.15,,,0.0,0.0,0.0,,warm,,
2026-03-23,Electronics,43549.56,39,2446.53,0,3,Monday,1,13,23,2026,0,0,0,0,0,0,1.0,6.123233995736766e-17,0.0,1.0,45108.99,40710.02,67364.15,50370.36714285715,50099.14666666666,0,0,0,3,None,0.3,,,0.0,0.0,0.0,,warm,,
2026-03-24,Electronics,46816.79,46,645.43,1,3,Tuesday,1,13,24,2026,0,0,0,0,0,0,1.0,6.123233995736766e-17,0.7818314824680298,0.6234898018587336,46927.38,43686.85,61605.88,50354.56857142857,49606.177,0,0,0,2,None,0.3,,,0.0,0.0,0.0,,warm,,
2026-03-25,Electronics,50344.56,42,1981.71,2,3,Wednesday,1,13,25,2026,0,1,0,0,0,0,1.0,6.123233995736766e-17,0.9749279121818236,-0.22252093395631434,47608.35,59368.98,37823.84,50745.455714285716,50023.53433333334,0,1,0,1,None,0.25,,,0.0,0.0,0.0,,warm,,
2026-03-26,Electronics,47640.12,56,683.41,3,3,Thursday,1,13,26,2026,0,1,0,0,0,0,1.0,6.123233995736766e-17,0.43388373911755823,-0.900968867902419,43670.69,45509.72,44876.18,51312.51714285714,50115.665666666675,1,0,0,0,National holiday,0.5,,,0.0,0.0,0.0,,warm,,
2026-03-27,Electronics,53725.18,63,1560.31,4,3,Friday,1,13,27,2026,0,1,0,0,0,0,1.0,6.123233995736766e-17,-0.433883739117558,-0.9009688679024191,50927.02,49860.22,47109.48,51712.25428571429,50336.189000000006,0,0,1,4,None,0.15,,,0.0,0.0,0.0,,warm,,
2026-03-28,Electronics,62880.08,67,2216.74,5,3,Saturday,1,13,28,2026,1,1,0,0,0,0,1.0,6.123233995736766e-17,-0.9749279121818236,-0.2225209339563146,60611.08,63694.75,44549.31,52036.39714285714,50947.21466666667,0,0,0,3,None,0.3,,,0.0,0.0,0.0,,warm,,
2026-03-29,Electronics,59284.36,68,2081.88,6,3,Sunday,1,13,29,2026,1,1,0,0,0,0,1.0,6.123233995736766e-17,-0.7818314824680299,0.6234898018587334,59298.49,58297.84,46653.14,52034.37857142858,51368.25533333333,0,0,0,2,None,0.3,,,0.0,0.0,0.0,,warm,,
2026-03-30,Electronics,49981.86,41,994.51,0,3,Monday,1,14,30,2026,0,1,0,0,0,0,1.0,6.123233995736766e-17,0.0,1.0,43549.56,45108.99,60620.19,52953.27857142857,51013.64433333334,0,1,0,1,None,0.25,,,0.0,0.0,0.0,,warm,,
2026-03-31,Electronics,44592.6,54,1008.54,1,3,Tuesday,1,14,31,2026,0,1,0,0,0,0,1.0,6.123233995736766e-17,0.7818314824680298,0.6234898018587336,46816.79,46927.38,59040.94,52635.537142857145,50532.033,1,0,0,0,National holiday,0.5,,,0.0,0.0,0.0,,warm,,
2026-04-01,Electronics,40212.63,43,2158.17,2,4,Wednesday,2,14,1,2026,0,0,1,0,1,0,0.8660254037844387,-0.4999999999999998,0.9749279121818236,-0.22252093395631434,50344.56,47608.35,48574.19,51188.118571428575,50253.314333333336,0,1,1,1,None,0.25,,,0.0,0.0,0.0,,warm,,
2026-04-02,Electronics,42403.88,49,2127.4,3,4,Thursday,2,14,2,2026,0,0,1,0,1,0,0.8660254037844387,-0.4999999999999998,0.43388373911755823,-0.900968867902419,47640.12,43670.69,44839.61,50440.08428571428,50172.12333333333,1,1,0,0,Observance,0.5,,,0.0,0.0,0.0,,warm,,
2026-04-03,Electronics,37395.24,33,2381.39,4,4,Friday,2,14,3,2026,0,0,1,0,1,0,0.8660254037844387,-0.4999999999999998,-0.433883739117558,-0.9009688679024191,53725.18,50927.02,45902.56,48107.23571428571,49888.545999999995,1,0,1,0,National holiday,0.5,,,0.0,0.0,0.0,,warm,,
2026-04-04,Electronics,43291.28,38,1442.52,5,4,Saturday,2,14,4,2026,1,0,1,0,1,0,0.8660254037844387,-0.4999999999999998,-0.9749279121818236,-0.2225209339563146,62880.08,60611.08,48118.98,45308.83571428572,49727.62266666666,0,1,1,1,None,0.25,,,0.0,0.0,0.0,,warm,,
2026-04-05,Electronics,51098.15,43,1350.5,6,4,Sunday,2,14,5,2026,1,0,1,0,1,0,0.8660254037844387,-0.4999999999999998,-0.7818314824680299,0.6234898018587334,59284.36,59298.49,40175.37,44139.37714285714,50091.71533333333,1,0,0,0,Optional holiday,0.5,,,0.0,0.0,0.0,,warm,,
2026-04-06,Electronics,39161.76,44,665.83,0,4,Monday,2,15,6,2026,0,0,0,0,1,0,0.8660254037844387,-0.4999999999999998,0.0,1.0,49981.86,43549.56,54615.89,42593.648571428566,49576.577666666664,0,0,1,8,None,0.15,,,0.0,0.0,0.0,,warm,,
2026-04-07,Electronics,27910.14,29,1327.73,1,4,Tuesday,2,15,7,2026,0,0,0,0,1,0,0.8660254037844387,-0.4999999999999998,0.7818314824680298,0.6234898018587336,44592.6,46816.79,59638.9,40210.44,48518.952333333335,0,0,0,7,None,0.0,,,0.0,0.0,0.0,,warm,,
2026-04-08,Electronics,43504.24,44,1511.4,2,4,Wednesday,2,15,8,2026,0,0,0,0,1,0,0.8660254037844387,-0.4999999999999998,0.9749279121818236,-0.22252093395631434,40212.63,50344.56,40710.02,40680.67,48612.093,0,0,0,6,None,0.0,,,0.0,0.0,0.0,,warm,,
2026-04-09,Electronics,44522.86,48,655.68,3,4,Thursday,2,15,9,2026,0,0,0,0,1,0,0.8660254037844387,-0.4999999999999998,0.43388373911755823,-0.900968867902419,42403.88,47640.12,43686.85,40983.381428571425,48639.95999999999,0,0,0,5,None,0.0,,,0.0,0.0,0.0,,warm,,
2026-04-10,Electronics,35024.58,41,1070.93,4,4,Friday,2,15,10,2026,0,0,0,0,1,0,0.8660254037844387,-0.4999999999999998,-0.433883739117558,-0.9009688679024191,37395.24,53725.18,59368.98,40644.71571428572,47828.479999999996,0,0,0,4,None,0.0,,,0.0,0.0,0.0,,warm,,
2026-04-11,Electronics,51862.65,58,934.59,5,4,Saturday,2,15,11,2026,1,0,0,0,1,0,0.8660254037844387,-0.4999999999999998,-0.9749279121818236,-0.2225209339563146,43291.28,62880.08,45509.72,41869.19714285714,48040.244333333336,0,0,0,3,None,0.3,,,0.0,0.0,0.0,,warm,,
2026-04-12,Electronics,44821.23,41,1670.85,6,4,Sunday,2,15,12,2026,1,0,0,0,1,0,0.8660254037844387,-0.4999999999999998,-0.7818314824680299,0.6234898018587334,51098.15,59284.36,49860.22,40972.49428571428,47872.278000000006,0,0,0,2,None,0.3,,,0.0,0.0,0.0,,warm,,
2026-04-13,Electronics,32870.84,29,1015.74,0,4,Monday,2,16,13,2026,0,0,0,0,1,0,0.8660254037844387,-0.4999999999999998,0.0,1.0,39161.76,49981.86,63694.75,40073.791428571436,46844.81433333333,0,1,0,1,None,0.25,,,0.0,0.0,0.0,,warm,,
2026-04-14,Electronics,32674.87,33,713.16,1,4,Tuesday,2,16,14,2026,0,0,0,0,1,0,0.8660254037844387,-0.4999999999999998,0.7818314824680298,0.6234898018587336,27910.14,44592.6,58297.84,40754.467142857146,45990.71533333333,1,1,0,0,Optional holiday,0.5,,,0.0,0.0,0.0,,warm,,
2026-04-15,Electronics,31077.47,27,1351.63,2,4,Wednesday,2,16,15,2026,0,0,0,0,1,0,0.8660254037844387,-0.4999999999999998,0.9749279121818236,-0.22252093395631434,43504.24,40212.63,45108.99,38979.21428571428,45522.998,1,0,1,0,Optional holiday,0.5,,,0.0,0.0,0.0,,warm,,
2026-04-16,Electronics,35373.72,33,1833.44,3,4,Thursday,2,16,16,2026,0,0,0,0,1,0,0.8660254037844387,-0.4999999999999998,0.43388373911755823,-0.900968867902419,44522.86,42403.88,46927.38,37672.194285714286,45137.876000000004,0,0,1,15,None,0.15,,,0.0,0.0,0.0,,warm,,
2026-04-17,Electronics,45522.05,51,1318.93,4,4,Friday,2,16,17,2026,0,0,0,0,1,0,0.8660254037844387,-0.4999999999999998,-0.433883739117558,-0.9009688679024191,35024.58,37395.24,47608.35,39171.83285714286,45068.33266666667,0,0,0,14,None,0.0,,,0.0,0.0,0.0,,warm,,
2026-04-18,Electronics,43457.42,36,2433.85,5,4,Saturday,2,16,18,2026,1,0,0,0,1,0,0.8660254037844387,-0.4999999999999998,-0.9749279121818236,-0.2225209339563146,51862.65,43291.28,43670.69,37971.08571428571,45061.223666666665,0,0,0,13,None,0.0,,,0.0,0.0,0.0,,warm,,
2026-04-19,Electronics,49143.09,46,867.22,6,4,Sunday,2,16,19,2026,1,0,0,0,1,0,0.8660254037844387,-0.4999999999999998,-0.7818314824680299,0.6234898018587334,44821.23,51098.15,50927.02,38588.49428571428,45001.759333333335,0,0,0,12,None,0.0,,,0.0,0.0,0.0,,warm,,
2026-04-20,Electronics,34841.19,30,1814.3,0,4,Monday,2,17,20,2026,0,0,0,0,1,0,0.8660254037844387,-0.4999999999999998,0.0,1.0,32870.84,39161.76,60611.08,38869.97285714286,44142.763,0,0,0,11,None,0.0,,,0.0,0.0,0.0,,warm,,
2026-04-21,Electronics,37747.94,32,602.43,1,4,Tuesday,2,17,21,2026,0,0,0,0,1,0,0.8660254037844387,-0.4999999999999998,0.7818314824680298,0.6234898018587336,32674.87,27910.14,59298.49,39594.69714285714,43424.41133333333,0,0,0,10,None,0.0,,,0.0,0.0,0.0,,warm,,
2025-04-22,Footwear,19589.15,22,1885.73,1,4,Tuesday,2,17,22,2025,0,0,0,0,1,0,0.8660254037844387,-0.4999999999999998,0.7818314824680298,0.6234898018587336,,,,19589.15,19589.15,0,0,0,254,None,0.0,,,0.0,0.0,0.0,,warm,,
2025-04-23,Footwear,16201.89,14,977.79,2,4,Wednesday,2,17,23,2025,0,0,0,0,1,0,0.8660254037844387,-0.4999999999999998,0.9749279121818236,-0.22252093395631434,,,,17895.52,17895.52,0,0,0,253,None,0.0,,,0.0,0.0,0.0,,warm,,
2025-04-24,Footwear,13747.42,15,1926.46,3,4,Thursday,2,17,24,2025,0,0,0,0,1,0,0.8660254037844387,-0.4999999999999998,0.43388373911755823,-0.900968867902419,,,,16512.82,16512.82,0,0,0,252,None,0.0,,,0.0,0.0,0.0,,warm,,
2025-04-25,Footwear,15456.36,15,1747.08,4,4,Friday,2,17,25,2025,0,1,0,0,1,0,0.8660254037844387,-0.4999999999999998,-0.433883739117558,-0.9009688679024191,,,,16248.705,16248.705,0,0,0,251,None,0.0,,,0.0,0.0,0.0,,warm,,
2025-04-26,Footwear,19680.2,17,2282.36,5,4,Saturday,2,17,26,2025,1,1,0,0,1,0,0.8660254037844387,-0.4999999999999998,-0.9749279121818236,-0.2225209339563146,,,,16935.004,16935.004,0,0,0,250,None,0.0,,,0.0,0.0,0.0,,warm,,
2025-04-27,Footwear,21571.53,23,2246.32,6,4,Sunday,2,17,27,2025,1,1,0,0,1,0,0.8660254037844387,-0.4999999999999998,-0.7818314824680299,0.6234898018587334,,,,17707.758333333335,17707.758333333335,0,0,0,249,None,0.0,,,0.0,0.0,0.0,,warm,,
2025-04-28,Footwear,15201.89,13,2379.64,0,4,Monday,2,18,28,2025,0,1,0,0,1,0,0.8660254037844387,-0.4999999999999998,0.0,1.0,,,,17349.777142857143,17349.777142857143,0,0,0,248,None,0.0,,,0.0,0.0,0.0,,warm,,
2025-04-29,Footwear,14742.08,13,1907.51,1,4,Tuesday,2,18,29,2025,0,1,0,0,1,0,0.8660254037844387,-0.4999999999999998,0.7818314824680298,0.6234898018587336,19589.15,,,16657.338571428572,17023.815,0,0,0,247,None,0.0,,,0.0,0.0,0.0,,warm,,
2025-04-30,Footwear,16488.12,19,1000.87,2,4,Wednesday,2,18,30,2025,0,1,0,0,1,0,0.8660254037844387,-0.4999999999999998,0.9749279121818236,-0.22252093395631434,16201.89,,,16698.22857142857,16964.293333333335,0,0,0,246,None,0.0,,,0.0,0.0,0.0,,warm,,
2025-05-01,Footwear,17584.15,18,865.3,3,5,Thursday,2,18,1,2025,0,0,1,0,1,0,0.49999999999999994,-0.8660254037844387,0.43388373911755823,-0.900968867902419,13747.42,,,17246.332857142854,17026.279000000002,0,0,0,245,None,0.0,,,0.0,0.0,0.0,,warm,,
2025-05-02,Footwear,18039.85,20,1568.1,4,5,Friday,2,18,2,2025,0,0,1,0,1,0,0.49999999999999994,-0.8660254037844387,-0.433883739117558,-0.9009688679024191,15456.36,,,17615.402857142857,17118.421818181818,0,0,0,244,None,0.0,,,0.0,0.0,0.0,,warm,,
2025-05-03,Footwear,23710.25,23,1325.08,5,5,Saturday,2,18,3,2025,1,0,1,0,1,0,0.49999999999999994,-0.8660254037844387,-0.9749279121818236,-0.2225209339563146,19680.2,,,18191.124285714286,17667.740833333333,0,0,0,243,None,0.0,,,0.0,0.0,0.0,,warm,,
2025-05-04,Footwear,20204.71,18,2026.67,6,5,Sunday,2,18,4,2025,1,0,1,0,1,0,0.49999999999999994,-0.8660254037844387,-0.7818314824680299,0.6234898018587334,21571.53,,,17995.864285714284,17862.89230769231,0,0,0,242,None,0.0,,,0.0,0.0,0.0,,warm,,
2025-05-05,Footwear,17614.78,18,2446.59,0,5,Monday,2,19,5,2025,0,0,1,0,1,0,0.49999999999999994,-0.8660254037844387,0.0,1.0,15201.89,,,18340.562857142857,17845.170000000002,0,0,0,241,None,0.0,,,0.0,0.0,0.0,,warm,,
2025-05-06,Footwear,19659.89,22,1310.44,1,5,Tuesday,2,19,6,2025,0,0,0,0,1,0,0.49999999999999994,-0.8660254037844387,0.7818314824680298,0.6234898018587336,14742.08,19589.15,,19043.10714285714,17966.151333333335,0,0,0,240,None,0.0,,,0.0,0.0,0.0,,warm,,
2025-05-07,Footwear,17155.99,17,2269.57,2,5,Wednesday,2,19,7,2025,0,0,0,0,1,0,0.49999999999999994,-0.8660254037844387,0.9749279121818236,-0.22252093395631434,16488.12,16201.89,,19138.51714285714,17915.51625,0,0,0,239,None,0.0,,,0.0,0.0,0.0,,warm,,
2025-05-08,Footwear,16118.94,13,1612.14,3,5,Thursday,2,19,8,2025,0,0,0,0,1,0,0.49999999999999994,-0.8660254037844387,0.43388373911755823,-0.900968867902419,17584.15,13747.42,,18929.20142857143,17809.83529411765,0,0,0,238,None,0.0,,,0.0,0.0,0.0,,warm,,
2025-05-09,Footwear,16099.41,17,2364.94,4,5,Friday,2,19,9,2025,0,0,0,0,1,0,0.49999999999999994,-0.8660254037844387,-0.433883739117558,-0.9009688679024191,18039.85,15456.36,,18651.995714285713,17714.811666666665,0,0,0,237,None,0.0,,,0.0,0.0,0.0,,warm,,
2025-05-10,Footwear,22198.02,20,1457.82,5,5,Saturday,2,19,10,2025,1,0,0,0,1,0,0.49999999999999994,-0.8660254037844387,-0.9749279121818236,-0.2225209339563146,23710.25,19680.2,,18435.962857142855,17950.77,0,0,0,236,None,0.0,,,0.0,0.0,0.0,,warm,,
2025-05-11,Footwear,22961.74,19,1799.1,6,5,Sunday,2,19,11,2025,1,0,0,0,1,0,0.49999999999999994,-0.8660254037844387,-0.7818314824680299,0.6234898018587334,20204.71,21571.53,,18829.824285714287,18201.3185,0,0,0,235,None,0.0,,,0.0,0.0,0.0,,warm,,
2025-05-12,Footwear,15636.13,17,1624.54,0,5,Monday,2,20,12,2025,0,0,0,0,1,0,0.49999999999999994,-0.8660254037844387,0.0,1.0,17614.78,15201.89,,18547.16,18079.166666666668,0,0,0,234,None,0.0,,,0.0,0.0,0.0,,warm,,
2025-05-13,Footwear,17437.84,20,1852.07,1,5,Tuesday,2,20,13,2025,0,0,0,0,1,0,0.49999999999999994,-0.8660254037844387,0.7818314824680298,0.6234898018587336,19659.89,14742.08,,18229.72428571429,18050.015454545453,0,0,0,233,None,0.0,,,0.0,0.0,0.0,,warm,,
2025-05-14,Footwear,21187.51,21,1983.61,2,5,Wednesday,2,20,14,2025,0,0,0,0,1,0,0.49999999999999994,-0.8660254037844387,0.9749279121818236,-0.22252093395631434,17155.99,16488.12,,18805.655714285713,18186.428260869565,0,0,0,232,None,0.0,,,0.0,0.0,0.0,,warm,,
2025-05-15,Footwear,18942.8,22,1441.95,3,5,Thursday,2,20,15,2025,0,0,0,0,1,0,0.49999999999999994,-0.8660254037844387,0.43388373911755823,-0.900968867902419,16118.94,17584.15,,19209.06428571429,18217.943750000002,0,0,0,231,None,0.0,,,0.0,0.0,0.0,,warm,,
2025-05-16,Footwear,14616.85,16,1372.19,4,5,Friday,2,20,16,2025,0,0,0,0,1,0,0.49999999999999994,-0.8660254037844387,-0.433883739117558,-0.9009688679024191,16099.41,18039.85,,18997.269999999997,18073.9,0,0,0,230,None,0.0,,,0.0,0.0,0.0,,warm,,
2025-05-17,Footwear,23178.7,22,1141.97,5,5,Saturday,2,20,17,2025,1,0,0,0,1,0,0.49999999999999994,-0.8660254037844387,-0.9749279121818236,-0.2225209339563146,22198.02,23710.25,,19137.367142857143,18270.23846153846,0,0,0,229,None,0.0,,,0.0,0.0,0.0,,warm,,
2025-05-18,Footwear,24036.89,28,1700.44,6,5,Sunday,2,20,18,2025,1,0,0,0,1,0,0.49999999999999994,-0.8660254037844387,-0.7818314824680299,0.6234898018587334,22961.74,20204.71,,19290.96,18483.818148148148,0,0,0,228,None,0.0,,,0.0,0.0,0.0,,warm,,
2025-05-19,Footwear,18382.98,17,752.21,0,5,Monday,2,21,19,2025,0,0,0,0,1,0,0.49999999999999994,-0.8660254037844387,0.0,1.0,15636.13,17614.78,,19683.367142857143,18480.216785714285,0,0,0,227,None,0.0,,,0.0,0.0,0.0,,warm,,
2025-05-20,Footwear,17313.88,15,675.51,1,5,Tuesday,2,21,20,2025,0,0,0,0,1,0,0.49999999999999994,-0.8660254037844387,0.7818314824680298,0.6234898018587336,17437.84,19659.89,,19665.65857142857,18439.998275862068,0,0,0,226,None,0.0,,,0.0,0.0,0.0,,warm,,
2025-05-21,Footwear,17887.3,18,1053.5,2,5,Wednesday,2,21,21,2025,0,0,0,0,1,0,0.49999999999999994,-0.8660254037844387,0.9749279121818236,-0.22252093395631434,21187.51,17155.99,,19194.2,18421.575,0,0,0,225,None,0.0,,,0.0,0.0,0.0,,warm,,
2025-05-22,Footwear,17394.83,15,2497.06,3,5,Thursday,2,21,22,2025,0,0,0,0,1,0,0.49999999999999994,-0.8660254037844387,0.43388373911755823,-0.900968867902419,18942.8,16118.94,19589.15,18973.06142857143,18348.430999999997,0,0,0,224,None,0.0,,,0.0,0.0,0.0,,warm,,
2025-05-23,Footwear,14974.78,15,1141.48,4,5,Friday,2,21,23,2025,0,0,0,0,1,0,0.49999999999999994,-0.8660254037844387,-0.433883739117558,-0.9009688679024191,14616.85,16099.41,16201.89,19024.194285714282,18307.52733333333,0,0,0,223,None,0.0,,,0.0,0.0,0.0,,warm,,
2025-05-24,Footwear,21066.53,22,2370.34,5,5,Saturday,2,21,24,2025,1,0,0,0,1,0,0.49999999999999994,-0.8660254037844387,-0.9749279121818236,-0.2225209339563146,23178.7,22198.02,13747.42,18722.455714285716,18551.49766666667,0,0,0,222,None,0.0,,,0.0,0.0,0.0,,warm,,
2025-05-25,Footwear,22386.83,20,1000.2,6,5,Sunday,2,21,25,2025,1,1,0,0,1,0,0.49999999999999994,-0.8660254037844387,-0.7818314824680299,0.6234898018587334,24036.89,22961.74,15456.36,18486.73285714286,18782.513333333332,0,0,0,221,None,0.0,,,0.0,0.0,0.0,,warm,,
2025-05-26,Footwear,17579.96,17,2175.76,0,5,Monday,2,22,26,2025,0,1,0,0,1,0,0.49999999999999994,-0.8660254037844387,0.0,1.0,18382.98,15636.13,19680.2,18372.015714285717,18712.505333333334,0,0,0,220,None,0.0,,,0.0,0.0,0.0,,warm,,
2025-05-27,Footwear,16550.08,16,1665.72,1,5,Tuesday,2,22,27,2025,0,1,0,0,1,0,0.49999999999999994,-0.8660254037844387,0.7818314824680298,0.6234898018587336,17313.88,17437.84,21571.53,18262.90142857143,18545.123666666666,0,0,0,219,None,0.0,,,0.0,0.0,0.0,,warm,,
2025-05-28,Footwear,17820.2,20,1416.59,2,5,Wednesday,2,22,28,2025,0,1,0,0,1,0,0.49999999999999994,-0.8660254037844387,0.9749279121818236,-0.22252093395631434,17887.3,21187.51,15201.89,18253.315714285716,18632.40066666667,0,0,0,218,None,0.0,,,0.0,0.0,0.0,,warm,,
2025-05-29,Footwear,15560.45,12,1663.78,3,5,Thursday,2,22,29,2025,0,1,0,0,1,0,0.49999999999999994,-0.8660254037844387,0.43388373911755823,-0.900968867902419,17394.83,18942.8,14742.08,17991.26142857143,18659.679666666667,0,0,0,217,None,0.0,,,0.0,0.0,0.0,,warm,,
2025-05-30,Footwear,14882.24,18,940.79,4,5,Friday,2,22,30,2025,0,1,0,0,1,0,0.49999999999999994,-0.8660254037844387,-0.433883739117558,-0.9009688679024191,14974.78,14616.85,16488.12,17978.04142857143,18606.150333333335,0,0,0,216,None,0.0,,,0.0,0.0,0.0,,warm,,
2025-05-31,Footwear,23083.59,19,805.38,5,5,Saturday,2,22,31,2025,1,1,0,0,1,0,0.49999999999999994,-0.8660254037844387,-0.9749279121818236,-0.2225209339563146,21066.53,23178.7,17584.15,18266.192857142858,18789.465,0,0,0,215,None,0.0,,,0.0,0.0,0.0,,warm,,
2025-06-01,Footwear,25368.48,22,966.95,6,6,Sunday,2,22,1,2025,1,0,1,0,1,0,1.2246467991473532e-16,-1.0,-0.7818314824680299,0.6234898018587334,22386.83,24036.89,18039.85,18692.14285714286,19033.752666666664,0,0,0,214,None,0.0,,,0.0,0.0,0.0,,warm,,
2025-06-02,Footwear,17875.58,16,1229.18,0,6,Monday,2,23,2,2025,0,0,1,0,1,0,1.2246467991473532e-16,-1.0,0.0,1.0,17579.96,18382.98,23710.25,18734.37428571429,18839.26366666667,0,0,0,213,None,0.0,,,0.0,0.0,0.0,,warm,,
2025-06-03,Footwear,18107.37,15,2094.21,1,6,Tuesday,2,23,3,2025,0,0,1,0,1,0,1.2246467991473532e-16,-1.0,0.7818314824680298,0.6234898018587336,16550.08,17313.88,20204.71,18956.844285714287,18769.352333333336,0,0,0,212,None,0.0,,,0.0,0.0,0.0,,warm,,
2025-06-04,Footwear,16174.88,20,1587.85,2,6,Wednesday,2,23,4,2025,0,0,1,0,1,0,1.2246467991473532e-16,-1.0,0.9749279121818236,-0.22252093395631434,17820.2,17887.3,17614.78,18721.79857142857,18721.355666666666,0,0,0,211,None,0.0,,,0.0,0.0,0.0,,warm,,
2025-06-05,Footwear,14258.38,14,1784.0,3,6,Thursday,2,23,5,2025,0,0,1,0,1,0,1.2246467991473532e-16,-1.0,0.43388373911755823,-0.900968867902419,15560.45,17394.83,19659.89,18535.788571428573,18541.305333333334,0,0,0,210,None,0.0,,,0.0,0.0,0.0,,warm,,
2025-06-06,Footwear,15783.98,13,1161.74,4,6,Friday,2,23,6,2025,0,0,0,0,1,0,1.2246467991473532e-16,-1.0,-0.433883739117558,-0.9009688679024191,14882.24,14974.78,17155.99,18664.60857142857,18495.571666666667,0,0,0,209,None,0.0,,,0.0,0.0,0.0,,warm,,
2025-06-07,Footwear,21454.58,22,1371.54,5,6,Saturday,2,23,7,2025,1,0,0,0,1,0,1.2246467991473532e-16,-1.0,-0.9749279121818236,-0.2225209339563146,23083.59,21066.53,16118.94,18431.89285714286,18673.426333333333,0,0,0,208,None,0.0,,,0.0,0.0,0.0,,warm,,
2025-06-08,Footwear,21431.2,20,1883.69,6,6,Sunday,2,23,8,2025,1,0,0,0,1,0,1.2246467991473532e-16,-1.0,-0.7818314824680299,0.6234898018587334,25368.48,22386.83,16099.41,17869.424285714285,18851.15266666667,0,0,0,207,None,0.0,,,0.0,0.0,0.0,,warm,,
2025-06-09,Footwear,18471.78,19,777.44,0,6,Monday,2,24,9,2025,0,0,0,0,1,0,1.2246467991473532e-16,-1.0,0.0,1.0,17875.58,17579.96,22198.02,17954.595714285715,18726.944666666666,0,0,0,206,None,0.0,,,0.0,0.0,0.0,,warm,,
2025-06-10,Footwear,20001.27,19,1761.42,1,6,Tuesday,2,24,10,2025,0,0,0,0,1,0,1.2246467991473532e-16,-1.0,0.7818314824680298,0.6234898018587336,18107.37,16550.08,22961.74,18225.152857142857,18628.262333333332,0,0,0,205,None,0.0,,,0.0,0.0,0.0,,warm,,
2025-06-11,Footwear,18755.19,18,1063.57,2,6,Wednesday,2,24,11,2025,0,0,0,0,1,0,1.2246467991473532e-16,-1.0,0.9749279121818236,-0.22252093395631434,16174.88,17820.2,15636.13,18593.768571428573,18732.231000000003,0,0,0,204,None,0.0,,,0.0,0.0,0.0,,warm,,
2025-06-12,Footwear,17754.49,15,1584.12,3,6,Thursday,2,24,12,2025,0,0,0,0,1,0,1.2246467991473532e-16,-1.0,0.43388373911755823,-0.900968867902419,14258.38,15560.45,17437.84,19093.212857142855,18742.786000000004,0,0,0,203,None,0.0,,,0.0,0.0,0.0,,warm,,
2025-06-13,Footwear,15258.54,12,2293.71,4,6,Friday,2,24,13,2025,0,0,0,0,1,0,1.2246467991473532e-16,-1.0,-0.433883739117558,-0.9009688679024191,15783.98,14882.24,21187.51,19018.149999999998,18545.153666666665,0,0,0,202,None,0.0,,,0.0,0.0,0.0,,warm,,
2025-06-14,Footwear,21940.1,21,1455.13,5,6,Saturday,2,24,14,2025,1,0,0,0,1,0,1.2246467991473532e-16,-1.0,-0.9749279121818236,-0.2225209339563146,21454.58,23083.59,18942.8,19087.510000000002,18645.06366666667,0,0,0,201,None,0.0,,,0.0,0.0,0.0,,warm,,
2025-06-15,Footwear,22973.48,22,747.22,6,6,Sunday,2,24,15,2025,1,0,0,0,1,0,1.2246467991473532e-16,-1.0,-0.7818314824680299,0.6234898018587334,21431.2,25368.48,14616.85,19307.835714285717,18923.618000000002,0,0,0,200,None,0.0,,,0.0,0.0,0.0,,warm,,
2025-06-16,Footwear,17118.66,14,890.33,0,6,Monday,2,25,16,2025,0,0,0,0,1,0,1.2246467991473532e-16,-1.0,0.0,1.0,18471.78,17875.58,23178.7,19114.532857142858,18721.616666666665,0,0,0,199,None,0.0,,,0.0,0.0,0.0,,warm,,
2025-06-17,Footwear,14895.71,14,2319.19,1,6,Tuesday,2,25,17,2025,0,0,0,0,1,0,1.2246467991473532e-16,-1.0,0.7818314824680298,0.6234898018587336,20001.27,18107.37,24036.89,18385.167142857143,18416.91066666667,0,0,0,198,None,0.0,,,0.0,0.0,0.0,,warm,,
2025-06-18,Footwear,17477.69,17,1167.36,2,6,Wednesday,2,25,18,2025,0,0,0,0,1,0,1.2246467991473532e-16,-1.0,0.9749279121818236,-0.22252093395631434,18755.19,16174.88,18382.98,18202.667142857143,18386.734333333334,0,0,0,197,None,0.0,,,0.0,0.0,0.0,,warm,,
2025-06-19,Footwear,18444.32,17,1016.9,3,6,Thursday,2,25,19,2025,0,0,0,0,1,0,1.2246467991473532e-16,-1.0,0.43388373911755823,-0.900968867902419,17754.49,14258.38,17313.88,18301.214285714283,18424.41566666667,0,0,0,196,None,0.0,,,0.0,0.0,0.0,,warm,,
2025-06-20,Footwear,18381.87,17,2347.13,4,6,Friday,2,25,20,2025,0,0,0,0,1,0,1.2246467991473532e-16,-1.0,-0.433883739117558,-0.9009688679024191,15258.54,15783.98,17887.3,18747.404285714285,18440.901333333335,0,0,0,195,None,0.0,,,0.0,0.0,0.0,,warm,,
2025-06-21,Footwear,24350.8,23,945.29,5,6,Saturday,2,25,21,2025,1,0,0,0,1,0,1.2246467991473532e-16,-1.0,-0.9749279121818236,-0.2225209339563146,21940.1,21454.58,17394.83,19091.79,18672.767,0,0,0,194,None,0.0,,,0.0,0.0,0.0,,warm,,
2025-06-22,Footwear,24205.59,23,1079.32,6,6,Sunday,2,25,22,2025,1,0,0,0,1,0,1.2246467991473532e-16,-1.0,-0.7818314824680299,0.6234898018587334,22973.48,21431.2,14974.78,19267.80571428571,18980.46066666667,0,0,0,193,None,0.0,,,0.0,0.0,0.0,,warm,,
2025-06-23,Footwear,18382.97,16,676.49,0,6,Monday,2,26,23,2025,0,0,0,0,1,0,1.2246467991473532e-16,-1.0,0.0,1.0,17118.66,18471.78,21066.53,19448.421428571426,18891.00866666667,0,0,0,192,None,0.0,,,0.0,0.0,0.0,,warm,,
2025-06-24,Footwear,17551.08,20,1671.54,1,6,Tuesday,2,26,24,2025,0,0,0,0,1,0,1.2246467991473532e-16,-1.0,0.7818314824680298,0.6234898018587336,14895.71,20001.27,22386.83,19827.760000000002,18729.817,0,0,0,191,None,0.0,,,0.0,0.0,0.0,,warm,,
2025-06-25,Footwear,20557.06,17,2156.67,2,6,Wednesday,2,26,25,2025,0,1,0,0,1,0,1.2246467991473532e-16,-1.0,0.9749279121818236,-0.22252093395631434,17477.69,18755.19,17579.96,20267.670000000002,18829.053666666667,0,0,0,190,None,0.0,,,0.0,0.0,0.0,,warm,,
2025-06-26,Footwear,18061.0,15,976.83,3,6,Thursday,2,26,26,2025,0,1,0,0,1,0,1.2246467991473532e-16,-1.0,0.43388373911755823,-0.900968867902419,18444.32,17754.49,16550.08,20212.91,18879.417666666668,0,0,0,189,None,0.0,,,0.0,0.0,0.0,,warm,,
2025-06-27,Footwear,15848.83,18,2112.83,4,6,Friday,2,26,27,2025,0,1,0,0,1,0,1.2246467991473532e-16,-1.0,-0.433883739117558,-0.9009688679024191,18381.87,15258.54,17820.2,19851.047142857144,18813.705333333335,0,0,0,188,None,0.0,,,0.0,0.0,0.0,,warm,,
2025-06-28,Footwear,23897.68,29,2214.19,5,6,Saturday,2,26,28,2025,1,1,0,0,1,0,1.2246467991473532e-16,-1.0,-0.9749279121818236,-0.2225209339563146,24350.8,21940.1,15560.45,19786.315714285716,19091.613,0,0,0,187,None,0.0,,,0.0,0.0,0.0,,warm,,
2025-06-29,Footwear,21786.57,20,2434.4,6,6,Sunday,2,26,29,2025,1,1,0,0,1,0,1.2246467991473532e-16,-1.0,-0.7818314824680299,0.6234898018587334,24205.59,22973.48,14882.24,19440.74142857143,19321.75733333333,0,0,0,186,None,0.0,,,0.0,0.0,0.0,,warm,,
2025-06-30,Footwear,15778.64,16,2218.26,0,6,Monday,2,27,30,2025,0,1,0,0,1,0,1.2246467991473532e-16,-1.0,0.0,1.0,18382.97,17118.66,23083.59,19068.69428571429,19078.259000000002,0,0,0,185,None,0.0,,,0.0,0.0,0.0,,warm,,
2025-07-01,Footwear,19680.12,24,1539.18,1,7,Tuesday,3,27,1,2025,0,0,1,0,0,1,-0.4999999999999997,-0.8660254037844388,0.7818314824680298,0.6234898018587336,17551.08,14895.71,25368.48,19372.842857142856,18888.647,0,0,0,184,None,0.0,,,0.0,0.0,0.0,,warm,,
2025-07-02,Footwear,20645.44,21,1656.0,2,7,Wednesday,3,27,2,2025,0,0,1,0,0,1,-0.4999999999999997,-0.8660254037844388,0.9749279121818236,-0.22252093395631434,20557.06,17477.69,17875.58,19385.46857142857,18980.97566666666,0,0,0,183,None,0.0,,,0.0,0.0,0.0,,warm,,
2025-07-03,Footwear,20803.42,19,1827.22,3,7,Thursday,3,27,3,2025,0,0,1,0,0,1,-0.4999999999999997,-0.8660254037844388,0.43388373911755823,-0.900968867902419,18061.0,18444.32,18107.37,19777.242857142854,19070.843999999997,0,0,0,182,None,0.0,,,0.0,0.0,0.0,,warm,,
2025-07-04,Footwear,20195.35,18,1301.14,4,7,Friday,3,27,4,2025,0,0,1,0,0,1,-0.4999999999999997,-0.8660254037844388,-0.433883739117558,-0.9009688679024191,15848.83,18381.87,16174.88,20398.17428571428,19204.859666666664,0,0,0,181,None,0.0,,,0.0,0.0,0.0,,warm,,
2025-07-05,Footwear,29590.03,30,1077.67,5,7,Saturday,3,27,5,2025,1,0,1,0,0,1,-0.4999999999999997,-0.8660254037844388,-0.9749279121818236,-0.2225209339563146,23897.68,24350.8,14258.38,21211.367142857143,19715.914666666664,0,0,0,180,None,0.0,,,0.0,0.0,0.0,,warm,,
2025-07-06,Footwear,32912.47,36,2003.35,6,7,Sunday,3,27,6,2025,1,0,0,0,0,1,-0.4999999999999997,-0.8660254037844388,-0.7818314824680299,0.6234898018587334,21786.57,24205.59,15783.98,22800.781428571423,20286.86433333333,0,0,0,179,None,0.0,,,0.0,0.0,0.0,,warm,,
2025-07-07,Footwear,18948.49,19,940.94,0,7,Monday,3,28,7,2025,0,0,0,0,0,1,-0.4999999999999997,-0.8660254037844388,0.0,1.0,15778.64,18382.97,21454.58,23253.617142857143,20203.327999999998,0,0,0,178,None,0.0,,,0.0,0.0,0.0,,warm,,
2025-07-08,Footwear,21900.85,19,2250.08,1,7,Tuesday,3,28,8,2025,0,0,0,0,0,1,-0.4999999999999997,-0.8660254037844388,0.7818314824680298,0.6234898018587336,19680.12,17551.08,21431.2,23570.864285714288,20218.983,0,0,0,177,None,0.0,,,0.0,0.0,0.0,,warm,,
2025-07-09,Footwear,23662.92,28,1079.71,2,7,Wednesday,3,28,9,2025,0,0,0,0,0,1,-0.4999999999999997,-0.8660254037844388,0.9749279121818236,-0.22252093395631434,20645.44,20557.06,18471.78,24001.932857142856,20392.021,0,0,0,176,None,0.0,,,0.0,0.0,0.0,,warm,,
2025-07-10,Footwear,19770.92,22,2141.17,3,7,Thursday,3,28,10,2025,0,0,0,0,0,1,-0.4999999999999997,-0.8660254037844388,0.43388373911755823,-0.900968867902419,20803.42,18061.0,20001.27,23854.432857142856,20384.342666666667,0,0,0,175,None,0.0,,,0.0,0.0,0.0,,warm,,
2025-07-11,Footwear,20093.96,21,2073.82,4,7,Friday,3,28,11,2025,0,0,0,0,0,1,-0.4999999999999997,-0.8660254037844388,-0.433883739117558,-0.9009688679024191,20195.35,15848.83,18755.19,23839.94857142857,20428.96833333333,0,0,0,174,None,0.0,,,0.0,0.0,0.0,,warm,,
2025-07-12,Footwear,27324.8,32,1758.3,5,7,Saturday,3,28,12,2025,1,0,0,0,0,1,-0.4999999999999997,-0.8660254037844388,-0.9749279121818236,-0.2225209339563146,29590.03,23897.68,17754.49,23516.344285714284,20747.978666666666,0,0,0,173,None,0.0,,,0.0,0.0,0.0,,warm,,
2025-07-13,Footwear,30449.73,34,1648.79,6,7,Sunday,3,28,13,2025,1,0,0,0,0,1,-0.4999999999999997,-0.8660254037844388,-0.7818314824680299,0.6234898018587334,32912.47,21786.57,15258.54,23164.524285714288,21254.35166666667,0,0,0,172,None,0.0,,,0.0,0.0,0.0,,warm,,
2025-07-14,Footwear,22358.59,23,1935.68,0,7,Monday,3,29,14,2025,0,0,0,0,0,1,-0.4999999999999997,-0.8660254037844388,0.0,1.0,18948.49,15778.64,21940.1,23651.681428571428,21268.30133333333,0,0,0,171,None,0.0,,,0.0,0.0,0.0,,warm,,
2025-07-15,Footwear,21943.14,20,1027.14,1,7,Tuesday,3,29,15,2025,0,0,0,0,0,1,-0.4999999999999997,-0.8660254037844388,0.7818314824680298,0.6234898018587336,21900.85,19680.12,22973.48,23657.722857142857,21233.956666666665,0,0,0,170,None,0.0,,,0.0,0.0,0.0,,warm,,
2025-07-16,Footwear,22116.85,20,2350.27,2,7,Wednesday,3,29,16,2025,0,0,0,0,0,1,-0.4999999999999997,-0.8660254037844388,0.9749279121818236,-0.22252093395631434,23662.92,20645.44,17118.66,23436.855714285713,21400.563000000002,0,0,0,169,None,0.0,,,0.0,0.0,0.0,,warm,,
2025-07-17,Footwear,21435.08,20,752.84,3,7,Thursday,3,29,17,2025,0,0,0,0,0,1,-0.4999999999999997,-0.8660254037844388,0.43388373911755823,-0.900968867902419,19770.92,20803.42,14895.71,23674.592857142856,21618.542,0,0,0,168,None,0.0,,,0.0,0.0,0.0,,warm,,
2025-07-18,Footwear,16593.24,15,1715.53,4,7,Friday,3,29,18,2025,0,0,0,0,0,1,-0.4999999999999997,-0.8660254037844388,-0.433883739117558,-0.9009688679024191,20093.96,20195.35,17477.69,23174.489999999998,21589.060333333335,0,0,0,167,None,0.0,,,0.0,0.0,0.0,,warm,,
2025-07-19,Footwear,26759.38,25,1837.87,5,7,Saturday,3,29,19,2025,1,0,0,0,0,1,-0.4999999999999997,-0.8660254037844388,-0.9749279121818236,-0.2225209339563146,27324.8,29590.03,18444.32,23093.715714285714,21866.229,0,0,0,166,None,0.0,,,0.0,0.0,0.0,,warm,,
2025-07-20,Footwear,25612.56,26,1210.01,6,7,Sunday,3,29,20,2025,1,0,0,0,0,1,-0.4999999999999997,-0.8660254037844388,-0.7818314824680299,0.6234898018587334,30449.73,32912.47,18381.87,22402.691428571427,22107.251999999997,0,0,0,165,None,0.0,,,0.0,0.0,0.0,,warm,,
2025-07-21,Footwear,21008.09,19,669.72,0,7,Monday,3,30,21,2025,0,0,0,0,0,1,-0.4999999999999997,-0.8660254037844388,0.0,1.0,22358.59,18948.49,24350.8,22209.762857142858,21995.82833333333,0,0,0,164,None,0.0,,,0.0,0.0,0.0,,warm,,
2025-07-22,Footwear,18892.7,23,1849.55,1,7,Tuesday,3,30,22,2025,0,0,0,0,0,1,-0.4999999999999997,-0.8660254037844388,0.7818314824680298,0.6234898018587336,21943.14,21900.85,24205.59,21773.985714285718,21818.732,0,0,0,163,None,0.0,,,0.0,0.0,0.0,,warm,,
2025-07-23,Footwear,20427.96,17,698.06,2,7,Wednesday,3,30,23,2025,0,0,0,0,0,1,-0.4999999999999997,-0.8660254037844388,0.9749279121818236,-0.22252093395631434,22116.85,23662.92,18382.97,21532.715714285714,21886.89833333333,0,0,0,162,None,0.0,,,0.0,0.0,0.0,,warm,,
2025-07-24,Footwear,18939.0,17,2118.7,3,7,Thursday,3,30,24,2025,0,0,0,0,0,1,-0.4999999999999997,-0.8660254037844388,0.43388373911755823,-0.900968867902419,21435.08,19770.92,17551.08,21176.132857142857,21933.162333333334,0,0,0,161,None,0.0,,,0.0,0.0,0.0,,warm,,
2025-07-25,Footwear,22733.75,26,1830.65,4,7,Friday,3,30,25,2025,0,1,0,0,0,1,-0.4999999999999997,-0.8660254037844388,-0.433883739117558,-0.9009688679024191,16593.24,20093.96,20557.06,22053.34857142857,22005.718666666664,0,0,0,160,None,0.0,,,0.0,0.0,0.0,,warm,,
2025-07-26,Footwear,35312.98,38,1467.89,5,7,Saturday,3,30,26,2025,1,1,0,0,0,1,-0.4999999999999997,-0.8660254037844388,-0.9749279121818236,-0.2225209339563146,26759.38,27324.8,18061.0,23275.29142857143,22580.784666666663,0,0,0,159,None,0.0,,,0.0,0.0,0.0,,warm,,
2025-07-27,Footwear,27549.35,27,1245.76,6,7,Sunday,3,30,27,2025,1,1,0,0,0,1,-0.4999999999999997,-0.8660254037844388,-0.7818314824680299,0.6234898018587334,25612.56,30449.73,15848.83,23551.975714285716,22970.802000000003,0,0,0,158,None,0.0,,,0.0,0.0,0.0,,warm,,
2025-07-28,Footwear,23374.28,22,2244.0,0,7,Monday,3,31,28,2025,0,1,0,0,0,1,-0.4999999999999997,-0.8660254037844388,0.0,1.0,21008.09,22358.59,23897.68,23890.00285714286,22953.35533333333,0,0,0,157,None,0.0,,,0.0,0.0,0.0,,warm,,
2025-07-29,Footwear,18277.43,20,2463.47,1,7,Tuesday,3,31,29,2025,0,1,0,0,0,1,-0.4999999999999997,-0.8660254037844388,0.7818314824680298,0.6234898018587336,18892.7,21943.14,21786.57,23802.10714285714,22836.384000000002,0,0,0,156,None,0.0,,,0.0,0.0,0.0,,warm,,
2025-07-30,Footwear,18248.76,18,1333.55,2,7,Wednesday,3,31,30,2025,0,1,0,0,0,1,-0.4999999999999997,-0.8660254037844388,0.9749279121818236,-0.22252093395631434,20427.96,22116.85,15778.64,23490.79285714286,22918.721333333335,0,0,0,155,None,0.0,,,0.0,0.0,0.0,,warm,,
2025-07-31,Footwear,21125.94,19,1230.79,3,7,Thursday,3,31,31,2025,0,1,0,0,0,1,-0.4999999999999997,-0.8660254037844388,0.43388373911755823,-0.900968867902419,18939.0,21435.08,19680.12,23803.212857142855,22966.91533333333,0,0,0,154,None,0.0,,,0.0,0.0,0.0,,warm,,
2025-08-01,Footwear,24116.45,21,2442.92,4,8,Friday,3,31,1,2025,0,0,1,0,0,1,-0.8660254037844385,-0.5000000000000004,-0.433883739117558,-0.9009688679024191,22733.75,16593.24,20645.44,24000.74142857143,23082.61566666667,0,0,0,153,None,0.0,,,0.0,0.0,0.0,,warm,,
2025-08-02,Footwear,29459.49,25,2232.75,5,8,Saturday,3,31,2,2025,1,0,1,0,0,1,-0.8660254037844385,-0.5000000000000004,-0.9749279121818236,-0.2225209339563146,35312.98,26759.38,20803.42,23164.528571428575,23371.151333333335,0,0,0,152,None,0.0,,,0.0,0.0,0.0,,warm,,
2025-08-03,Footwear,32721.84,39,1046.06,6,8,Sunday,3,31,3,2025,1,0,1,0,0,1,-0.8660254037844385,-0.5000000000000004,-0.7818314824680299,0.6234898018587334,27549.35,25612.56,20195.35,23903.455714285716,23788.701,0,0,0,151,None,0.0,,,0.0,0.0,0.0,,warm,,
2025-08-04,Footwear,25369.44,29,1442.99,0,8,Monday,3,32,4,2025,0,0,1,0,0,1,-0.8660254037844385,-0.5000000000000004,0.0,1.0,23374.28,21008.09,29590.03,24188.478571428568,23648.014666666666,0,0,0,150,None,0.0,,,0.0,0.0,0.0,,warm,,
2025-08-05,Footwear,24623.33,26,1609.22,1,8,Tuesday,3,32,5,2025,0,0,1,0,0,1,-0.8660254037844385,-0.5000000000000004,0.7818314824680298,0.6234898018587336,18277.43,18892.7,32912.47,25095.035714285714,23371.710000000003,0,0,0,149,None,0.0,,,0.0,0.0,0.0,,warm,,
2025-08-06,Footwear,21093.56,22,1545.57,2,8,Wednesday,3,32,6,2025,0,0,0,0,0,1,-0.8660254037844385,-0.5000000000000004,0.9749279121818236,-0.22252093395631434,18248.76,20427.96,18948.49,25501.43571428571,23443.212333333333,0,0,0,148,None,0.0,,,0.0,0.0,0.0,,warm,,
2025-08-07,Footwear,26415.1,25,2312.3,3,8,Thursday,3,32,7,2025,0,0,0,0,0,1,-0.8660254037844385,-0.5000000000000004,0.43388373911755823,-0.900968867902419,21125.94,18939.0,21900.85,26257.03,23593.68733333333,0,0,0,147,None,0.0,,,0.0,0.0,0.0,,warm,,
2025-08-08,Footwear,27459.76,27,1911.6,4,8,Friday,3,32,8,2025,0,0,0,0,0,1,-0.8660254037844385,-0.5000000000000004,-0.433883739117558,-0.9009688679024191,24116.45,22733.75,23662.92,26734.645714285718,23720.248666666666,0,0,0,146,None,0.0,,,0.0,0.0,0.0,,warm,,
2025-08-09,Footwear,33602.51,30,1162.16,5,8,Saturday,3,32,9,2025,1,0,0,0,0,1,-0.8660254037844385,-0.5000000000000004,-0.9749279121818236,-0.2225209339563146,29459.49,35312.98,19770.92,27326.505714285715,24181.301666666663,0,0,0,145,None,0.0,,,0.0,0.0,0.0,,warm,,
2025-08-10,Footwear,33224.32,40,2330.17,6,8,Sunday,3,32,10,2025,1,0,0,0,0,1,-0.8660254037844385,-0.5000000000000004,-0.7818314824680299,0.6234898018587334,32721.84,27549.35,20093.96,27398.28857142857,24618.980333333333,0,0,0,144,None,0.0,,,0.0,0.0,0.0,,warm,,
2025-08-11,Footwear,24946.69,27,1779.69,0,8,Monday,3,33,11,2025,0,0,0,0,0,1,-0.8660254037844385,-0.5000000000000004,0.0,1.0,25369.44,23374.28,27324.8,27337.895714285718,24539.71,0,0,0,143,None,0.0,,,0.0,0.0,0.0,,warm,,
2025-08-12,Footwear,23217.54,24,2098.36,1,8,Tuesday,3,33,12,2025,0,0,0,0,0,1,-0.8660254037844385,-0.5000000000000004,0.7818314824680298,0.6234898018587336,24623.33,18277.43,30449.73,27137.068571428572,24298.637,0,0,0,142,None,0.0,,,0.0,0.0,0.0,,warm,,
2025-08-13,Footwear,19510.1,22,2094.37,2,8,Wednesday,3,33,13,2025,0,0,0,0,0,1,-0.8660254037844385,-0.5000000000000004,0.9749279121818236,-0.22252093395631434,21093.56,18248.76,22358.59,26910.859999999997,24203.68733333333,0,0,0,141,None,0.0,,,0.0,0.0,0.0,,warm,,
2025-08-14,Footwear,23474.16,24,2018.46,3,8,Thursday,3,33,14,2025,0,0,0,0,0,1,-0.8660254037844385,-0.5000000000000004,0.43388373911755823,-0.900968867902419,26415.1,21125.94,21943.14,26490.725714285712,24254.721333333335,0,0,0,140,None,0.0,,,0.0,0.0,0.0,,warm,,
2025-08-15,Footwear,20451.39,17,1881.37,4,8,Friday,3,33,15,2025,0,0,0,0,0,1,-0.8660254037844385,-0.5000000000000004,-0.433883739117558,-0.9009688679024191,27459.76,24116.45,22116.85,25489.530000000002,24199.206000000002,0,0,0,139,None,0.0,,,0.0,0.0,0.0,,warm,,
2025-08-16,Footwear,39757.04,40,1878.37,5,8,Saturday,3,33,16,2025,1,0,0,0,0,1,-0.8660254037844385,-0.5000000000000004,-0.9749279121818236,-0.2225209339563146,33602.51,29459.49,21435.08,26368.74857142857,24809.938,0,0,0,138,None,0.0,,,0.0,0.0,0.0,,warm,,
2025-08-17,Footwear,35090.29,31,2280.05,6,8,Sunday,3,33,17,2025,1,0,0,0,0,1,-0.8660254037844385,-0.5000000000000004,-0.7818314824680299,0.6234898018587334,33224.32,32721.84,16593.24,26635.315714285713,25426.50633333333,0,0,0,137,None,0.0,,,0.0,0.0,0.0,,warm,,
2025-08-18,Footwear,24800.79,25,1833.55,0,8,Monday,3,34,18,2025,0,0,0,0,0,1,-0.8660254037844385,-0.5000000000000004,0.0,1.0,24946.69,25369.44,26759.38,26614.472857142857,25361.219999999998,0,0,0,136,None,0.0,,,0.0,0.0,0.0,,warm,,
2025-08-19,Footwear,22933.7,26,1338.43,1,8,Tuesday,3,34,19,2025,0,0,0,0,0,1,-0.8660254037844385,-0.5000000000000004,0.7818314824680298,0.6234898018587336,23217.54,24623.33,25612.56,26573.924285714285,25271.924666666666,0,0,0,135,None,0.0,,,0.0,0.0,0.0,,warm,,
2025-08-20,Footwear,27253.53,26,1844.35,2,8,Wednesday,3,34,20,2025,0,0,0,0,0,1,-0.8660254037844385,-0.5000000000000004,0.9749279121818236,-0.22252093395631434,19510.1,21093.56,21008.09,27680.128571428573,25480.106000000003,0,0,0,134,None,0.0,,,0.0,0.0,0.0,,warm,,
2025-08-21,Footwear,19731.07,20,788.77,3,8,Thursday,3,34,21,2025,0,0,0,0,0,1,-0.8660254037844385,-0.5000000000000004,0.43388373911755823,-0.900968867902419,23474.16,26415.1,18892.7,27145.40142857143,25508.051666666663,0,0,0,133,None,0.0,,,0.0,0.0,0.0,,warm,,
2025-08-22,Footwear,21298.83,20,774.18,4,8,Friday,3,34,22,2025,0,0,0,0,0,1,-0.8660254037844385,-0.5000000000000004,-0.433883739117558,-0.9009688679024191,20451.39,27459.76,20427.96,27266.464285714286,25537.08066666667,0,0,0,132,None,0.0,,,0.0,0.0,0.0,,warm,,
2025-08-23,Footwear,33958.47,31,989.89,5,8,Saturday,3,34,23,2025,1,0,0,0,0,1,-0.8660254037844385,-0.5000000000000004,-0.9749279121818236,-0.2225209339563146,39757.04,33602.51,18939.0,26438.097142857147,26037.729666666666,0,0,0,131,None,0.0,,,0.0,0.0,0.0,,warm,,
2025-08-24,Footwear,36759.16,33,605.39,6,8,Sunday,3,34,24,2025,1,0,0,0,0,1,-0.8660254037844385,-0.5000000000000004,-0.7818314824680299,0.6234898018587334,35090.29,33224.32,22733.75,26676.507142857146,26505.243333333336,0,0,0,130,None,0.0,,,0.0,0.0,0.0,,warm,,
2025-08-25,Footwear,24133.74,24,2100.97,0,8,Monday,3,35,25,2025,0,1,0,0,0,1,-0.8660254037844385,-0.5000000000000004,0.0,1.0,24800.79,24946.69,35312.98,26581.214285714286,26132.602000000003,0,0,0,129,None,0.0,,,0.0,0.0,0.0,,warm,,
2025-08-26,Footwear,22975.49,19,720.76,1,8,Tuesday,3,35,26,2025,0,1,0,0,0,1,-0.8660254037844385,-0.5000000000000004,0.7818314824680298,0.6234898018587336,22933.7,23217.54,27549.35,26587.184285714287,25980.14,0,0,0,128,None,0.0,,,0.0,0.0,0.0,,warm,,
2025-08-27,Footwear,20904.09,18,1590.76,2,8,Wednesday,3,35,27,2025,0,1,0,0,0,1,-0.8660254037844385,-0.5000000000000004,0.9749279121818236,-0.22252093395631434,27253.53,19510.1,23374.28,25680.12142857143,25897.800333333333,0,0,0,127,None,0.0,,,0.0,0.0,0.0,,warm,,
2025-08-28,Footwear,20392.46,19,1953.56,3,8,Thursday,3,35,28,2025,0,1,0,0,0,1,-0.8660254037844385,-0.5000000000000004,0.43388373911755823,-0.900968867902419,19731.07,23474.16,18277.43,25774.605714285717,25968.301333333333,0,0,0,126,None,0.0,,,0.0,0.0,0.0,,warm,,
2025-08-29,Footwear,23445.76,21,1641.88,4,8,Friday,3,35,29,2025,0,1,0,0,0,1,-0.8660254037844385,-0.5000000000000004,-0.433883739117558,-0.9009688679024191,21298.83,20451.39,18248.76,26081.31,26141.534666666666,0,0,0,125,None,0.0,,,0.0,0.0,0.0,,warm,,
2025-08-30,Footwear,28814.86,24,817.39,5,8,Saturday,3,35,30,2025,1,1,0,0,0,1,-0.8660254037844385,-0.5000000000000004,-0.9749279121818236,-0.2225209339563146,33958.47,39757.04,21125.94,25346.50857142857,26397.832000000002,0,0,0,124,None,0.0,,,0.0,0.0,0.0,,warm,,
2025-08-31,Footwear,33041.79,32,1357.59,6,8,Sunday,3,35,31,2025,1,1,0,0,0,1,-0.8660254037844385,-0.5000000000000004,-0.7818314824680299,0.6234898018587334,36759.16,35090.29,24116.45,24815.455714285716,26695.34333333333,0,0,0,123,None,0.0,,,0.0,0.0,0.0,,warm,,
2025-09-01,Footwear,22695.78,21,727.55,0,9,Monday,3,36,1,2025,0,0,1,0,0,1,-1.0,-1.8369701987210297e-16,0.0,1.0,24133.74,24800.79,29459.49,24610.032857142858,26469.886333333332,0,0,0,122,None,0.0,,,0.0,0.0,0.0,,warm,,
2025-09-02,Footwear,17637.67,16,1667.2,1,9,Tuesday,3,36,2,2025,0,0,1,0,0,1,-1.0,-1.8369701987210297e-16,0.7818314824680298,0.6234898018587336,22975.49,22933.7,32721.84,23847.48714285714,25967.08066666667,0,0,0,121,None,0.0,,,0.0,0.0,0.0,,warm,,
2025-09-03,Footwear,23108.54,24,1740.78,2,9,Wednesday,3,36,3,2025,0,0,1,0,0,1,-1.0,-1.8369701987210297e-16,0.9749279121818236,-0.22252093395631434,20904.09,27253.53,25369.44,24162.40857142857,25891.71733333333,0,0,0,120,None,0.0,,,0.0,0.0,0.0,,warm,,
2025-09-04,Footwear,26245.63,24,1298.37,3,9,Thursday,3,36,4,2025,0,0,1,0,0,1,-1.0,-1.8369701987210297e-16,0.43388373911755823,-0.900968867902419,20392.46,19731.07,24623.33,24998.575714285715,25945.793999999998,0,0,0,119,None,0.0,,,0.0,0.0,0.0,,warm,,
2025-09-05,Footwear,25174.5,22,1657.81,4,9,Friday,3,36,5,2025,0,0,1,0,0,1,-1.0,-1.8369701987210297e-16,-0.433883739117558,-0.9009688679024191,23445.76,21298.83,21093.56,25245.53857142857,26081.825333333334,0,0,0,118,None,0.0,,,0.0,0.0,0.0,,warm,,
2025-09-06,Footwear,34703.51,35,1266.94,5,9,Saturday,3,36,6,2025,1,0,0,0,0,1,-1.0,-1.8369701987210297e-16,-0.9749279121818236,-0.2225209339563146,28814.86,33958.47,26415.1,26086.774285714288,26358.105666666663,0,0,0,117,None,0.0,,,0.0,0.0,0.0,,warm,,
2025-09-07,Footwear,34395.63,40,2017.61,6,9,Sunday,3,36,7,2025,1,0,0,0,0,1,-1.0,-1.8369701987210297e-16,-0.7818314824680299,0.6234898018587334,33041.79,36759.16,27459.76,26280.18,26589.30133333333,0,0,0,116,None,0.0,,,0.0,0.0,0.0,,warm,,
2025-09-08,Footwear,26217.66,24,1732.83,0,9,Monday,3,37,8,2025,0,0,0,0,0,1,-1.0,-1.8369701987210297e-16,0.0,1.0,22695.78,24133.74,33602.51,26783.305714285718,26343.13966666667,0,0,0,115,None,0.0,,,0.0,0.0,0.0,,warm,,
2025-09-09,Footwear,20619.69,19,1753.44,1,9,Tuesday,3,37,9,2025,0,0,0,0,0,1,-1.0,-1.8369701987210297e-16,0.7818314824680298,0.6234898018587336,17637.67,22975.49,33224.32,27209.308571428577,25922.985333333334,0,0,0,114,None,0.0,,,0.0,0.0,0.0,,warm,,
2025-09-10,Footwear,19003.37,17,1524.6,2,9,Wednesday,3,37,10,2025,0,0,0,0,0,1,-1.0,-1.8369701987210297e-16,0.9749279121818236,-0.22252093395631434,23108.54,20904.09,24946.69,26622.855714285717,25724.87466666667,0,0,0,113,None,0.0,,,0.0,0.0,0.0,,warm,,
2025-09-11,Footwear,24957.93,27,2057.96,3,9,Thursday,3,37,11,2025,0,0,0,0,0,1,-1.0,-1.8369701987210297e-16,0.43388373911755823,-0.900968867902419,26245.63,20392.46,23217.54,26438.898571428574,25782.887666666666,0,0,0,112,None,0.0,,,0.0,0.0,0.0,,warm,,
2025-09-12,Footwear,23127.33,21,1936.98,4,9,Friday,3,37,12,2025,0,0,0,0,0,1,-1.0,-1.8369701987210297e-16,-0.433883739117558,-0.9009688679024191,25174.5,23445.76,19510.1,26146.445714285714,25903.462,0,0,0,111,None,0.0,,,0.0,0.0,0.0,,warm,,
2025-09-13,Footwear,34808.18,43,1473.53,5,9,Saturday,3,37,13,2025,1,0,0,0,0,1,-1.0,-1.8369701987210297e-16,-0.9749279121818236,-0.2225209339563146,34703.51,28814.86,23474.16,26161.39857142857,26281.262666666666,0,0,0,110,None,0.0,,,0.0,0.0,0.0,,warm,,
2025-09-14,Footwear,30651.18,30,639.63,6,9,Sunday,3,37,14,2025,1,0,0,0,0,1,-1.0,-1.8369701987210297e-16,-0.7818314824680299,0.6234898018587334,34395.63,33041.79,20451.39,25626.477142857144,26621.255666666668,0,0,0,109,None,0.0,,,0.0,0.0,0.0,,warm,,
2025-09-15,Footwear,19913.8,23,1062.3,0,9,Monday,3,38,15,2025,0,0,0,0,0,1,-1.0,-1.8369701987210297e-16,0.0,1.0,26217.66,22695.78,39757.04,24725.925714285713,25959.814333333336,0,0,0,108,None,0.0,,,0.0,0.0,0.0,,warm,,
2025-09-16,Footwear,27997.14,31,745.12,1,9,Tuesday,3,38,16,2025,0,0,0,0,0,1,-1.0,-1.8369701987210297e-16,0.7818314824680298,0.6234898018587336,20619.69,17637.67,35090.29,25779.847142857143,25723.376,0,0,0,107,None,0.0,,,0.0,0.0,0.0,,warm,,
2025-09-17,Footwear,24062.62,21,2148.57,2,9,Wednesday,3,38,17,2025,0,0,0,0,0,1,-1.0,-1.8369701987210297e-16,0.9749279121818236,-0.22252093395631434,19003.37,23108.54,24800.79,26502.597142857143,25698.770333333334,0,0,0,106,None,0.0,,,0.0,0.0,0.0,,warm,,
2025-09-18,Footwear,22532.36,25,2407.46,3,9,Thursday,3,38,18,2025,0,0,0,0,0,1,-1.0,-1.8369701987210297e-16,0.43388373911755823,-0.900968867902419,24957.93,26245.63,22933.7,26156.08714285714,25685.392333333333,0,0,0,105,None,0.0,,,0.0,0.0,0.0,,warm,,
2025-09-19,Footwear,26528.74,23,1214.1,4,9,Friday,3,38,19,2025,0,0,0,0,0,1,-1.0,-1.8369701987210297e-16,-0.433883739117558,-0.9009688679024191,23127.33,25174.5,27253.53,26642.00285714286,25661.232666666667,0,0,0,104,None,0.0,,,0.0,0.0,0.0,,warm,,
2025-09-20,Footwear,29618.92,30,1563.94,5,9,Saturday,3,38,20,2025,1,0,0,0,0,1,-1.0,-1.8369701987210297e-16,-0.9749279121818236,-0.2225209339563146,34808.18,34703.51,19731.07,25900.68,25990.827666666668,0,0,0,103,None,0.0,,,0.0,0.0,0.0,,warm,,
2025-09-21,Footwear,32088.77,30,1330.52,6,9,Sunday,3,38,21,2025,1,0,0,0,0,1,-1.0,-1.8369701987210297e-16,-0.7818314824680299,0.6234898018587334,30651.18,34395.63,21298.83,26106.049999999996,26350.492333333335,0,0,0,102,None,0.0,,,0.0,0.0,0.0,,warm,,
2025-09-22,Footwear,22495.28,23,1749.51,0,9,Monday,3,39,22,2025,0,0,0,0,0,1,-1.0,-1.8369701987210297e-16,0.0,1.0,19913.8,26217.66,33958.47,26474.83285714286,25968.386000000002,0,0,0,101,None,0.0,,,0.0,0.0,0.0,,warm,,
2025-09-23,Footwear,26334.13,29,674.37,1,9,Tuesday,3,39,23,2025,0,0,0,0,0,1,-1.0,-1.8369701987210297e-16,0.7818314824680298,0.6234898018587336,27997.14,20619.69,36759.16,26237.26,25620.885,0,0,0,100,None,0.0,,,0.0,0.0,0.0,,warm,,
2025-09-24,Footwear,23821.36,23,1376.66,2,9,Wednesday,3,39,24,2025,0,0,0,0,0,1,-1.0,-1.8369701987210297e-16,0.9749279121818236,-0.22252093395631434,24062.62,19003.37,24133.74,26202.794285714284,25610.472333333335,0,0,0,99,None,0.0,,,0.0,0.0,0.0,,warm,,
2025-09-25,Footwear,25465.41,22,1334.47,3,9,Thursday,3,39,25,2025,0,1,0,0,0,1,-1.0,-1.8369701987210297e-16,0.43388373911755823,-0.900968867902419,22532.36,24957.93,22975.49,26621.80142857143,25693.469666666664,0,0,0,98,None,0.0,,,0.0,0.0,0.0,,warm,,
2025-09-26,Footwear,23831.6,20,868.71,4,9,Friday,3,39,26,2025,0,1,0,0,0,1,-1.0,-1.8369701987210297e-16,-0.433883739117558,-0.9009688679024191,26528.74,23127.33,20904.09,26236.49571428571,25791.053333333337,0,0,0,97,None,0.0,,,0.0,0.0,0.0,,warm,,
2025-09-27,Footwear,28263.33,29,1661.95,5,9,Saturday,3,39,27,2025,1,1,0,0,0,1,-1.0,-1.8369701987210297e-16,-0.9749279121818236,-0.2225209339563146,29618.92,34808.18,20392.46,26042.84,26053.415666666664,0,0,0,96,None,0.0,,,0.0,0.0,0.0,,warm,,
2025-09-28,Footwear,32491.75,28,1404.47,6,9,Sunday,3,39,28,2025,1,1,0,0,0,1,-1.0,-1.8369701987210297e-16,-0.7818314824680299,0.6234898018587334,32088.77,30651.18,23445.76,26100.40857142857,26354.948666666667,0,0,0,95,None,0.0,,,0.0,0.0,0.0,,warm,,
2025-09-29,Footwear,22890.54,25,2499.96,0,9,Monday,3,40,29,2025,0,1,0,0,0,1,-1.0,-1.8369701987210297e-16,0.0,1.0,22495.28,19913.8,28814.86,26156.87428571429,26157.471333333335,0,0,0,94,None,0.0,,,0.0,0.0,0.0,,warm,,
2025-09-30,Footwear,27013.81,27,2265.15,1,9,Tuesday,3,40,30,2025,0,1,0,0,0,1,-1.0,-1.8369701987210297e-16,0.7818314824680298,0.6234898018587336,26334.13,27997.14,33041.79,26253.971428571433,25956.538666666667,0,0,0,93,None,0.0,,,0.0,0.0,0.0,,warm,,
2025-10-01,Footwear,30589.66,34,1970.25,2,10,Wednesday,4,40,1,2025,0,0,1,1,0,0,-0.8660254037844386,0.5000000000000001,0.9749279121818236,-0.22252093395631434,23821.36,24062.62,22695.78,27220.87142857143,26219.668,0,0,0,92,None,0.0,,,0.0,0.0,0.0,,warm,,
2025-10-02,Footwear,30246.85,29,1044.61,3,10,Thursday,4,40,2,2025,0,0,1,1,0,0,-0.8660254037844386,0.5000000000000001,0.43388373911755823,-0.900968867902419,25465.41,22532.36,17637.67,27903.934285714284,26639.974,0,0,0,91,None,0.0,,,0.0,0.0,0.0,,warm,,
2025-10-03,Footwear,28911.48,27,2061.93,4,10,Friday,4,40,3,2025,0,0,1,1,0,0,-0.8660254037844386,0.5000000000000001,-0.433883739117558,-0.9009688679024191,23831.6,26528.74,23108.54,28629.63142857143,26833.405333333336,0,0,0,90,None,0.0,,,0.0,0.0,0.0,,warm,,
2025-10-04,Footwear,38798.24,41,699.14,5,10,Saturday,4,40,4,2025,1,0,1,1,0,0,-0.8660254037844386,0.5000000000000001,-0.9749279121818236,-0.2225209339563146,28263.33,29618.92,26245.63,30134.618571428575,27251.825666666668,0,0,0,89,None,0.0,,,0.0,0.0,0.0,,warm,,
2025-10-05,Footwear,37390.42,31,904.59,6,10,Sunday,4,40,5,2025,1,0,1,1,0,0,-0.8660254037844386,0.5000000000000001,-0.7818314824680299,0.6234898018587334,32491.75,32088.77,25174.5,30834.428571428572,27659.023,0,0,0,88,None,0.0,,,0.0,0.0,0.0,,warm,,
2025-10-06,Footwear,32952.97,33,2367.9,0,10,Monday,4,41,6,2025,0,0,0,1,0,0,-0.8660254037844386,0.5000000000000001,0.0,1.0,22890.54,22495.28,34703.51,32271.91857142857,27600.67166666667,0,0,0,87,None,0.0,,,0.0,0.0,0.0,,warm,,
2025-10-07,Footwear,31147.23,32,2368.57,1,10,Tuesday,4,41,7,2025,0,0,0,1,0,0,-0.8660254037844386,0.5000000000000001,0.7818314824680298,0.6234898018587336,27013.81,26334.13,34395.63,32862.40714285714,27492.391666666666,0,0,0,86,None,0.0,,,0.0,0.0,0.0,,warm,,
2025-10-08,Footwear,28086.78,32,2041.8,2,10,Wednesday,4,41,8,2025,0,0,0,1,0,0,-0.8660254037844386,0.5000000000000001,0.9749279121818236,-0.22252093395631434,30589.66,23821.36,26217.66,32504.852857142858,27554.695666666667,0,0,0,85,None,0.0,,,0.0,0.0,0.0,,warm,,
2025-10-09,Footwear,33567.05,28,1756.87,3,10,Thursday,4,41,9,2025,0,0,0,1,0,0,-0.8660254037844386,0.5000000000000001,0.43388373911755823,-0.900968867902419,30246.85,25465.41,20619.69,32979.16714285714,27986.27433333333,0,0,0,84,None,0.0,,,0.0,0.0,0.0,,warm,,
2025-10-10,Footwear,28343.33,25,1468.52,4,10,Friday,4,41,10,2025,0,0,0,1,0,0,-0.8660254037844386,0.5000000000000001,-0.433883739117558,-0.9009688679024191,28911.48,23831.6,19003.37,32898.00285714286,28297.606333333333,0,0,0,83,None,0.0,,,0.0,0.0,0.0,,warm,,
2025-10-11,Footwear,47773.3,54,1153.42,5,10,Saturday,4,41,11,2025,1,0,0,1,0,0,-0.8660254037844386,0.5000000000000001,-0.9749279121818236,-0.2225209339563146,38798.24,28263.33,24957.93,34180.154285714285,29058.11866666667,0,0,0,82,None,0.0,,,0.0,0.0,0.0,,warm,,
2025-10-12,Footwear,43167.1,43,728.59,6,10,Sunday,4,41,12,2025,1,0,0,1,0,0,-0.8660254037844386,0.5000000000000001,-0.7818314824680299,0.6234898018587334,37390.42,32491.75,23127.33,35005.39428571429,29726.111,0,0,0,81,None,0.0,,,0.0,0.0,0.0,,warm,,
2025-10-13,Footwear,27807.21,28,1081.94,0,10,Monday,4,42,13,2025,0,0,0,1,0,0,-0.8660254037844386,0.5000000000000001,0.0,1.0,32952.97,22890.54,34808.18,34270.28571428572,29492.745333333332,0,0,0,80,None,0.0,,,0.0,0.0,0.0,,warm,,
2025-10-14,Footwear,29950.73,25,2037.69,1,10,Tuesday,4,42,14,2025,0,0,0,1,0,0,-0.8660254037844386,0.5000000000000001,0.7818314824680298,0.6234898018587336,31147.23,27013.81,30651.18,34099.357142857145,29469.396999999997,0,0,0,79,None,0.0,,,0.0,0.0,0.0,,warm,,
2025-10-15,Footwear,33132.48,28,1509.21,2,10,Wednesday,4,42,15,2025,0,0,0,1,0,0,-0.8660254037844386,0.5000000000000001,0.9749279121818236,-0.22252093395631434,28086.78,30589.66,19913.8,34820.17142857143,29910.01966666667,0,0,0,78,None,0.0,,,0.0,0.0,0.0,,warm,,
2025-10-16,Footwear,31771.96,35,2283.0,3,10,Thursday,4,42,16,2025,0,0,0,1,0,0,-0.8660254037844386,0.5000000000000001,0.43388373911755823,-0.900968867902419,33567.05,30246.85,27997.14,34563.73,30035.847,0,0,0,77,None,0.0,,,0.0,0.0,0.0,,warm,,
2025-10-17,Footwear,33507.89,37,1143.61,4,10,Friday,4,42,17,2025,0,0,0,1,0,0,-0.8660254037844386,0.5000000000000001,-0.433883739117558,-0.9009688679024191,28343.33,28911.48,24062.62,35301.52428571429,30350.689333333336,0,0,0,76,None,0.0,,,0.0,0.0,0.0,,warm,,
2025-10-18,Footwear,45386.36,38,1435.5,5,10,Saturday,4,42,18,2025,1,0,0,1,0,0,-0.8660254037844386,0.5000000000000001,-0.9749279121818236,-0.2225209339563146,47773.3,38798.24,22532.36,34960.53285714286,31112.489333333335,0,0,0,75,None,0.0,,,0.0,0.0,0.0,,warm,,
2025-10-19,Footwear,45677.73,54,1981.45,6,10,Sunday,4,42,19,2025,1,0,0,1,0,0,-0.8660254037844386,0.5000000000000001,-0.7818314824680299,0.6234898018587334,43167.1,37390.42,26528.74,35319.194285714286,31750.789,0,0,0,74,None,0.0,,,0.0,0.0,0.0,,warm,,
2025-10-20,Footwear,31936.45,33,1447.24,0,10,Monday,4,43,20,2025,0,0,0,1,0,0,-0.8660254037844386,0.5000000000000001,0.0,1.0,27807.21,32952.97,29618.92,35909.08571428571,31828.039999999997,0,0,0,73,None,0.0,,,0.0,0.0,0.0,,warm,,
2025-10-21,Footwear,34732.36,33,1121.66,1,10,Tuesday,4,43,21,2025,0,0,0,1,0,0,-0.8660254037844386,0.5000000000000001,0.7818314824680298,0.6234898018587336,29950.73,31147.23,32088.77,36592.17571428571,31916.159666666666,0,0,0,72,None,0.0,,,0.0,0.0,0.0,,warm,,
2025-10-22,Footwear,28660.7,35,871.28,2,10,Wednesday,4,43,22,2025,0,0,0,1,0,0,-0.8660254037844386,0.5000000000000001,0.9749279121818236,-0.22252093395631434,33132.48,28086.78,22495.28,35953.35,32121.673666666666,0,0,0,71,None,0.0,,,0.0,0.0,0.0,,warm,,
2025-10-23,Footwear,27899.64,28,2403.99,3,10,Thursday,4,43,23,2025,0,0,0,1,0,0,-0.8660254037844386,0.5000000000000001,0.43388373911755823,-0.900968867902419,31771.96,33567.05,26334.13,35400.16142857143,32173.857333333337,0,0,0,70,None,0.0,,,0.0,0.0,0.0,,warm,,
2025-10-24,Footwear,34696.57,39,1605.97,4,10,Friday,4,43,24,2025,0,0,0,1,0,0,-0.8660254037844386,0.5000000000000001,-0.433883739117558,-0.9009688679024191,33507.89,28343.33,23821.36,35569.97285714286,32536.36433333333,0,0,0,69,None,0.0,,,0.0,0.0,0.0,,warm,,
2025-10-25,Footwear,31594.84,31,2335.73,5,10,Saturday,4,43,25,2025,1,1,0,1,0,0,-0.8660254037844386,0.5000000000000001,-0.9749279121818236,-0.2225209339563146,45386.36,47773.3,25465.41,33599.75571428572,32740.67866666667,0,0,0,68,None,0.0,,,0.0,0.0,0.0,,warm,,
2025-10-26,Footwear,41487.39,39,980.34,6,10,Sunday,4,43,26,2025,1,1,0,1,0,0,-0.8660254037844386,0.5000000000000001,-0.7818314824680299,0.6234898018587334,45677.73,43167.1,23831.6,33001.13571428571,33329.204999999994,0,0,0,67,None,0.0,,,0.0,0.0,0.0,,warm,,
2025-10-27,Footwear,29702.47,30,1868.9,0,10,Monday,4,44,27,2025,0,1,0,1,0,0,-0.8660254037844386,0.5000000000000001,0.0,1.0,31936.45,27807.21,28263.33,32681.995714285713,33377.17633333334,0,0,0,66,None,0.0,,,0.0,0.0,0.0,,warm,,
2025-10-28,Footwear,29863.24,25,1811.63,1,10,Tuesday,4,44,28,2025,0,1,0,1,0,0,-0.8660254037844386,0.5000000000000001,0.7818314824680298,0.6234898018587336,34732.36,29950.73,32491.75,31986.40714285714,33289.55933333333,0,0,0,65,None,0.0,,,0.0,0.0,0.0,,warm,,
2025-10-29,Footwear,34331.29,31,1687.33,2,10,Wednesday,4,44,29,2025,0,1,0,1,0,0,-0.8660254037844386,0.5000000000000001,0.9749279121818236,-0.22252093395631434,28660.7,33132.48,22890.54,32796.491428571426,33670.91766666666,0,0,0,64,None,0.0,,,0.0,0.0,0.0,,warm,,
2025-10-30,Footwear,31709.3,27,1509.46,3,10,Thursday,4,44,30,2025,0,1,0,1,0,0,-0.8660254037844386,0.5000000000000001,0.43388373911755823,-0.900968867902419,27899.64,31771.96,27013.81,33340.72857142857,33827.434,0,0,0,63,None,0.0,,,0.0,0.0,0.0,,warm,,
2025-10-31,Footwear,32127.01,30,1254.58,4,10,Friday,4,44,31,2025,0,1,0,1,0,0,-0.8660254037844386,0.5000000000000001,-0.433883739117558,-0.9009688679024191,34696.57,33507.89,30589.66,32973.648571428566,33878.679,0,0,0,62,None,0.0,,,0.0,0.0,0.0,,warm,,
2025-11-01,Footwear,40337.36,37,890.73,5,11,Saturday,4,44,1,2025,1,0,1,1,0,0,-0.5000000000000004,0.8660254037844384,-0.9749279121818236,-0.2225209339563146,31594.84,45386.36,30246.85,34222.58,34215.02933333333,0,0,0,61,None,0.0,,,0.0,0.0,0.0,,warm,,
2025-11-02,Footwear,37856.87,33,2417.07,6,11,Sunday,4,44,2,2025,1,0,1,1,0,0,-0.5000000000000004,0.8660254037844384,-0.7818314824680299,0.6234898018587334,41487.39,45677.73,28911.48,33703.934285714284,34513.209,0,0,0,60,None,0.0,,,0.0,0.0,0.0,,warm,,
2025-11-03,Footwear,25248.29,23,892.97,0,11,Monday,4,45,3,2025,0,0,1,1,0,0,-0.5000000000000004,0.8660254037844384,0.0,1.0,29702.47,31936.45,38798.24,33067.62285714286,34061.544,0,0,0,59,None,0.0,,,0.0,0.0,0.0,,warm,,
2025-11-04,Footwear,29856.87,26,2064.94,1,11,Tuesday,4,45,4,2025,0,0,1,1,0,0,-0.5000000000000004,0.8660254037844384,0.7818314824680298,0.6234898018587336,29863.24,34732.36,37390.42,33066.71285714286,33810.42566666667,0,0,0,58,None,0.0,,,0.0,0.0,0.0,,warm,,
2025-11-05,Footwear,29337.11,27,1150.38,2,11,Wednesday,4,45,5,2025,0,0,1,1,0,0,-0.5000000000000004,0.8660254037844384,0.9749279121818236,-0.22252093395631434,34331.29,28660.7,32952.97,32353.25857142857,33689.897000000004,0,0,0,57,None,0.0,,,0.0,0.0,0.0,,warm,,
2025-11-06,Footwear,27954.05,27,1520.08,3,11,Thursday,4,45,6,2025,0,0,0,1,0,0,-0.5000000000000004,0.8660254037844384,0.43388373911755823,-0.900968867902419,31709.3,27899.64,31147.23,31816.794285714284,33583.45766666667,0,0,0,56,None,0.0,,,0.0,0.0,0.0,,warm,,
2025-11-07,Footwear,28286.46,32,2045.26,4,11,Friday,4,45,7,2025,0,0,0,1,0,0,-0.5000000000000004,0.8660254037844384,-0.433883739117558,-0.9009688679024191,32127.01,34696.57,28086.78,31268.144285714287,33590.113666666664,0,0,0,55,None,0.0,,,0.0,0.0,0.0,,warm,,
2025-11-08,Footwear,37879.91,45,1151.4,5,11,Saturday,4,45,8,2025,1,0,0,1,0,0,-0.5000000000000004,0.8660254037844384,-0.9749279121818236,-0.2225209339563146,40337.36,31594.84,33567.05,30917.080000000005,33733.87566666667,0,0,0,54,None,0.0,,,0.0,0.0,0.0,,warm,,
2025-11-09,Footwear,44750.69,49,2049.93,6,11,Sunday,4,45,9,2025,1,0,0,1,0,0,-0.5000000000000004,0.8660254037844384,-0.7818314824680299,0.6234898018587334,37856.87,41487.39,28343.33,31901.911428571428,34280.78766666666,0,0,0,53,None,0.0,,,0.0,0.0,0.0,,warm,,
2025-11-10,Footwear,27932.44,26,1468.74,0,11,Monday,4,46,10,2025,0,0,0,1,0,0,-0.5000000000000004,0.8660254037844384,0.0,1.0,25248.29,29702.47,47773.3,32285.361428571432,33619.42566666667,0,0,0,52,None,0.0,,,0.0,0.0,0.0,,warm,,
2025-11-11,Footwear,29038.96,30,1619.71,1,11,Tuesday,4,46,11,2025,0,0,0,1,0,0,-0.5000000000000004,0.8660254037844384,0.7818314824680298,0.6234898018587336,29856.87,29863.24,43167.1,32168.51714285714,33148.48766666667,0,0,0,51,None,0.0,,,0.0,0.0,0.0,,warm,,
2025-11-12,Footwear,36426.81,33,1667.45,2,11,Wednesday,4,46,12,2025,0,0,0,1,0,0,-0.5000000000000004,0.8660254037844384,0.9749279121818236,-0.22252093395631434,29337.11,34331.29,27807.21,33181.33142857143,33435.80766666667,0,0,0,50,None,0.0,,,0.0,0.0,0.0,,warm,,
2025-11-13,Footwear,31840.55,28,1892.76,3,11,Thursday,4,46,13,2025,0,0,0,1,0,0,-0.5000000000000004,0.8660254037844384,0.43388373911755823,-0.900968867902419,27954.05,31709.3,29950.73,33736.54571428571,33498.801666666666,0,0,0,49,None,0.0,,,0.0,0.0,0.0,,warm,,
2025-11-14,Footwear,31941.59,35,1744.68,4,11,Friday,4,46,14,2025,0,0,0,1,0,0,-0.5000000000000004,0.8660254037844384,-0.433883739117558,-0.9009688679024191,28286.46,32127.01,33132.48,34258.70714285714,33459.10533333333,0,0,0,48,None,0.0,,,0.0,0.0,0.0,,warm,,
2025-11-15,Footwear,41409.03,47,1751.89,5,11,Saturday,4,46,15,2025,1,0,0,1,0,0,-0.5000000000000004,0.8660254037844384,-0.9749279121818236,-0.2225209339563146,37879.91,40337.36,31771.96,34762.86714285715,33780.341,0,0,0,47,None,0.0,,,0.0,0.0,0.0,,warm,,
2025-11-16,Footwear,40344.04,36,1239.11,6,11,Sunday,4,46,16,2025,1,0,0,1,0,0,-0.5000000000000004,0.8660254037844384,-0.7818314824680299,0.6234898018587334,44750.69,37856.87,33507.89,34133.345714285715,34008.212666666666,0,0,0,46,None,0.0,,,0.0,0.0,0.0,,warm,,
2025-11-17,Footwear,34429.62,40,2461.81,0,11,Monday,4,47,17,2025,0,0,0,1,0,0,-0.5000000000000004,0.8660254037844384,0.0,1.0,27932.44,25248.29,45386.36,35061.514285714286,33642.988,0,0,0,45,None,0.0,,,0.0,0.0,0.0,,warm,,
2025-11-18,Footwear,30782.02,27,2087.52,1,11,Tuesday,4,47,18,2025,0,0,0,1,0,0,-0.5000000000000004,0.8660254037844384,0.7818314824680298,0.6234898018587336,29038.96,29856.87,45677.73,35310.52285714286,33146.46433333334,0,0,0,44,None,0.0,,,0.0,0.0,0.0,,warm,,
2025-11-19,Footwear,31630.8,28,2071.75,2,11,Wednesday,4,47,19,2025,0,0,0,1,0,0,-0.5000000000000004,0.8660254037844384,0.9749279121818236,-0.22252093395631434,36426.81,29337.11,31936.45,34625.37857142857,33136.276,0,0,0,43,None,0.0,,,0.0,0.0,0.0,,warm,,
2025-11-20,Footwear,24780.86,24,1196.02,3,11,Thursday,4,47,20,2025,0,0,0,1,0,0,-0.5000000000000004,0.8660254037844384,0.43388373911755823,-0.900968867902419,31840.55,27954.05,34732.36,33616.851428571434,32804.55933333333,0,0,0,42,None,0.0,,,0.0,0.0,0.0,,warm,,
2025-11-21,Footwear,28596.9,24,1982.06,4,11,Friday,4,47,21,2025,0,0,0,1,0,0,-0.5000000000000004,0.8660254037844384,-0.433883739117558,-0.9009688679024191,31941.59,28286.46,28660.7,33139.03857142857,32802.43266666667,0,0,0,41,None,0.0,,,0.0,0.0,0.0,,warm,,
2025-11-22,Footwear,35303.88,39,1473.36,5,11,Saturday,4,47,22,2025,1,0,0,1,0,0,-0.5000000000000004,0.8660254037844384,-0.9749279121818236,-0.2225209339563146,41409.03,37879.91,27899.64,32266.874285714286,33049.240666666665,0,0,0,40,None,0.0,,,0.0,0.0,0.0,,warm,,
2025-11-23,Footwear,46578.08,44,965.3,6,11,Sunday,4,47,23,2025,1,0,0,1,0,0,-0.5000000000000004,0.8660254037844384,-0.7818314824680299,0.6234898018587334,40344.04,44750.69,34696.57,33157.45142857143,33445.291,0,0,0,39,None,0.0,,,0.0,0.0,0.0,,warm,,
2025-11-24,Footwear,36230.24,31,1529.11,0,11,Monday,4,48,24,2025,0,0,0,1,0,0,-0.5000000000000004,0.8660254037844384,0.0,1.0,34429.62,27932.44,31594.84,33414.682857142856,33599.804333333326,0,0,0,38,None,0.0,,,0.0,0.0,0.0,,warm,,
2025-11-25,Footwear,29222.87,29,2154.92,1,11,Tuesday,4,48,25,2025,0,1,0,1,0,0,-0.5000000000000004,0.8660254037844384,0.7818314824680298,0.6234898018587336,30782.02,29038.96,41487.39,33191.94714285714,33190.987,0,0,0,37,None,0.0,,,0.0,0.0,0.0,,warm,,
2025-11-26,Footwear,30155.84,25,1510.25,2,11,Wednesday,4,48,26,2025,0,1,0,1,0,0,-0.5000000000000004,0.8660254037844384,0.9749279121818236,-0.22252093395631434,31630.8,36426.81,29702.47,32981.23857142857,33206.09933333333,0,0,0,36,None,0.0,,,0.0,0.0,0.0,,warm,,
2025-11-27,Footwear,32748.98,29,1054.64,3,11,Thursday,4,48,27,2025,0,1,0,1,0,0,-0.5000000000000004,0.8660254037844384,0.43388373911755823,-0.900968867902419,24780.86,31840.55,29863.24,34119.54142857143,33302.29066666667,0,0,0,35,None,0.0,,,0.0,0.0,0.0,,warm,,
2025-11-28,Footwear,29581.23,28,791.04,4,11,Friday,4,48,28,2025,0,1,0,1,0,0,-0.5000000000000004,0.8660254037844384,-0.433883739117558,-0.9009688679024191,28596.9,31941.59,34331.29,34260.159999999996,33143.95533333333,0,0,0,34,None,0.0,,,0.0,0.0,0.0,,warm,,
2025-11-29,Footwear,37973.74,42,2036.23,5,11,Saturday,4,48,29,2025,1,1,0,1,0,0,-0.5000000000000004,0.8660254037844384,-0.9749279121818236,-0.2225209339563146,35303.88,41409.03,31709.3,34641.56857142857,33352.77,0,0,0,33,None,0.0,,,0.0,0.0,0.0,,warm,,
2025-11-30,Footwear,42507.51,36,1973.92,6,11,Sunday,4,48,30,2025,1,1,0,1,0,0,-0.5000000000000004,0.8660254037844384,-0.7818314824680299,0.6234898018587334,46578.08,40344.04,32127.01,34060.05857142857,33698.78666666667,0,0,0,32,None,0.0,,,0.0,0.0,0.0,,warm,,
2025-12-01,Footwear,30603.3,30,2097.13,0,12,Monday,4,49,1,2025,0,0,1,1,0,0,-2.4492935982947064e-16,1.0,0.0,1.0,36230.24,34429.62,40337.36,33256.21,33374.318,0,0,0,31,None,0.0,,,0.0,0.0,0.0,,warm,,
2025-12-02,Footwear,26570.99,27,1140.67,1,12,Tuesday,4,49,2,2025,0,0,1,1,0,0,-2.4492935982947064e-16,1.0,0.7818314824680298,0.6234898018587336,29222.87,30782.02,37856.87,32877.37,32998.122,0,0,0,30,None,0.0,,,0.0,0.0,0.0,,warm,,
2025-12-03,Footwear,29807.58,34,1228.3,2,12,Wednesday,4,49,3,2025,0,0,1,1,0,0,-2.4492935982947064e-16,1.0,0.9749279121818236,-0.22252093395631434,30155.84,31630.8,25248.29,32827.61857142857,33150.098333333335,0,0,0,29,None,0.0,,,0.0,0.0,0.0,,warm,,
2025-12-04,Footwear,31360.6,26,967.01,3,12,Thursday,4,49,4,2025,0,0,1,1,0,0,-2.4492935982947064e-16,1.0,0.43388373911755823,-0.900968867902419,32748.98,24780.86,29856.87,32629.278571428575,33200.22266666666,0,0,0,28,None,0.0,,,0.0,0.0,0.0,,warm,,
2025-12-05,Footwear,31792.2,35,2465.2,4,12,Friday,4,49,5,2025,0,0,1,1,0,0,-2.4492935982947064e-16,1.0,-0.433883739117558,-0.9009688679024191,29581.23,28596.9,29337.11,32945.13142857143,33282.059,0,0,0,27,None,0.0,,,0.0,0.0,0.0,,warm,,
2025-12-06,Footwear,41008.58,42,1173.7,5,12,Saturday,4,49,6,2025,1,0,0,1,0,0,-2.4492935982947064e-16,1.0,-0.9749279121818236,-0.2225209339563146,37973.74,35303.88,27954.05,33378.68,33717.21,0,0,0,26,None,0.0,,,0.0,0.0,0.0,,warm,,
2025-12-07,Footwear,46957.75,49,903.46,6,12,Sunday,4,49,7,2025,1,0,0,1,0,0,-2.4492935982947064e-16,1.0,-0.7818314824680299,0.6234898018587334,42507.51,46578.08,28286.46,34014.42857142857,34339.58633333333,0,0,0,25,None,0.0,,,0.0,0.0,0.0,,warm,,
2025-12-08,Footwear,26030.73,28,1016.34,0,12,Monday,4,50,8,2025,0,0,0,1,0,0,-2.4492935982947064e-16,1.0,0.0,1.0,30603.3,36230.24,37879.91,33361.20428571429,33944.613666666664,0,0,0,24,None,0.0,,,0.0,0.0,0.0,,warm,,
2025-12-09,Footwear,32945.3,31,2038.97,1,12,Tuesday,4,50,9,2025,0,0,0,1,0,0,-2.4492935982947064e-16,1.0,0.7818314824680298,0.6234898018587336,26570.99,29222.87,44750.69,34271.82,33551.100666666665,0,0,0,23,None,0.0,,,0.0,0.0,0.0,,warm,,
2025-12-10,Footwear,25063.8,23,1937.16,2,12,Wednesday,4,50,10,2025,0,0,0,1,0,0,-2.4492935982947064e-16,1.0,0.9749279121818236,-0.22252093395631434,29807.58,30155.84,27932.44,33594.137142857144,33455.47933333333,0,0,0,22,None,0.0,,,0.0,0.0,0.0,,warm,,
2025-12-11,Footwear,31784.26,36,912.62,3,12,Thursday,4,50,11,2025,0,0,0,1,0,0,-2.4492935982947064e-16,1.0,0.43388373911755823,-0.900968867902419,31360.6,32748.98,29038.96,33654.659999999996,33546.98933333333,0,0,0,21,None,0.0,,,0.0,0.0,0.0,,warm,,
2025-12-12,Footwear,29812.22,36,1461.52,4,12,Friday,4,50,12,2025,0,0,0,1,0,0,-2.4492935982947064e-16,1.0,-0.433883739117558,-0.9009688679024191,31792.2,29581.23,36426.81,33371.805714285714,33326.503000000004,0,0,0,20,None,0.0,,,0.0,0.0,0.0,,warm,,
2025-12-13,Footwear,36496.21,36,1083.47,5,12,Saturday,4,50,13,2025,1,0,0,1,0,0,-2.4492935982947064e-16,1.0,-0.9749279121818236,-0.2225209339563146,41008.58,37973.74,31840.55,32727.181428571428,33481.691666666666,0,0,0,19,None,0.0,,,0.0,0.0,0.0,,warm,,
2025-12-14,Footwear,34139.47,41,2375.71,6,12,Sunday,4,50,14,2025,1,0,0,1,0,0,-2.4492935982947064e-16,1.0,-0.7818314824680299,0.6234898018587334,46957.75,42507.51,31941.59,30895.99857142857,33554.954333333335,0,0,0,18,None,0.0,,,0.0,0.0,0.0,,warm,,
2025-12-15,Footwear,31650.16,26,1827.17,0,12,Monday,4,51,15,2025,0,0,0,1,0,0,-2.4492935982947064e-16,1.0,0.0,1.0,26030.73,30603.3,41409.03,31698.774285714284,33229.65866666667,0,0,0,17,None,0.0,,,0.0,0.0,0.0,,warm,,
2025-12-16,Footwear,30959.35,28,852.68,1,12,Tuesday,4,51,16,2025,0,0,0,1,0,0,-2.4492935982947064e-16,1.0,0.7818314824680298,0.6234898018587336,32945.3,26570.99,40344.04,31415.067142857144,32916.835666666666,0,0,0,16,None,0.0,,,0.0,0.0,0.0,,warm,,
2025-12-17,Footwear,30671.74,25,643.2,2,12,Wednesday,4,51,17,2025,0,0,0,1,0,0,-2.4492935982947064e-16,1.0,0.9749279121818236,-0.22252093395631434,25063.8,29807.58,34429.62,32216.20142857143,32791.573,0,0,0,15,None,0.0,,,0.0,0.0,0.0,,warm,,
2025-12-18,Footwear,31629.89,32,894.73,3,12,Thursday,4,51,18,2025,0,0,0,1,0,0,-2.4492935982947064e-16,1.0,0.43388373911755823,-0.900968867902419,31784.26,31360.6,30782.02,32194.148571428574,32819.83533333333,0,0,0,14,None,0.0,,,0.0,0.0,0.0,,warm,,
2025-12-19,Footwear,25792.18,31,1057.27,4,12,Friday,4,51,19,2025,0,0,0,1,0,0,-2.4492935982947064e-16,1.0,-0.433883739117558,-0.9009688679024191,29812.22,31792.2,31630.8,31619.85714285714,32625.21466666667,0,0,0,13,None,0.0,,,0.0,0.0,0.0,,warm,,
2025-12-20,Footwear,44124.44,53,1364.3,5,12,Saturday,4,51,20,2025,1,0,0,1,0,0,-2.4492935982947064e-16,1.0,-0.9749279121818236,-0.2225209339563146,36496.21,41008.58,24780.86,32709.604285714286,33270.00066666667,0,0,0,12,None,0.0,,,0.0,0.0,0.0,,warm,,
2025-12-21,Footwear,37116.84,31,1694.61,6,12,Sunday,4,51,21,2025,1,0,0,1,0,0,-2.4492935982947064e-16,1.0,-0.7818314824680299,0.6234898018587334,34139.47,46957.75,28596.9,33134.94285714286,33553.99866666667,0,0,0,11,None,0.0,,,0.0,0.0,0.0,,warm,,
2025-12-22,Footwear,31241.4,29,1019.98,0,12,Monday,4,52,22,2025,0,0,0,1,0,0,-2.4492935982947064e-16,1.0,0.0,1.0,31650.16,26030.73,35303.88,33076.54857142857,33418.58266666667,0,0,0,10,None,0.0,,,0.0,0.0,0.0,,warm,,
2025-12-23,Footwear,32891.64,30,1541.68,1,12,Tuesday,4,52,23,2025,0,0,0,1,0,0,-2.4492935982947064e-16,1.0,0.7818314824680298,0.6234898018587336,30959.35,32945.3,46578.08,33352.590000000004,32962.368,0,0,0,9,None,0.0,,,0.0,0.0,0.0,,warm,,
2025-12-24,Footwear,37739.13,39,1315.27,2,12,Wednesday,4,52,24,2025,0,0,0,1,0,0,-2.4492935982947064e-16,1.0,0.9749279121818236,-0.22252093395631434,30671.74,25063.8,36230.24,34362.217142857146,33012.664333333334,0,0,0,8,None,0.0,,,0.0,0.0,0.0,,warm,,
2025-12-25,Footwear,31706.95,38,1668.53,3,12,Thursday,4,52,25,2025,0,1,0,1,0,0,-2.4492935982947064e-16,1.0,0.43388373911755823,-0.900968867902419,31629.89,31784.26,29222.87,34373.22571428571,33095.467,0,0,0,7,None,0.0,,,0.0,0.0,0.0,,warm,,
2025-12-26,Footwear,26955.73,26,2209.55,4,12,Friday,4,52,26,2025,0,1,0,1,0,0,-2.4492935982947064e-16,1.0,-0.433883739117558,-0.9009688679024191,25792.18,29812.22,30155.84,34539.44714285714,32988.79666666667,0,0,0,6,None,0.0,,,0.0,0.0,0.0,,warm,,
2025-12-27,Footwear,41446.83,49,957.51,5,12,Saturday,4,52,27,2025,1,1,0,1,0,0,-2.4492935982947064e-16,1.0,-0.9749279121818236,-0.2225209339563146,44124.44,36496.21,32748.98,34156.93142857143,33278.725,0,0,0,5,None,0.0,,,0.0,0.0,0.0,,warm,,
2025-12-28,Footwear,42014.93,52,1002.43,6,12,Sunday,4,52,28,2025,1,1,0,1,0,0,-2.4492935982947064e-16,1.0,-0.7818314824680299,0.6234898018587334,37116.84,34139.47,29581.23,34856.65857142857,33693.181666666664,0,0,0,4,None,0.0,,,0.0,0.0,0.0,,warm,,
2025-12-29,Footwear,27884.96,24,988.57,0,12,Monday,4,1,29,2025,0,1,0,1,0,0,-2.4492935982947064e-16,1.0,0.0,1.0,31241.4,31650.16,37973.74,34377.16714285714,33356.889,0,0,0,3,None,0.3,,,0.0,0.0,0.0,,warm,,
2025-12-30,Footwear,27237.98,27,1574.35,1,12,Tuesday,4,1,30,2025,0,1,0,1,0,0,-2.4492935982947064e-16,1.0,0.7818314824680298,0.6234898018587336,32891.64,30959.35,42507.51,33569.50142857143,32847.90466666667,0,0,0,2,None,0.3,,,0.0,0.0,0.0,,warm,,
2025-12-31,Footwear,27793.41,33,1668.8,2,12,Wednesday,4,1,31,2025,0,1,0,1,0,0,-2.4492935982947064e-16,1.0,0.9749279121818236,-0.22252093395631434,37739.13,30671.74,30603.3,32148.684285714287,32754.241666666665,0,1,0,1,None,0.25,,,0.0,0.0,0.0,,warm,,
2026-01-01,Footwear,19367.18,21,1226.74,3,1,Thursday,1,1,1,2026,0,0,1,0,0,0,0.49999999999999994,0.8660254037844387,0.43388373911755823,-0.900968867902419,31706.95,31629.89,26570.99,30385.860000000004,32514.114666666665,1,0,0,0,Optional holiday,0.5,,,0.0,0.0,0.0,,warm,,
2026-01-02,Footwear,20384.1,19,2436.37,4,1,Friday,1,1,2,2026,0,0,1,0,0,0,0.49999999999999994,0.8660254037844387,-0.433883739117558,-0.9009688679024191,26955.73,25792.18,29807.58,29447.05571428571,32199.998666666666,0,1,1,1,None,0.25,,,0.0,0.0,0.0,,warm,,
2026-01-03,Footwear,29583.1,33,2342.11,5,1,Saturday,1,1,3,2026,1,0,1,0,0,0,0.49999999999999994,0.8660254037844387,-0.9749279121818236,-0.2225209339563146,41446.83,44124.44,31360.6,27752.237142857142,32140.74866666667,1,0,0,0,Optional holiday,0.5,,,0.0,0.0,0.0,,warm,,
2026-01-04,Footwear,24020.91,29,1383.55,6,1,Sunday,1,1,4,2026,1,0,1,0,0,0,0.49999999999999994,0.8660254037844387,-0.7818314824680299,0.6234898018587334,42014.93,37116.84,31792.2,25181.662857142856,31881.705666666665,0,0,1,10,None,0.15,,,0.0,0.0,0.0,,warm,,
2026-01-05,Footwear,21676.98,19,1866.83,0,1,Monday,1,2,5,2026,0,0,1,0,0,0,0.49999999999999994,0.8660254037844387,0.0,1.0,27884.96,31241.4,41008.58,24294.808571428566,31237.319000000003,0,0,0,9,None,0.0,,,0.0,0.0,0.0,,warm,,
2026-01-06,Footwear,20534.78,19,1972.17,1,1,Tuesday,1,2,6,2026,0,0,0,0,0,0,0.49999999999999994,0.8660254037844387,0.7818314824680298,0.6234898018587336,27237.98,32891.64,46957.75,23337.208571428575,30356.553333333333,0,0,0,8,None,0.0,,,0.0,0.0,0.0,,warm,,
2026-01-07,Footwear,18488.51,21,1596.33,2,1,Wednesday,1,2,7,2026,0,0,0,0,0,0,0.49999999999999994,0.8660254037844387,0.9749279121818236,-0.22252093395631434,27793.41,37739.13,26030.73,22007.937142857143,30105.146,0,0,0,7,None,0.0,,,0.0,0.0,0.0,,warm,,
2026-01-08,Footwear,22171.79,22,1472.1,3,1,Thursday,1,2,8,2026,0,0,0,0,0,0,0.49999999999999994,0.8660254037844387,0.43388373911755823,-0.900968867902419,19367.18,31706.95,32945.3,22408.595714285715,29746.029,0,0,0,6,None,0.0,,,0.0,0.0,0.0,,warm,,
2026-01-09,Footwear,21115.62,24,1370.03,4,1,Friday,1,2,9,2026,0,0,0,0,0,0,0.49999999999999994,0.8660254037844387,-0.433883739117558,-0.9009688679024191,20384.1,26955.73,25063.8,22513.09857142857,29614.423000000003,0,0,0,5,None,0.0,,,0.0,0.0,0.0,,warm,,
2026-01-10,Footwear,25354.32,22,2090.31,5,1,Saturday,1,2,10,2026,1,0,0,0,0,0,0.49999999999999994,0.8660254037844387,-0.9749279121818236,-0.2225209339563146,29583.1,41446.83,31784.26,21908.987142857142,29400.091666666667,0,0,0,4,None,0.0,,,0.0,0.0,0.0,,warm,,
2026-01-11,Footwear,28313.55,27,1115.08,6,1,Sunday,1,2,11,2026,1,0,0,0,0,0,0.49999999999999994,0.8660254037844387,-0.7818314824680299,0.6234898018587334,24020.91,42014.93,29812.22,22522.221428571425,29350.136,0,0,0,3,None,0.3,,,0.0,0.0,0.0,,warm,,
2026-01-12,Footwear,17580.61,18,629.75,0,1,Monday,1,3,12,2026,0,0,0,0,0,0,0.49999999999999994,0.8660254037844387,0.0,1.0,21676.98,27884.96,36496.21,21937.02571428572,28719.615999999998,0,0,0,2,None,0.3,,,0.0,0.0,0.0,,warm,,
2026-01-13,Footwear,22981.45,24,1676.72,1,1,Tuesday,1,3,13,2026,0,0,0,0,0,0,0.49999999999999994,0.8660254037844387,0.7818314824680298,0.6234898018587336,20534.78,27237.98,34139.47,22286.55,28347.681999999997,0,1,0,1,None,0.25,,,0.0,0.0,0.0,,warm,,
2026-01-14,Footwear,19223.65,18,2016.37,2,1,Wednesday,1,3,14,2026,0,0,0,0,0,0,0.49999999999999994,0.8660254037844387,0.9749279121818236,-0.22252093395631434,18488.51,27793.41,31650.16,22391.57,27933.465,1,0,0,0,Hinduism,0.5,,,0.0,0.0,0.0,,warm,,
2026-01-15,Footwear,22381.29,20,1353.74,3,1,Thursday,1,3,15,2026,0,0,0,0,0,0,0.49999999999999994,0.8660254037844387,0.43388373911755823,-0.900968867902419,22171.79,19367.18,30959.35,22421.49857142857,27647.529666666665,0,0,1,8,None,0.15,,,0.0,0.0,0.0,,warm,,
2026-01-16,Footwear,17266.24,17,1420.51,4,1,Friday,1,3,16,2026,0,0,0,0,0,0,0.49999999999999994,0.8660254037844387,-0.433883739117558,-0.9009688679024191,21115.62,20384.1,30671.74,21871.587142857144,27200.679666666667,0,0,0,7,None,0.0,,,0.0,0.0,0.0,,warm,,
2026-01-17,Footwear,29049.72,34,1109.15,5,1,Saturday,1,3,17,2026,1,0,0,0,0,0,0.49999999999999994,0.8660254037844387,-0.9749279121818236,-0.2225209339563146,25354.32,29583.1,31629.89,22399.50142857143,27114.674,0,0,0,6,None,0.0,,,0.0,0.0,0.0,,warm,,
2026-01-18,Footwear,23006.94,24,1445.0,6,1,Sunday,1,3,18,2026,1,0,0,0,0,0,0.49999999999999994,0.8660254037844387,-0.7818314824680299,0.6234898018587334,28313.55,24020.91,25792.18,21641.41428571429,27021.832666666665,0,0,0,5,None,0.0,,,0.0,0.0,0.0,,warm,,
2026-01-19,Footwear,18053.86,21,649.9,0,1,Monday,1,4,19,2026,0,0,0,0,0,0,0.49999999999999994,0.8660254037844387,0.0,1.0,17580.61,21676.98,44124.44,21709.02142857143,26152.813333333335,0,0,0,4,None,0.0,,,0.0,0.0,0.0,,warm,,
2026-01-20,Footwear,19113.44,19,2080.42,1,1,Tuesday,1,4,20,2026,0,0,0,0,0,0,0.49999999999999994,0.8660254037844387,0.7818314824680298,0.6234898018587336,22981.45,20534.78,37116.84,21156.448571428573,25552.7,0,0,0,3,None,0.3,,,0.0,0.0,0.0,,warm,,
2026-01-21,Footwear,16772.88,17,1109.97,2,1,Wednesday,1,4,21,2026,0,0,0,0,0,0,0.49999999999999994,0.8660254037844387,0.9749279121818236,-0.22252093395631434,19223.65,18488.51,31241.4,20806.338571428572,25070.416,0,0,0,2,None,0.3,,,0.0,0.0,0.0,,warm,,
2026-01-22,Footwear,18788.77,20,1969.71,3,1,Thursday,1,4,22,2026,0,0,0,0,0,0,0.49999999999999994,0.8660254037844387,0.43388373911755823,-0.900968867902419,22381.29,22171.79,32891.64,20293.12142857143,24600.320333333333,0,1,0,1,None,0.25,,,0.0,0.0,0.0,,warm,,
2026-01-23,Footwear,18788.57,16,1321.79,4,1,Friday,1,4,23,2026,0,0,0,0,0,0,0.49999999999999994,0.8660254037844387,-0.433883739117558,-0.9009688679024191,17266.24,21115.62,37739.13,20510.597142857143,23968.635000000002,1,0,0,0,Hinduism,0.5,,,0.0,0.0,0.0,,warm,,
2026-01-24,Footwear,27086.41,24,2399.83,5,1,Saturday,1,4,24,2026,1,0,0,0,0,0,0.49999999999999994,0.8660254037844387,-0.9749279121818236,-0.2225209339563146,29049.72,25354.32,31706.95,20230.124285714286,23814.617000000002,0,0,1,2,None,0.15,,,0.0,0.0,0.0,,warm,,
2026-01-25,Footwear,27368.65,25,2085.75,6,1,Sunday,1,4,25,2026,1,1,0,0,0,0,0.49999999999999994,0.8660254037844387,-0.7818314824680299,0.6234898018587334,23006.94,28313.55,26955.73,20853.225714285716,23828.380999999998,0,1,0,1,None,0.25,,,0.0,0.0,0.0,,warm,,
2026-01-26,Footwear,22400.83,18,1645.19,0,1,Monday,1,5,26,2026,0,1,0,0,0,0,0.49999999999999994,0.8660254037844387,0.0,1.0,18053.86,17580.61,41446.83,21474.221428571425,23193.514333333333,1,0,0,0,National holiday,0.5,,,0.0,0.0,0.0,,warm,,
2026-01-27,Footwear,21437.91,21,1878.66,1,1,Tuesday,1,5,27,2026,0,1,0,0,0,0,0.49999999999999994,0.8660254037844387,0.7818314824680298,0.6234898018587336,19113.44,22981.45,42014.93,21806.28857142857,22507.613666666668,0,0,1,5,None,0.15,,,0.0,0.0,0.0,,warm,,
2026-01-28,Footwear,19354.64,17,1510.55,2,1,Wednesday,1,5,28,2026,0,1,0,0,0,0,0.49999999999999994,0.8660254037844387,0.9749279121818236,-0.22252093395631434,16772.88,19223.65,27884.96,22175.11142857143,22223.269666666667,0,0,0,4,None,0.0,,,0.0,0.0,0.0,,warm,,
2026-01-29,Footwear,24330.0,22,1728.26,3,1,Thursday,1,5,29,2026,0,1,0,0,0,0,0.49999999999999994,0.8660254037844387,0.43388373911755823,-0.900968867902419,18788.77,22381.29,27237.98,22966.715714285714,22126.337,0,0,0,3,None,0.3,,,0.0,0.0,0.0,,warm,,
2026-01-30,Footwear,23056.94,20,1887.2,4,1,Friday,1,5,30,2026,0,1,0,0,0,0,0.49999999999999994,0.8660254037844387,-0.433883739117558,-0.9009688679024191,18788.57,17266.24,27793.41,23576.48285714286,21968.45466666667,0,0,0,2,None,0.3,,,0.0,0.0,0.0,,warm,,
2026-01-31,Footwear,24734.13,23,2019.02,5,1,Saturday,1,5,31,2026,1,1,0,0,0,0,0.49999999999999994,0.8660254037844387,-0.9749279121818236,-0.2225209339563146,27086.41,29049.72,19367.18,23240.442857142858,22147.353000000003,0,1,0,1,None,0.25,,,0.0,0.0,0.0,,warm,,
2026-02-01,Footwear,26402.62,22,1550.88,6,2,Sunday,1,5,1,2026,1,0,1,0,0,0,0.8660254037844386,0.5000000000000001,-0.7818314824680299,0.6234898018587334,27368.65,23006.94,20384.1,23102.43857142857,22347.97033333334,1,0,0,0,Optional holiday,0.5,,,0.0,0.0,0.0,,warm,,
2026-02-02,Footwear,18833.85,16,869.18,0,2,Monday,1,6,2,2026,0,0,1,0,0,0,0.8660254037844386,0.5000000000000001,0.0,1.0,22400.83,18053.86,29583.1,22592.869999999995,21989.662,0,0,1,10,None,0.15,,,0.0,0.0,0.0,,warm,,
2026-02-03,Footwear,20981.95,20,1205.93,1,2,Tuesday,1,6,3,2026,0,0,1,0,0,0,0.8660254037844386,0.5000000000000001,0.7818314824680298,0.6234898018587336,21437.91,19113.44,24020.91,22527.73285714286,21888.363333333335,0,0,0,9,None,0.0,,,0.0,0.0,0.0,,warm,,
2026-02-04,Footwear,17406.34,14,1063.43,2,2,Wednesday,1,6,4,2026,0,0,1,0,0,0,0.8660254037844386,0.5000000000000001,0.9749279121818236,-0.22252093395631434,19354.64,16772.88,21676.98,22249.404285714285,21746.008666666665,0,0,0,8,None,0.0,,,0.0,0.0,0.0,,warm,,
2026-02-05,Footwear,22476.57,25,1816.91,3,2,Thursday,1,6,5,2026,0,0,1,0,0,0,0.8660254037844386,0.5000000000000001,0.43388373911755823,-0.900968867902419,24330.0,18788.77,20534.78,21984.62857142857,21810.735,0,0,0,7,None,0.0,,,0.0,0.0,0.0,,warm,,
2026-02-06,Footwear,25203.37,21,1008.11,4,2,Friday,1,6,6,2026,0,0,0,0,0,0,0.8660254037844386,0.5000000000000001,-0.433883739117558,-0.9009688679024191,23056.94,18788.57,18488.51,22291.261428571426,22034.56366666667,0,0,0,6,None,0.0,,,0.0,0.0,0.0,,warm,,
2026-02-07,Footwear,30482.33,35,1098.47,5,2,Saturday,1,6,7,2026,1,0,0,0,0,0,0.8660254037844386,0.5000000000000001,-0.9749279121818236,-0.2225209339563146,24734.13,27086.41,22171.79,23112.432857142856,22311.581666666665,0,0,0,5,None,0.0,,,0.0,0.0,0.0,,warm,,
2026-02-08,Footwear,24703.59,25,2206.48,6,2,Sunday,1,6,8,2026,1,0,0,0,0,0,0.8660254037844386,0.5000000000000001,-0.7818314824680299,0.6234898018587334,26402.62,27368.65,21115.62,22869.714285714286,22431.180666666667,0,0,0,4,None,0.0,,,0.0,0.0,0.0,,warm,,
2026-02-09,Footwear,17608.23,20,1195.05,0,2,Monday,1,7,9,2026,0,0,0,0,0,0,0.8660254037844386,0.5000000000000001,0.0,1.0,18833.85,22400.83,25354.32,22694.625714285714,22172.97766666667,0,0,0,3,None,0.3,,,0.0,0.0,0.0,,warm,,
2026-02-10,Footwear,20029.38,18,1329.05,1,2,Tuesday,1,7,10,2026,0,0,0,0,0,0,0.8660254037844386,0.5000000000000001,0.7818314824680298,0.6234898018587336,20981.95,21437.91,28313.55,22558.544285714284,21896.838666666667,0,0,0,2,None,0.3,,,0.0,0.0,0.0,,warm,,
2026-02-11,Footwear,18225.02,17,1148.79,2,2,Wednesday,1,7,11,2026,0,0,0,0,0,0,0.8660254037844386,0.5000000000000001,0.9749279121818236,-0.22252093395631434,17406.34,19354.64,17580.61,22675.498571428576,21918.319000000003,0,1,0,1,None,0.25,,,0.0,0.0,0.0,,warm,,
2026-02-12,Footwear,19200.73,19,2431.28,3,2,Thursday,1,7,12,2026,0,0,0,0,0,0,0.8660254037844386,0.5000000000000001,0.43388373911755823,-0.900968867902419,22476.57,24330.0,22981.45,22207.52142857143,21792.295000000002,1,0,0,0,Optional holiday,0.5,,,0.0,0.0,0.0,,warm,,
2026-02-13,Footwear,16948.69,20,1674.26,4,2,Friday,1,7,13,2026,0,0,0,0,0,0,0.8660254037844386,0.5000000000000001,-0.433883739117558,-0.9009688679024191,25203.37,23056.94,19223.65,21028.28142857143,21716.463,0,1,1,1,None,0.25,,,0.0,0.0,0.0,,warm,,
2026-02-14,Footwear,27498.29,23,2067.84,5,2,Saturday,1,7,14,2026,1,0,0,0,0,0,0.8660254037844386,0.5000000000000001,-0.9749279121818236,-0.2225209339563146,30482.33,24734.13,22381.29,20601.989999999998,21887.029666666665,1,1,0,0,Observance,0.5,,,0.0,0.0,0.0,,warm,,
2026-02-15,Footwear,29764.97,25,679.06,6,2,Sunday,1,7,15,2026,1,0,0,0,0,0,0.8660254037844386,0.5000000000000001,-0.7818314824680299,0.6234898018587334,24703.59,26402.62,17266.24,21325.044285714284,22303.654,1,0,1,0,Hinduism,0.5,,,0.0,0.0,0.0,,warm,,
2026-02-16,Footwear,19993.25,21,2262.14,0,2,Monday,1,8,16,2026,0,0,0,0,0,0,0.8660254037844386,0.5000000000000001,0.0,1.0,17608.23,18833.85,29049.72,21665.761428571426,22001.771666666667,0,1,1,1,None,0.25,,,0.0,0.0,0.0,,warm,,
2026-02-17,Footwear,20176.81,21,998.77,1,2,Tuesday,1,8,17,2026,0,0,0,0,0,0,0.8660254037844386,0.5000000000000001,0.7818314824680298,0.6234898018587336,20029.38,20981.95,23006.94,21686.82285714286,21907.434,1,0,0,0,Observance,0.5,,,0.0,0.0,0.0,,warm,,
2026-02-18,Footwear,16266.93,17,2145.71,2,2,Wednesday,1,8,18,2026,0,0,0,0,0,0,0.8660254037844386,0.5000000000000001,0.9749279121818236,-0.22252093395631434,18225.02,17406.34,18053.86,21407.095714285715,21847.869666666666,0,1,1,1,None,0.25,,,0.0,0.0,0.0,,warm,,
2026-02-19,Footwear,17951.63,16,1107.95,3,2,Thursday,1,8,19,2026,0,0,0,0,0,0,0.8660254037844386,0.5000000000000001,0.43388373911755823,-0.900968867902419,19200.73,22476.57,19113.44,21228.652857142857,21809.142666666667,1,0,0,0,Optional holiday,0.5,,,0.0,0.0,0.0,,warm,,
2026-02-20,Footwear,18081.12,19,2247.39,4,2,Friday,1,8,20,2026,0,0,0,0,0,0,0.8660254037844386,0.5000000000000001,-0.433883739117558,-0.9009688679024191,16948.69,25203.37,16772.88,21390.428571428572,21852.750666666667,0,0,1,11,None,0.15,,,0.0,0.0,0.0,,warm,,
2026-02-21,Footwear,25680.11,22,1346.13,5,2,Saturday,1,8,21,2026,1,0,0,0,0,0,0.8660254037844386,0.5000000000000001,-0.9749279121818236,-0.2225209339563146,27498.29,30482.33,18788.77,21130.68857142857,22082.462,0,0,0,10,None,0.0,,,0.0,0.0,0.0,,warm,,
2026-02-22,Footwear,26601.47,22,776.88,6,2,Sunday,1,8,22,2026,1,0,0,0,0,0,0.8660254037844386,0.5000000000000001,-0.7818314824680299,0.6234898018587334,29764.97,24703.59,18788.57,20678.760000000002,22342.892,0,0,0,9,None,0.0,,,0.0,0.0,0.0,,warm,,
2026-02-23,Footwear,17660.17,22,2250.92,0,2,Monday,1,9,23,2026,0,0,0,0,0,0,0.8660254037844386,0.5000000000000001,0.0,1.0,19993.25,17608.23,27086.41,20345.462857142855,22028.684,0,0,0,8,None,0.0,,,0.0,0.0,0.0,,warm,,
2026-02-24,Footwear,19085.81,19,1013.88,1,2,Tuesday,1,9,24,2026,0,0,0,0,0,0,0.8660254037844386,0.5000000000000001,0.7818314824680298,0.6234898018587336,20176.81,20029.38,27368.65,20189.605714285713,21752.589333333333,0,0,0,7,None,0.0,,,0.0,0.0,0.0,,warm,,
2026-02-25,Footwear,21532.16,20,2097.78,2,2,Wednesday,1,9,25,2026,0,1,0,0,0,0,0.8660254037844386,0.5000000000000001,0.9749279121818236,-0.22252093395631434,16266.93,18225.02,22400.83,20941.78142857143,21723.63366666667,0,0,0,6,None,0.0,,,0.0,0.0,0.0,,warm,,
2026-02-26,Footwear,18346.24,22,2484.49,3,2,Thursday,1,9,26,2026,0,1,0,0,0,0,0.8660254037844386,0.5000000000000001,0.43388373911755823,-0.900968867902419,17951.63,19200.73,21437.91,20998.15428571429,21620.578,0,0,0,5,None,0.0,,,0.0,0.0,0.0,,warm,,
2026-02-27,Footwear,22985.38,23,1075.74,4,2,Friday,1,9,27,2026,0,1,0,0,0,0,0.8660254037844386,0.5000000000000001,-0.433883739117558,-0.9009688679024191,18081.12,16948.69,19354.64,21698.76285714286,21741.60266666667,0,0,0,4,None,0.0,,,0.0,0.0,0.0,,warm,,
2026-02-28,Footwear,29386.92,31,1415.54,5,2,Saturday,1,9,28,2026,1,1,0,0,0,0,0.8660254037844386,0.5000000000000001,-0.9749279121818236,-0.2225209339563146,25680.11,27498.29,24330.0,22228.307142857142,21910.166666666668,0,0,0,3,None,0.3,,,0.0,0.0,0.0,,warm,,
2026-03-01,Footwear,22781.13,22,617.65,6,3,Sunday,1,9,1,2026,1,0,1,0,0,0,1.0,6.123233995736766e-17,-0.7818314824680299,0.6234898018587334,26601.47,29764.97,23056.94,21682.544285714284,21900.972999999998,0,0,0,2,None,0.3,,,0.0,0.0,0.0,,warm,,
2026-03-02,Footwear,17286.84,17,769.73,0,3,Monday,1,10,2,2026,0,0,1,0,0,0,1.0,6.123233995736766e-17,0.0,1.0,17660.17,19993.25,24734.13,21629.21142857143,21652.729999999996,0,1,0,1,None,0.25,,,0.0,0.0,0.0,,warm,,
2026-03-03,Footwear,18530.82,16,2486.59,1,3,Tuesday,1,10,3,2026,0,0,1,0,0,0,1.0,6.123233995736766e-17,0.7818314824680298,0.6234898018587336,19085.81,20176.81,26402.62,21549.927142857145,21390.336666666666,1,1,0,0,Optional holiday,0.5,,,0.0,0.0,0.0,,warm,,
2026-03-04,Footwear,20123.36,17,2021.71,2,3,Wednesday,1,10,4,2026,0,0,1,0,0,0,1.0,6.123233995736766e-17,0.9749279121818236,-0.22252093395631434,21532.16,16266.93,18833.85,21348.670000000002,21433.320333333333,1,0,1,0,National holiday,0.5,,,0.0,0.0,0.0,,warm,,
2026-03-05,Footwear,18344.82,16,1987.02,3,3,Thursday,1,10,5,2026,0,0,1,0,0,0,1.0,6.123233995736766e-17,0.43388373911755823,-0.900968867902419,18346.24,17951.63,20981.95,21348.467142857142,21345.416,0,0,1,14,None,0.15,,,0.0,0.0,0.0,,warm,,
2026-03-06,Footwear,21807.87,19,1740.01,4,3,Friday,1,10,6,2026,0,0,0,0,0,0,1.0,6.123233995736766e-17,-0.433883739117558,-0.9009688679024191,22985.38,18081.12,17406.34,21180.25142857143,21492.13366666667,0,0,0,13,None,0.0,,,0.0,0.0,0.0,,warm,,
2026-03-07,Footwear,27056.14,25,958.43,5,3,Saturday,1,10,7,2026,1,0,0,0,0,0,1.0,6.123233995736766e-17,-0.9749279121818236,-0.2225209339563146,29386.92,25680.11,22476.57,20847.282857142858,21644.786,0,0,0,12,None,0.0,,,0.0,0.0,0.0,,warm,,
2026-03-08,Footwear,24842.18,22,1728.47,6,3,Sunday,1,10,8,2026,1,0,0,0,0,0,1.0,6.123233995736766e-17,-0.7818314824680299,0.6234898018587334,22781.13,26601.47,25203.37,21141.71857142857,21632.746333333333,0,0,0,11,None,0.0,,,0.0,0.0,0.0,,warm,,
2026-03-09,Footwear,20646.16,19,1897.59,0,3,Monday,1,11,9,2026,0,0,0,0,0,0,1.0,6.123233995736766e-17,0.0,1.0,17286.84,17660.17,30482.33,21621.62142857143,21304.874000000003,0,0,0,10,None,0.0,,,0.0,0.0,0.0,,warm,,
2026-03-10,Footwear,19844.33,23,2402.49,1,3,Tuesday,1,11,10,2026,0,0,0,0,0,0,1.0,6.123233995736766e-17,0.7818314824680298,0.6234898018587336,18530.82,19085.81,24703.59,21809.265714285713,21142.898666666664,0,0,0,9,None,0.0,,,0.0,0.0,0.0,,warm,,
2026-03-11,Footwear,19147.28,16,1619.47,2,3,Wednesday,1,11,11,2026,0,0,0,0,0,0,1.0,6.123233995736766e-17,0.9749279121818236,-0.22252093395631434,20123.36,21532.16,17608.23,21669.825714285715,21194.200333333334,0,0,0,8,None,0.0,,,0.0,0.0,0.0,,warm,,
2026-03-12,Footwear,18663.71,18,1714.23,3,3,Thursday,1,11,12,2026,0,0,0,0,0,0,1.0,6.123233995736766e-17,0.43388373911755823,-0.900968867902419,18344.82,18346.24,20029.38,21715.381428571425,21148.678,0,0,0,7,None,0.0,,,0.0,0.0,0.0,,warm,,
2026-03-13,Footwear,20135.71,21,710.02,4,3,Friday,1,11,13,2026,0,0,0,0,0,0,1.0,6.123233995736766e-17,-0.433883739117558,-0.9009688679024191,21807.87,22985.38,18225.02,21476.50142857143,21212.367666666665,0,0,0,6,None,0.0,,,0.0,0.0,0.0,,warm,,
2026-03-14,Footwear,29780.89,25,933.73,5,3,Saturday,1,11,14,2026,1,0,0,0,0,0,1.0,6.123233995736766e-17,-0.9749279121818236,-0.2225209339563146,27056.14,29386.92,19200.73,21865.75142857143,21565.039666666664,0,0,0,5,None,0.0,,,0.0,0.0,0.0,,warm,,
2026-03-15,Footwear,32568.82,27,1092.57,6,3,Sunday,1,11,15,2026,1,0,0,0,0,0,1.0,6.123233995736766e-17,-0.7818314824680299,0.6234898018587334,24842.18,22781.13,16948.69,22969.557142857142,22085.71066666667,0,0,0,4,None,0.0,,,0.0,0.0,0.0,,warm,,
2026-03-16,Footwear,20904.74,21,2133.5,0,3,Monday,1,12,16,2026,0,0,0,0,0,0,1.0,6.123233995736766e-17,0.0,1.0,20646.16,17286.84,27498.29,23006.49714285714,21865.925666666666,0,0,0,3,None,0.3,,,0.0,0.0,0.0,,warm,,
2026-03-17,Footwear,22374.77,22,705.33,1,3,Tuesday,1,12,17,2026,0,0,0,0,0,0,1.0,6.123233995736766e-17,0.7818314824680298,0.6234898018587336,19844.33,18530.82,29764.97,23367.988571428574,21619.58566666667,0,0,0,2,None,0.3,,,0.0,0.0,0.0,,warm,,
2026-03-18,Footwear,19293.67,21,2007.48,2,3,Wednesday,1,12,18,2026,0,0,0,0,0,0,1.0,6.123233995736766e-17,0.9749279121818236,-0.22252093395631434,19147.28,20123.36,19993.25,23388.90142857143,21596.266333333333,0,1,0,1,None,0.25,,,0.0,0.0,0.0,,warm,,
2026-03-19,Footwear,17986.91,21,1650.44,3,3,Thursday,1,12,19,2026,0,0,0,0,0,0,1.0,6.123233995736766e-17,0.43388373911755823,-0.900968867902419,18663.71,18344.82,20176.81,23292.21571428571,21523.269666666667,1,1,0,0,Hinduism,0.5,,,0.0,0.0,0.0,,warm,,
2026-03-20,Footwear,18784.36,22,1685.92,4,3,Friday,1,12,20,2026,0,0,0,0,0,0,1.0,6.123233995736766e-17,-0.433883739117558,-0.9009688679024191,20135.71,21807.87,16266.93,23099.165714285715,21607.184,1,1,1,0,Optional holiday,0.5,,,0.0,0.0,0.0,,warm,,
2026-03-21,Footwear,29269.67,28,2245.46,5,3,Saturday,1,12,21,2026,1,0,0,0,0,0,1.0,6.123233995736766e-17,-0.9749279121818236,-0.2225209339563146,29780.89,27056.14,17951.63,23026.134285714284,21984.452,1,0,1,0,National holiday,0.5,,,0.0,0.0,0.0,,warm,,
2026-03-22,Footwear,24509.49,25,2005.19,6,3,Sunday,1,12,22,2026,1,0,0,0,0,0,1.0,6.123233995736766e-17,-0.7818314824680299,0.6234898018587334,32568.82,24842.18,18081.12,21874.801428571427,22198.731000000003,0,0,1,4,None,0.15,,,0.0,0.0,0.0,,warm,,
2026-03-23,Footwear,21996.62,18,2112.35,0,3,Monday,1,13,23,2026,0,0,0,0,0,0,1.0,6.123233995736766e-17,0.0,1.0,20904.74,20646.16,25680.11,22030.78428571429,22075.948,0,0,0,3,None,0.3,,,0.0,0.0,0.0,,warm,,
2026-03-24,Footwear,20648.72,21,602.78,1,3,Tuesday,1,13,24,2026,0,0,0,0,0,0,1.0,6.123233995736766e-17,0.7818314824680298,0.6234898018587336,22374.77,19844.33,26601.47,21784.205714285716,21877.522999999997,0,0,0,2,None,0.3,,,0.0,0.0,0.0,,warm,,
2026-03-25,Footwear,20566.58,24,2447.86,2,3,Wednesday,1,13,25,2026,0,1,0,0,0,0,1.0,6.123233995736766e-17,0.9749279121818236,-0.22252093395631434,19293.67,19147.28,17660.17,21966.05,21974.403333333332,0,1,0,1,None,0.25,,,0.0,0.0,0.0,,warm,,
2026-03-26,Footwear,17308.04,17,1471.07,3,3,Thursday,1,13,26,2026,0,1,0,0,0,0,1.0,6.123233995736766e-17,0.43388373911755823,-0.900968867902419,17986.91,18663.71,19085.81,21869.068571428572,21915.144333333334,1,0,0,0,National holiday,0.5,,,0.0,0.0,0.0,,warm,,
2026-03-27,Footwear,21027.82,25,1426.47,4,3,Friday,1,13,27,2026,0,1,0,0,0,0,1.0,6.123233995736766e-17,-0.433883739117558,-0.9009688679024191,18784.36,20135.71,21532.16,22189.562857142857,21898.333000000002,0,0,1,4,None,0.15,,,0.0,0.0,0.0,,warm,,
2026-03-28,Footwear,29996.19,29,1116.72,5,3,Saturday,1,13,28,2026,1,1,0,0,0,0,1.0,6.123233995736766e-17,-0.9749279121818236,-0.2225209339563146,29269.67,29780.89,18346.24,22293.35142857143,22286.664666666664,0,0,0,3,None,0.3,,,0.0,0.0,0.0,,warm,,
2026-03-29,Footwear,26641.89,25,1196.66,6,3,Sunday,1,13,29,2026,1,1,0,0,0,0,1.0,6.123233995736766e-17,-0.7818314824680299,0.6234898018587334,24509.49,32568.82,22985.38,22597.980000000003,22408.548333333336,0,0,0,2,None,0.3,,,0.0,0.0,0.0,,warm,,
2026-03-30,Footwear,21694.84,18,1178.01,0,3,Monday,1,14,30,2026,0,1,0,0,0,0,1.0,6.123233995736766e-17,0.0,1.0,21996.62,20904.74,29386.92,22554.86857142857,22152.145666666667,0,1,0,1,None,0.25,,,0.0,0.0,0.0,,warm,,
2026-03-31,Footwear,21418.9,21,1352.86,1,3,Tuesday,1,14,31,2026,0,1,0,0,0,0,1.0,6.123233995736766e-17,0.7818314824680298,0.6234898018587336,20648.72,22374.77,22781.13,22664.894285714283,22106.738,1,0,0,0,National holiday,0.5,,,0.0,0.0,0.0,,warm,,
2026-04-01,Footwear,18046.12,16,2021.35,2,4,Wednesday,2,14,1,2026,0,0,1,0,1,0,0.8660254037844387,-0.4999999999999998,0.9749279121818236,-0.22252093395631434,20566.58,19293.67,17286.84,22304.82857142857,22132.047333333336,0,1,1,1,None,0.25,,,0.0,0.0,0.0,,warm,,
2026-04-02,Footwear,17624.39,19,848.36,3,4,Thursday,2,14,2,2026,0,0,1,0,1,0,0.8660254037844387,-0.4999999999999998,0.43388373911755823,-0.900968867902419,17308.04,17986.91,18530.82,22350.02142857143,22101.833,1,1,0,0,Observance,0.5,,,0.0,0.0,0.0,,warm,,
2026-04-03,Footwear,16484.59,19,641.42,4,4,Friday,2,14,3,2026,0,0,1,0,1,0,0.8660254037844387,-0.4999999999999998,-0.433883739117558,-0.9009688679024191,21027.82,18784.36,20123.36,21700.98857142857,21980.540666666664,1,0,1,0,National holiday,0.5,,,0.0,0.0,0.0,,warm,,
2026-04-04,Footwear,25130.96,24,696.21,5,4,Saturday,2,14,4,2026,1,0,1,0,1,0,0.8660254037844387,-0.4999999999999998,-0.9749279121818236,-0.2225209339563146,29996.19,29269.67,18344.82,21005.955714285716,22206.745333333332,0,1,1,1,None,0.25,,,0.0,0.0,0.0,,warm,,
2026-04-05,Footwear,25616.51,28,2325.78,6,4,Sunday,2,14,5,2026,1,0,1,0,1,0,0.8660254037844387,-0.4999999999999998,-0.7818314824680299,0.6234898018587334,26641.89,24509.49,21807.87,20859.472857142857,22333.7,1,0,0,0,Optional holiday,0.5,,,0.0,0.0,0.0,,warm,,
2026-04-06,Footwear,17322.29,17,2277.28,0,4,Monday,2,15,6,2026,0,0,0,0,1,0,0.8660254037844387,-0.4999999999999998,0.0,1.0,21694.84,21996.62,27056.14,20234.82285714286,22009.238333333335,0,0,1,8,None,0.15,,,0.0,0.0,0.0,,warm,,
2026-04-07,Footwear,13887.92,12,2110.21,1,4,Tuesday,2,15,7,2026,0,0,0,0,1,0,0.8660254037844387,-0.4999999999999998,0.7818314824680298,0.6234898018587336,21418.9,20648.72,24842.18,19158.96857142857,21644.096333333335,0,0,0,7,None,0.0,,,0.0,0.0,0.0,,warm,,
2026-04-08,Footwear,19740.87,19,1113.83,2,4,Wednesday,2,15,8,2026,0,0,0,0,1,0,0.8660254037844387,-0.4999999999999998,0.9749279121818236,-0.22252093395631434,18046.12,20566.58,20646.16,19401.075714285715,21613.92,0,0,0,6,None,0.0,,,0.0,0.0,0.0,,warm,,
2026-04-09,Footwear,14276.66,11,1709.58,3,4,Thursday,2,15,9,2026,0,0,0,0,1,0,0.8660254037844387,-0.4999999999999998,0.43388373911755823,-0.900968867902419,17624.39,17308.04,19844.33,18922.82857142857,21428.331,0,0,0,5,None,0.0,,,0.0,0.0,0.0,,warm,,
2026-04-10,Footwear,17209.45,18,1693.82,4,4,Friday,2,15,10,2026,0,0,0,0,1,0,0.8660254037844387,-0.4999999999999998,-0.433883739117558,-0.9009688679024191,16484.59,21027.82,19147.28,19026.38,21363.736666666668,0,0,0,4,None,0.0,,,0.0,0.0,0.0,,warm,,
2026-04-11,Footwear,23396.62,21,653.59,5,4,Saturday,2,15,11,2026,1,0,0,0,1,0,0.8660254037844387,-0.4999999999999998,-0.9749279121818236,-0.2225209339563146,25130.96,29996.19,18663.71,18778.617142857143,21521.500333333333,0,0,0,3,None,0.3,,,0.0,0.0,0.0,,warm,,
2026-04-12,Footwear,21964.75,24,1531.83,6,4,Sunday,2,15,12,2026,1,0,0,0,1,0,0.8660254037844387,-0.4999999999999998,-0.7818314824680299,0.6234898018587334,25616.51,26641.89,20135.71,18256.937142857143,21582.468333333334,0,0,0,2,None,0.3,,,0.0,0.0,0.0,,warm,,
2026-04-13,Footwear,18292.1,20,2132.25,0,4,Monday,2,16,13,2026,0,0,0,0,1,0,0.8660254037844387,-0.4999999999999998,0.0,1.0,17322.29,21694.84,29780.89,18395.481428571427,21199.50866666667,0,1,0,1,None,0.25,,,0.0,0.0,0.0,,warm,,
2026-04-14,Footwear,17542.6,16,2235.27,1,4,Tuesday,2,16,14,2026,0,0,0,0,1,0,0.8660254037844387,-0.4999999999999998,0.7818314824680298,0.6234898018587336,13887.92,21418.9,32568.82,18917.57857142857,20698.634666666665,1,1,0,0,Optional holiday,0.5,,,0.0,0.0,0.0,,warm,,
2026-04-15,Footwear,18141.28,20,1991.47,2,4,Wednesday,2,16,15,2026,0,0,0,0,1,0,0.8660254037844387,-0.4999999999999998,0.9749279121818236,-0.22252093395631434,19740.87,18046.12,20904.74,18689.065714285713,20606.519333333334,1,0,1,0,Optional holiday,0.5,,,0.0,0.0,0.0,,warm,,
2026-04-16,Footwear,18829.21,16,2095.28,3,4,Thursday,2,16,16,2026,0,0,0,0,1,0,0.8660254037844387,-0.4999999999999998,0.43388373911755823,-0.900968867902419,14276.66,17624.39,22374.77,19339.429999999997,20488.333999999995,0,0,1,15,None,0.15,,,0.0,0.0,0.0,,warm,,
2026-04-17,Footwear,14426.69,18,2402.7,4,4,Friday,2,16,17,2026,0,0,0,0,1,0,0.8660254037844387,-0.4999999999999998,-0.433883739117558,-0.9009688679024191,17209.45,16484.59,19293.67,18941.89285714286,20326.101333333336,0,0,0,14,None,0.0,,,0.0,0.0,0.0,,warm,,
2026-04-18,Footwear,19321.17,17,1019.7,5,4,Saturday,2,16,18,2026,1,0,0,0,1,0,0.8660254037844387,-0.4999999999999998,-0.9749279121818236,-0.2225209339563146,23396.62,25130.96,17986.91,18359.68571428571,20370.576666666664,0,0,0,13,None,0.0,,,0.0,0.0,0.0,,warm,,
2026-04-19,Footwear,25008.25,28,1808.75,6,4,Sunday,2,16,19,2026,1,0,0,0,1,0,0.8660254037844387,-0.4999999999999998,-0.7818314824680299,0.6234898018587334,21964.75,25616.51,18784.36,18794.471428571425,20578.039666666664,0,0,0,12,None,0.0,,,0.0,0.0,0.0,,warm,,
2026-04-20,Footwear,16641.08,14,728.81,0,4,Monday,2,17,20,2026,0,0,0,0,1,0,0.8660254037844387,-0.4999999999999998,0.0,1.0,18292.1,17322.29,29269.67,18558.61142857143,20157.086666666666,0,0,0,11,None,0.0,,,0.0,0.0,0.0,,warm,,
2026-04-21,Footwear,15895.0,15,1536.86,1,4,Tuesday,2,17,21,2026,0,0,0,0,1,0,0.8660254037844387,-0.4999999999999998,0.7818314824680298,0.6234898018587336,17542.6,13887.92,24509.49,18323.239999999998,19869.936999999998,0,0,0,10,None,0.0,,,0.0,0.0,0.0,,warm,,
2025-04-22,Groceries,22626.34,24,865.12,1,4,Tuesday,2,17,22,2025,0,0,0,0,1,0,0.8660254037844387,-0.4999999999999998,0.7818314824680298,0.6234898018587336,,,,22626.34,22626.34,0,0,0,254,None,0.0,,,0.0,0.0,0.0,,warm,,
2025-04-23,Groceries,22880.8,21,1743.84,2,4,Wednesday,2,17,23,2025,0,0,0,0,1,0,0.8660254037844387,-0.4999999999999998,0.9749279121818236,-0.22252093395631434,,,,22753.57,22753.57,0,0,0,253,None,0.0,,,0.0,0.0,0.0,,warm,,
2025-04-24,Groceries,21764.17,27,2041.73,3,4,Thursday,2,17,24,2025,0,0,0,0,1,0,0.8660254037844387,-0.4999999999999998,0.43388373911755823,-0.900968867902419,,,,22423.77,22423.77,0,0,0,252,None,0.0,,,0.0,0.0,0.0,,warm,,
2025-04-25,Groceries,21917.78,22,783.76,4,4,Friday,2,17,25,2025,0,1,0,0,1,0,0.8660254037844387,-0.4999999999999998,-0.433883739117558,-0.9009688679024191,,,,22297.2725,22297.2725,0,0,0,251,None,0.0,,,0.0,0.0,0.0,,warm,,
2025-04-26,Groceries,28881.22,30,2175.87,5,4,Saturday,2,17,26,2025,1,1,0,0,1,0,0.8660254037844387,-0.4999999999999998,-0.9749279121818236,-0.2225209339563146,,,,23614.061999999998,23614.061999999998,0,0,0,250,None,0.0,,,0.0,0.0,0.0,,warm,,
2025-04-27,Groceries,29765.28,31,2471.92,6,4,Sunday,2,17,27,2025,1,1,0,0,1,0,0.8660254037844387,-0.4999999999999998,-0.7818314824680299,0.6234898018587334,,,,24639.265,24639.265,0,0,0,249,None,0.0,,,0.0,0.0,0.0,,warm,,
2025-04-28,Groceries,21221.32,23,1873.33,0,4,Monday,2,18,28,2025,0,1,0,0,1,0,0.8660254037844387,-0.4999999999999998,0.0,1.0,,,,24150.987142857142,24150.987142857142,0,0,0,248,None,0.0,,,0.0,0.0,0.0,,warm,,
2025-04-29,Groceries,17085.7,16,1320.97,1,4,Tuesday,2,18,29,2025,0,1,0,0,1,0,0.8660254037844387,-0.4999999999999998,0.7818314824680298,0.6234898018587336,22626.34,,,23359.467142857142,23267.82625,0,0,0,247,None,0.0,,,0.0,0.0,0.0,,warm,,
2025-04-30,Groceries,21004.25,21,1362.21,2,4,Wednesday,2,18,30,2025,0,1,0,0,1,0,0.8660254037844387,-0.4999999999999998,0.9749279121818236,-0.22252093395631434,22880.8,,,23091.388571428568,23016.317777777775,0,0,0,246,None,0.0,,,0.0,0.0,0.0,,warm,,
2025-05-01,Groceries,23496.38,20,1471.82,3,5,Thursday,2,18,1,2025,0,0,1,0,1,0,0.49999999999999994,-0.8660254037844387,0.43388373911755823,-0.900968867902419,21764.17,,,23338.847142857143,23064.324,0,0,0,245,None,0.0,,,0.0,0.0,0.0,,warm,,
2025-05-02,Groceries,19811.54,19,1287.79,4,5,Friday,2,18,2,2025,0,0,1,0,1,0,0.49999999999999994,-0.8660254037844387,-0.433883739117558,-0.9009688679024191,21917.78,,,23037.955714285716,22768.616363636364,0,0,0,244,None,0.0,,,0.0,0.0,0.0,,warm,,
2025-05-03,Groceries,27800.45,27,1733.18,5,5,Saturday,2,18,3,2025,1,0,1,0,1,0,0.49999999999999994,-0.8660254037844387,-0.9749279121818236,-0.2225209339563146,28881.22,,,22883.56,23187.935833333333,0,0,0,243,None,0.0,,,0.0,0.0,0.0,,warm,,
2025-05-04,Groceries,25513.7,29,1895.25,6,5,Sunday,2,18,4,2025,1,0,1,0,1,0,0.49999999999999994,-0.8660254037844387,-0.7818314824680299,0.6234898018587334,29765.28,,,22276.191428571427,23366.84076923077,0,0,0,242,None,0.0,,,0.0,0.0,0.0,,warm,,
2025-05-05,Groceries,23382.51,20,2264.12,0,5,Monday,2,19,5,2025,0,0,1,0,1,0,0.49999999999999994,-0.8660254037844387,0.0,1.0,21221.32,,,22584.932857142856,23367.96,0,0,0,241,None,0.0,,,0.0,0.0,0.0,,warm,,
2025-05-06,Groceries,21173.87,19,1757.04,1,5,Tuesday,2,19,6,2025,0,0,0,0,1,0,0.49999999999999994,-0.8660254037844387,0.7818314824680298,0.6234898018587336,17085.7,22626.34,,23168.957142857143,23221.68733333333,0,0,0,240,None,0.0,,,0.0,0.0,0.0,,warm,,
2025-05-07,Groceries,20614.61,19,637.01,2,5,Wednesday,2,19,7,2025,0,0,0,0,1,0,0.49999999999999994,-0.8660254037844387,0.9749279121818236,-0.22252093395631434,21004.25,22880.8,,23113.294285714284,23058.745,0,0,0,239,None,0.0,,,0.0,0.0,0.0,,warm,,
2025-05-08,Groceries,24390.52,23,2150.44,3,5,Thursday,2,19,8,2025,0,0,0,0,1,0,0.49999999999999994,-0.8660254037844387,0.43388373911755823,-0.900968867902419,23496.38,21764.17,,23241.028571428575,23137.084705882353,0,0,0,238,None,0.0,,,0.0,0.0,0.0,,warm,,
2025-05-09,Groceries,21948.6,19,1403.96,4,5,Friday,2,19,9,2025,0,0,0,0,1,0,0.49999999999999994,-0.8660254037844387,-0.433883739117558,-0.9009688679024191,19811.54,21917.78,,23546.32285714286,23071.057777777776,0,0,0,237,None,0.0,,,0.0,0.0,0.0,,warm,,
2025-05-10,Groceries,26673.49,23,1309.5,5,5,Saturday,2,19,10,2025,1,0,0,0,1,0,0.49999999999999994,-0.8660254037844387,-0.9749279121818236,-0.2225209339563146,27800.45,28881.22,,23385.32857142857,23260.659473684213,0,0,0,236,None,0.0,,,0.0,0.0,0.0,,warm,,
2025-05-11,Groceries,29436.4,32,613.66,6,5,Sunday,2,19,11,2025,1,0,0,0,1,0,0.49999999999999994,-0.8660254037844387,-0.7818314824680299,0.6234898018587334,25513.7,29765.28,,23945.714285714286,23569.4465,0,0,0,235,None,0.0,,,0.0,0.0,0.0,,warm,,
2025-05-12,Groceries,20521.73,21,1871.06,0,5,Monday,2,20,12,2025,0,0,0,0,1,0,0.49999999999999994,-0.8660254037844387,0.0,1.0,23382.51,21221.32,,23537.03142857143,23424.31714285714,0,0,0,234,None,0.0,,,0.0,0.0,0.0,,warm,,
2025-05-13,Groceries,21620.98,21,961.78,1,5,Tuesday,2,20,13,2025,0,0,0,0,1,0,0.49999999999999994,-0.8660254037844387,0.7818314824680298,0.6234898018587336,21173.87,17085.7,,23600.90428571429,23342.347272727275,0,0,0,233,None,0.0,,,0.0,0.0,0.0,,warm,,
2025-05-14,Groceries,21377.99,18,786.99,2,5,Wednesday,2,20,14,2025,0,0,0,0,1,0,0.49999999999999994,-0.8660254037844387,0.9749279121818236,-0.22252093395631434,20614.61,21004.25,,23709.958571428575,23256.94043478261,0,0,0,232,None,0.0,,,0.0,0.0,0.0,,warm,,
2025-05-15,Groceries,18766.56,19,1478.99,3,5,Thursday,2,20,15,2025,0,0,0,0,1,0,0.49999999999999994,-0.8660254037844387,0.43388373911755823,-0.900968867902419,24390.52,23496.38,,22906.535714285714,23069.841249999998,0,0,0,231,None,0.0,,,0.0,0.0,0.0,,warm,,
2025-05-16,Groceries,24230.94,20,2212.52,4,5,Friday,2,20,16,2025,0,0,0,0,1,0,0.49999999999999994,-0.8660254037844387,-0.433883739117558,-0.9009688679024191,21948.6,19811.54,,23232.584285714285,23116.2852,0,0,0,230,None,0.0,,,0.0,0.0,0.0,,warm,,
2025-05-17,Groceries,27062.93,27,1103.89,5,5,Saturday,2,20,17,2025,1,0,0,0,1,0,0.49999999999999994,-0.8660254037844387,-0.9749279121818236,-0.2225209339563146,26673.49,27800.45,,23288.21857142857,23268.07923076923,0,0,0,229,None,0.0,,,0.0,0.0,0.0,,warm,,
2025-05-18,Groceries,25640.02,26,1013.63,6,5,Sunday,2,20,18,2025,1,0,0,0,1,0,0.49999999999999994,-0.8660254037844387,-0.7818314824680299,0.6234898018587334,29436.4,25513.7,,22745.878571428573,23355.928888888888,0,0,0,228,None,0.0,,,0.0,0.0,0.0,,warm,,
2025-05-19,Groceries,20565.62,19,899.12,0,5,Monday,2,21,19,2025,0,0,0,0,1,0,0.49999999999999994,-0.8660254037844387,0.0,1.0,20521.73,23382.51,,22752.148571428574,23256.274999999998,0,0,0,227,None,0.0,,,0.0,0.0,0.0,,warm,,
2025-05-20,Groceries,17834.1,16,1067.81,1,5,Tuesday,2,21,20,2025,0,0,0,0,1,0,0.49999999999999994,-0.8660254037844387,0.7818314824680298,0.6234898018587336,21620.98,21173.87,,22211.16571428571,23069.303448275863,0,0,0,226,None,0.0,,,0.0,0.0,0.0,,warm,,
2025-05-21,Groceries,18444.03,20,1872.48,2,5,Wednesday,2,21,21,2025,0,0,0,0,1,0,0.49999999999999994,-0.8660254037844387,0.9749279121818236,-0.22252093395631434,21377.99,20614.61,,21792.028571428567,22915.127666666664,0,0,0,225,None,0.0,,,0.0,0.0,0.0,,warm,,
2025-05-22,Groceries,19804.95,23,617.7,3,5,Thursday,2,21,22,2025,0,0,0,0,1,0,0.49999999999999994,-0.8660254037844387,0.43388373911755823,-0.900968867902419,18766.56,24390.52,22626.34,21940.37,22821.081333333335,0,0,0,224,None,0.0,,,0.0,0.0,0.0,,warm,,
2025-05-23,Groceries,22256.89,26,2270.61,4,5,Friday,2,21,23,2025,0,0,0,0,1,0,0.49999999999999994,-0.8660254037844387,-0.433883739117558,-0.9009688679024191,24230.94,21948.6,22880.8,21658.362857142853,22800.284333333333,0,0,0,223,None,0.0,,,0.0,0.0,0.0,,warm,,
2025-05-24,Groceries,32011.22,28,2152.5,5,5,Saturday,2,21,24,2025,1,0,0,0,1,0,0.49999999999999994,-0.8660254037844387,-0.9749279121818236,-0.2225209339563146,27062.93,26673.49,21764.17,22365.26142857143,23141.85266666667,0,0,0,222,None,0.0,,,0.0,0.0,0.0,,warm,,
2025-05-25,Groceries,34128.92,38,1117.46,6,5,Sunday,2,21,25,2025,1,1,0,0,1,0,0.49999999999999994,-0.8660254037844387,-0.7818314824680299,0.6234898018587334,25640.02,29436.4,21917.78,23577.961428571427,23548.890666666666,0,0,0,221,None,0.0,,,0.0,0.0,0.0,,warm,,
2025-05-26,Groceries,21086.16,25,775.37,0,5,Monday,2,22,26,2025,0,1,0,0,1,0,0.49999999999999994,-0.8660254037844387,0.0,1.0,20565.62,20521.73,28881.22,23652.324285714283,23289.055333333334,0,0,0,220,None,0.0,,,0.0,0.0,0.0,,warm,,
2025-05-27,Groceries,24338.76,23,1648.19,1,5,Tuesday,2,22,27,2025,0,1,0,0,1,0,0.49999999999999994,-0.8660254037844387,0.7818314824680298,0.6234898018587336,17834.1,21620.98,29765.28,24581.56142857143,23108.171333333335,0,0,0,219,None,0.0,,,0.0,0.0,0.0,,warm,,
2025-05-28,Groceries,18974.35,19,1706.77,2,5,Wednesday,2,22,28,2025,0,1,0,0,1,0,0.49999999999999994,-0.8660254037844387,0.9749279121818236,-0.22252093395631434,18444.03,21377.99,21221.32,24657.321428571428,23033.27233333333,0,0,0,218,None,0.0,,,0.0,0.0,0.0,,warm,,
2025-05-29,Groceries,21095.24,18,795.31,3,5,Thursday,2,22,29,2025,0,1,0,0,1,0,0.49999999999999994,-0.8660254037844387,0.43388373911755823,-0.900968867902419,19804.95,18766.56,17085.7,24841.64857142857,23166.923666666666,0,0,0,217,None,0.0,,,0.0,0.0,0.0,,warm,,
2025-05-30,Groceries,21704.95,24,2274.69,4,5,Friday,2,22,30,2025,0,1,0,0,1,0,0.49999999999999994,-0.8660254037844387,-0.433883739117558,-0.9009688679024191,22256.89,24230.94,21004.25,24762.8,23190.280333333336,0,0,0,216,None,0.0,,,0.0,0.0,0.0,,warm,,
2025-05-31,Groceries,29128.5,31,902.48,5,5,Saturday,2,22,31,2025,1,1,0,0,1,0,0.49999999999999994,-0.8660254037844387,-0.9749279121818236,-0.2225209339563146,32011.22,27062.93,23496.38,24350.98285714286,23378.017666666667,0,0,0,215,None,0.0,,,0.0,0.0,0.0,,warm,,
2025-06-01,Groceries,31794.5,34,1023.55,6,6,Sunday,2,22,1,2025,1,0,1,0,1,0,1.2246467991473532e-16,-1.0,-0.7818314824680299,0.6234898018587334,34128.92,25640.02,19811.54,24017.49428571429,23777.449666666667,0,0,0,214,None,0.0,,,0.0,0.0,0.0,,warm,,
2025-06-02,Groceries,22341.8,21,1359.39,0,6,Monday,2,23,2,2025,0,0,1,0,1,0,1.2246467991473532e-16,-1.0,0.0,1.0,21086.16,20565.62,27800.45,24196.87142857143,23595.494666666666,0,0,0,213,None,0.0,,,0.0,0.0,0.0,,warm,,
2025-06-03,Groceries,23277.25,21,1425.67,1,6,Tuesday,2,23,3,2025,0,0,1,0,1,0,1.2246467991473532e-16,-1.0,0.7818314824680298,0.6234898018587336,24338.76,17834.1,25513.7,24045.227142857144,23520.94633333333,0,0,0,212,None,0.0,,,0.0,0.0,0.0,,warm,,
2025-06-04,Groceries,20746.76,25,1946.69,2,6,Wednesday,2,23,4,2025,0,0,1,0,1,0,1.2246467991473532e-16,-1.0,0.9749279121818236,-0.22252093395631434,18974.35,18444.03,23382.51,24298.428571428572,23433.088,0,0,0,211,None,0.0,,,0.0,0.0,0.0,,warm,,
2025-06-05,Groceries,22708.3,27,2402.86,3,6,Thursday,2,23,5,2025,0,0,1,0,1,0,1.2246467991473532e-16,-1.0,0.43388373911755823,-0.900968867902419,21095.24,19804.95,21173.87,24528.865714285716,23484.235666666667,0,0,0,210,None,0.0,,,0.0,0.0,0.0,,warm,,
2025-06-06,Groceries,18959.79,18,1219.75,4,6,Friday,2,23,6,2025,0,0,0,0,1,0,1.2246467991473532e-16,-1.0,-0.433883739117558,-0.9009688679024191,21704.95,22256.89,20614.61,24136.7,23429.075,0,0,0,209,None,0.0,,,0.0,0.0,0.0,,warm,,
2025-06-07,Groceries,28818.23,32,1769.48,5,6,Saturday,2,23,7,2025,1,0,0,0,1,0,1.2246467991473532e-16,-1.0,-0.9749279121818236,-0.2225209339563146,29128.5,32011.22,24390.52,24092.375714285714,23576.665333333334,0,0,0,208,None,0.0,,,0.0,0.0,0.0,,warm,,
2025-06-08,Groceries,29222.39,30,1483.48,6,6,Sunday,2,23,8,2025,1,0,0,0,1,0,1.2246467991473532e-16,-1.0,-0.7818314824680299,0.6234898018587334,31794.5,34128.92,21948.6,23724.931428571428,23819.125,0,0,0,207,None,0.0,,,0.0,0.0,0.0,,warm,,
2025-06-09,Groceries,22323.1,19,1802.59,0,6,Monday,2,24,9,2025,0,0,0,0,1,0,1.2246467991473532e-16,-1.0,0.0,1.0,22341.8,21086.16,26673.49,23722.260000000002,23674.112,0,0,0,206,None,0.0,,,0.0,0.0,0.0,,warm,,
2025-06-10,Groceries,19861.68,24,1065.2,1,6,Tuesday,2,24,10,2025,0,0,0,0,1,0,1.2246467991473532e-16,-1.0,0.7818314824680298,0.6234898018587336,23277.25,24338.76,29436.4,23234.321428571428,23354.954666666665,0,0,0,205,None,0.0,,,0.0,0.0,0.0,,warm,,
2025-06-11,Groceries,25759.58,22,1329.56,2,6,Wednesday,2,24,11,2025,0,0,0,0,1,0,1.2246467991473532e-16,-1.0,0.9749279121818236,-0.22252093395631434,20746.76,18974.35,20521.73,23950.43857142857,23529.549666666666,0,0,0,204,None,0.0,,,0.0,0.0,0.0,,warm,,
2025-06-12,Groceries,19746.2,21,934.18,3,6,Thursday,2,24,12,2025,0,0,0,0,1,0,1.2246467991473532e-16,-1.0,0.43388373911755823,-0.900968867902419,22708.3,21095.24,21620.98,23527.28142857143,23467.056999999997,0,0,0,203,None,0.0,,,0.0,0.0,0.0,,warm,,
2025-06-13,Groceries,14362.31,13,1731.36,4,6,Friday,2,24,13,2025,0,0,0,0,1,0,1.2246467991473532e-16,-1.0,-0.433883739117558,-0.9009688679024191,18959.79,21704.95,21377.99,22870.49857142857,23233.201,0,0,0,202,None,0.0,,,0.0,0.0,0.0,,warm,,
2025-06-14,Groceries,24584.78,27,2012.95,5,6,Saturday,2,24,14,2025,1,0,0,0,1,0,1.2246467991473532e-16,-1.0,-0.9749279121818236,-0.2225209339563146,28818.23,29128.5,18766.56,22265.72,23427.141666666663,0,0,0,201,None,0.0,,,0.0,0.0,0.0,,warm,,
2025-06-15,Groceries,32024.33,28,1054.57,6,6,Sunday,2,24,15,2025,1,0,0,0,1,0,1.2246467991473532e-16,-1.0,-0.7818314824680299,0.6234898018587334,29222.39,31794.5,24230.94,22665.997142857144,23686.921333333335,0,0,0,200,None,0.0,,,0.0,0.0,0.0,,warm,,
2025-06-16,Groceries,19974.54,22,1039.4,0,6,Monday,2,25,16,2025,0,0,0,0,1,0,1.2246467991473532e-16,-1.0,0.0,1.0,22323.1,22341.8,27062.93,22330.48857142857,23450.641666666666,0,0,0,199,None,0.0,,,0.0,0.0,0.0,,warm,,
2025-06-17,Groceries,24620.29,27,2182.49,1,6,Tuesday,2,25,17,2025,0,0,0,0,1,0,1.2246467991473532e-16,-1.0,0.7818314824680298,0.6234898018587336,19861.68,23277.25,25640.02,23010.29,23416.65066666667,0,0,0,198,None,0.0,,,0.0,0.0,0.0,,warm,,
2025-06-18,Groceries,22500.17,21,611.2,2,6,Wednesday,2,25,18,2025,0,0,0,0,1,0,1.2246467991473532e-16,-1.0,0.9749279121818236,-0.22252093395631434,25759.58,20746.76,20565.62,22544.660000000003,23481.13566666667,0,0,0,197,None,0.0,,,0.0,0.0,0.0,,warm,,
2025-06-19,Groceries,19997.6,18,2305.84,3,6,Thursday,2,25,19,2025,0,0,0,0,1,0,1.2246467991473532e-16,-1.0,0.43388373911755823,-0.900968867902419,19746.2,22708.3,17834.1,22580.574285714287,23553.25233333333,0,0,0,196,None,0.0,,,0.0,0.0,0.0,,warm,,
2025-06-20,Groceries,21903.01,18,913.58,4,6,Friday,2,25,20,2025,0,0,0,0,1,0,1.2246467991473532e-16,-1.0,-0.433883739117558,-0.9009688679024191,14362.31,18959.79,18444.03,23657.817142857144,23668.55166666667,0,0,0,195,None,0.0,,,0.0,0.0,0.0,,warm,,
2025-06-21,Groceries,30831.3,27,1414.36,5,6,Saturday,2,25,21,2025,1,0,0,0,1,0,1.2246467991473532e-16,-1.0,-0.9749279121818236,-0.2225209339563146,24584.78,28818.23,19804.95,24550.17714285714,24036.096666666665,0,0,0,194,None,0.0,,,0.0,0.0,0.0,,warm,,
2025-06-22,Groceries,26990.43,27,1128.69,6,6,Sunday,2,25,22,2025,1,0,0,0,1,0,1.2246467991473532e-16,-1.0,-0.7818314824680299,0.6234898018587334,32024.33,29222.39,22256.89,23831.04857142857,24193.88133333333,0,0,0,193,None,0.0,,,0.0,0.0,0.0,,warm,,
2025-06-23,Groceries,23004.01,27,2084.34,0,6,Monday,2,26,23,2025,0,0,0,0,1,0,1.2246467991473532e-16,-1.0,0.0,1.0,19974.54,22323.1,32011.22,24263.829999999994,23893.641,0,0,0,192,None,0.0,,,0.0,0.0,0.0,,warm,,
2025-06-24,Groceries,20590.68,23,1499.77,1,6,Tuesday,2,26,24,2025,0,0,0,0,1,0,1.2246467991473532e-16,-1.0,0.7818314824680298,0.6234898018587336,24620.29,19861.68,34128.92,23688.17142857143,23442.366333333335,0,0,0,191,None,0.0,,,0.0,0.0,0.0,,warm,,
2025-06-25,Groceries,19511.28,16,1964.88,2,6,Wednesday,2,26,25,2025,0,1,0,0,1,0,1.2246467991473532e-16,-1.0,0.9749279121818236,-0.22252093395631434,22500.17,25759.58,21086.16,23261.187142857143,23389.870333333332,0,0,0,190,None,0.0,,,0.0,0.0,0.0,,warm,,
2025-06-26,Groceries,22932.28,23,1353.64,3,6,Thursday,2,26,26,2025,0,1,0,0,1,0,1.2246467991473532e-16,-1.0,0.43388373911755823,-0.900968867902419,19997.6,19746.2,24338.76,23680.427142857145,23342.987666666668,0,0,0,189,None,0.0,,,0.0,0.0,0.0,,warm,,
2025-06-27,Groceries,21411.08,18,1740.78,4,6,Friday,2,26,27,2025,0,1,0,0,1,0,1.2246467991473532e-16,-1.0,-0.433883739117558,-0.9009688679024191,21903.01,14362.31,18974.35,23610.15142857143,23424.212,0,0,0,188,None,0.0,,,0.0,0.0,0.0,,warm,,
2025-06-28,Groceries,27765.52,26,1830.33,5,6,Saturday,2,26,28,2025,1,1,0,0,1,0,1.2246467991473532e-16,-1.0,-0.9749279121818236,-0.2225209339563146,30831.3,24584.78,21095.24,23172.18285714286,23646.554666666667,0,0,0,187,None,0.0,,,0.0,0.0,0.0,,warm,,
2025-06-29,Groceries,29390.25,28,934.66,6,6,Sunday,2,26,29,2025,1,1,0,0,1,0,1.2246467991473532e-16,-1.0,-0.7818314824680299,0.6234898018587334,26990.43,32024.33,21704.95,23515.014285714282,23902.731333333333,0,0,0,186,None,0.0,,,0.0,0.0,0.0,,warm,,
2025-06-30,Groceries,18259.14,15,1725.7,0,6,Monday,2,27,30,2025,0,1,0,0,1,0,1.2246467991473532e-16,-1.0,0.0,1.0,23004.01,19974.54,29128.5,22837.175714285717,23540.41933333333,0,0,0,185,None,0.0,,,0.0,0.0,0.0,,warm,,
2025-07-01,Groceries,27144.15,23,1320.08,1,7,Tuesday,3,27,1,2025,0,0,1,0,0,1,-0.4999999999999997,-0.8660254037844388,0.7818314824680298,0.6234898018587336,20590.68,24620.29,31794.5,23773.385714285712,23385.407666666666,0,0,0,184,None,0.0,,,0.0,0.0,0.0,,warm,,
2025-07-02,Groceries,24278.35,21,1932.25,2,7,Wednesday,3,27,2,2025,0,0,1,0,0,1,-0.4999999999999997,-0.8660254037844388,0.9749279121818236,-0.22252093395631434,19511.28,22500.17,22341.8,24454.395714285714,23449.959333333336,0,0,0,183,None,0.0,,,0.0,0.0,0.0,,warm,,
2025-07-03,Groceries,24728.1,20,1056.62,3,7,Thursday,3,27,3,2025,0,0,1,0,0,1,-0.4999999999999997,-0.8660254037844388,0.43388373911755823,-0.900968867902419,22932.28,19997.6,23277.25,24710.941428571427,23498.321,0,0,0,182,None,0.0,,,0.0,0.0,0.0,,warm,,
2025-07-04,Groceries,25031.48,27,1181.79,4,7,Friday,3,27,4,2025,0,0,1,0,0,1,-0.4999999999999997,-0.8660254037844388,-0.433883739117558,-0.9009688679024191,21411.08,21903.01,20746.76,25228.141428571427,23641.145,0,0,0,181,None,0.0,,,0.0,0.0,0.0,,warm,,
2025-07-05,Groceries,38647.61,33,1462.12,5,7,Saturday,3,27,5,2025,1,0,1,0,0,1,-0.4999999999999997,-0.8660254037844388,-0.9749279121818236,-0.2225209339563146,27765.52,30831.3,22708.3,26782.725714285712,24172.455333333335,0,0,0,180,None,0.0,,,0.0,0.0,0.0,,warm,,
2025-07-06,Groceries,34368.78,29,951.78,6,7,Sunday,3,27,6,2025,1,0,0,0,0,1,-0.4999999999999997,-0.8660254037844388,-0.7818314824680299,0.6234898018587334,29390.25,26990.43,18959.79,27493.94428571429,24686.08833333333,0,0,0,179,None,0.0,,,0.0,0.0,0.0,,warm,,
2025-07-07,Groceries,19690.26,21,1162.87,0,7,Monday,3,28,7,2025,0,0,0,0,0,1,-0.4999999999999997,-0.8660254037844388,0.0,1.0,18259.14,23004.01,28818.23,27698.390000000003,24381.822666666663,0,0,0,178,None,0.0,,,0.0,0.0,0.0,,warm,,
2025-07-08,Groceries,29690.43,25,2393.77,1,7,Tuesday,3,28,8,2025,0,0,0,0,0,1,-0.4999999999999997,-0.8660254037844388,0.7818314824680298,0.6234898018587336,27144.15,20590.68,29222.39,28062.144285714287,24397.424,0,0,0,177,None,0.0,,,0.0,0.0,0.0,,warm,,
2025-07-09,Groceries,21699.42,22,950.29,2,7,Wednesday,3,28,9,2025,0,0,0,0,0,1,-0.4999999999999997,-0.8660254037844388,0.9749279121818236,-0.22252093395631434,24278.35,19511.28,22323.1,27693.725714285712,24376.634666666665,0,0,0,176,None,0.0,,,0.0,0.0,0.0,,warm,,
2025-07-10,Groceries,28384.68,24,701.86,3,7,Thursday,3,28,10,2025,0,0,0,0,0,1,-0.4999999999999997,-0.8660254037844388,0.43388373911755823,-0.900968867902419,24728.1,22932.28,19861.68,28216.094285714287,24660.734666666667,0,0,0,175,None,0.0,,,0.0,0.0,0.0,,warm,,
2025-07-11,Groceries,25013.11,22,2102.41,4,7,Friday,3,28,11,2025,0,0,0,0,0,1,-0.4999999999999997,-0.8660254037844388,-0.433883739117558,-0.9009688679024191,25031.48,21411.08,25759.58,28213.47,24635.852333333332,0,0,0,174,None,0.0,,,0.0,0.0,0.0,,warm,,
2025-07-12,Groceries,33269.47,34,1680.4,5,7,Saturday,3,28,12,2025,1,0,0,0,0,1,-0.4999999999999997,-0.8660254037844388,-0.9749279121818236,-0.2225209339563146,38647.61,27765.52,19746.2,27445.164285714283,25086.628,0,0,0,173,None,0.0,,,0.0,0.0,0.0,,warm,,
2025-07-13,Groceries,28572.36,33,898.41,6,7,Sunday,3,28,13,2025,1,0,0,0,0,1,-0.4999999999999997,-0.8660254037844388,-0.7818314824680299,0.6234898018587334,34368.78,29390.25,14362.31,26617.104285714282,25560.29633333333,0,0,0,172,None,0.0,,,0.0,0.0,0.0,,warm,,
2025-07-14,Groceries,25289.19,27,1147.4,0,7,Monday,3,29,14,2025,0,0,0,0,0,1,-0.4999999999999997,-0.8660254037844388,0.0,1.0,19690.26,18259.14,24584.78,27416.951428571425,25583.77666666667,0,0,0,171,None,0.0,,,0.0,0.0,0.0,,warm,,
2025-07-15,Groceries,24377.59,27,1407.76,1,7,Tuesday,3,29,15,2025,0,0,0,0,0,1,-0.4999999999999997,-0.8660254037844388,0.7818314824680298,0.6234898018587336,29690.43,27144.15,32024.33,26657.97428571429,25328.88533333333,0,0,0,170,None,0.0,,,0.0,0.0,0.0,,warm,,
2025-07-16,Groceries,26715.13,24,2023.02,2,7,Wednesday,3,29,16,2025,0,0,0,0,0,1,-0.4999999999999997,-0.8660254037844388,0.9749279121818236,-0.22252093395631434,21699.42,24278.35,19974.54,27374.504285714287,25553.571666666667,0,0,0,169,None,0.0,,,0.0,0.0,0.0,,warm,,
2025-07-17,Groceries,24326.48,23,1625.96,3,7,Thursday,3,29,17,2025,0,0,0,0,0,1,-0.4999999999999997,-0.8660254037844388,0.43388373911755823,-0.900968867902419,28384.68,24728.1,24620.29,26794.761428571426,25543.778,0,0,0,168,None,0.0,,,0.0,0.0,0.0,,warm,,
2025-07-18,Groceries,21549.75,23,2427.63,4,7,Friday,3,29,18,2025,0,0,0,0,0,1,-0.4999999999999997,-0.8660254037844388,-0.433883739117558,-0.9009688679024191,25013.11,25031.48,22500.17,26299.995714285713,25512.09733333333,0,0,0,167,None,0.0,,,0.0,0.0,0.0,,warm,,
2025-07-19,Groceries,26772.38,22,932.86,5,7,Saturday,3,29,19,2025,1,0,0,0,0,1,-0.4999999999999997,-0.8660254037844388,-0.9749279121818236,-0.2225209339563146,33269.47,38647.61,19997.6,25371.84,25737.923333333332,0,0,0,166,None,0.0,,,0.0,0.0,0.0,,warm,,
2025-07-20,Groceries,30577.91,29,1261.13,6,7,Sunday,3,29,20,2025,1,0,0,0,0,1,-0.4999999999999997,-0.8660254037844388,-0.7818314824680299,0.6234898018587334,28572.36,34368.78,21903.01,25658.347142857147,26027.086666666666,0,0,0,165,None,0.0,,,0.0,0.0,0.0,,warm,,
2025-07-21,Groceries,22535.68,22,2145.78,0,7,Monday,3,30,21,2025,0,0,0,0,0,1,-0.4999999999999997,-0.8660254037844388,0.0,1.0,25289.19,19690.26,30831.3,25264.988571428574,25750.566000000003,0,0,0,164,None,0.0,,,0.0,0.0,0.0,,warm,,
2025-07-22,Groceries,22411.89,21,2167.36,1,7,Tuesday,3,30,22,2025,0,0,0,0,0,1,-0.4999999999999997,-0.8660254037844388,0.7818314824680298,0.6234898018587336,24377.59,29690.43,26990.43,24984.17428571429,25597.947999999997,0,0,0,163,None,0.0,,,0.0,0.0,0.0,,warm,,
2025-07-23,Groceries,23250.69,22,1788.28,2,7,Wednesday,3,30,23,2025,0,0,0,0,0,1,-0.4999999999999997,-0.8660254037844388,0.9749279121818236,-0.22252093395631434,26715.13,21699.42,23004.01,24489.254285714287,25606.170666666665,0,0,0,162,None,0.0,,,0.0,0.0,0.0,,warm,,
2025-07-24,Groceries,26893.77,33,2448.98,3,7,Thursday,3,30,24,2025,0,0,0,0,0,1,-0.4999999999999997,-0.8660254037844388,0.43388373911755823,-0.900968867902419,24326.48,28384.68,20590.68,24856.010000000002,25816.273666666664,0,0,0,161,None,0.0,,,0.0,0.0,0.0,,warm,,
2025-07-25,Groceries,21212.02,24,1476.75,4,7,Friday,3,30,25,2025,0,1,0,0,0,1,-0.4999999999999997,-0.8660254037844388,-0.433883739117558,-0.9009688679024191,21549.75,25013.11,19511.28,24807.762857142858,25872.965000000004,0,0,0,160,None,0.0,,,0.0,0.0,0.0,,warm,,
2025-07-26,Groceries,34800.47,33,2462.46,5,7,Saturday,3,30,26,2025,1,1,0,0,0,1,-0.4999999999999997,-0.8660254037844388,-0.9749279121818236,-0.2225209339563146,26772.38,33269.47,22932.28,25954.632857142857,26268.571333333333,0,0,0,159,None,0.0,,,0.0,0.0,0.0,,warm,,
2025-07-27,Groceries,28328.24,30,2068.08,6,7,Sunday,3,30,27,2025,1,1,0,0,0,1,-0.4999999999999997,-0.8660254037844388,-0.7818314824680299,0.6234898018587334,30577.91,28572.36,21411.08,25633.251428571424,26499.143333333333,0,0,0,158,None,0.0,,,0.0,0.0,0.0,,warm,,
2025-07-28,Groceries,22296.13,20,2497.91,0,7,Monday,3,31,28,2025,0,1,0,0,0,1,-0.4999999999999997,-0.8660254037844388,0.0,1.0,22535.68,25289.19,27765.52,25599.03,26316.830333333335,0,0,0,157,None,0.0,,,0.0,0.0,0.0,,warm,,
2025-07-29,Groceries,25193.42,24,2372.42,1,7,Tuesday,3,31,29,2025,0,1,0,0,0,1,-0.4999999999999997,-0.8660254037844388,0.7818314824680298,0.6234898018587336,22411.89,24377.59,29390.25,25996.39142857143,26176.936,0,0,0,156,None,0.0,,,0.0,0.0,0.0,,warm,,
2025-07-30,Groceries,24524.15,20,1498.65,2,7,Wednesday,3,31,30,2025,0,1,0,0,0,1,-0.4999999999999997,-0.8660254037844388,0.9749279121818236,-0.22252093395631434,23250.69,26715.13,18259.14,26178.31428571429,26385.769666666667,0,0,0,155,None,0.0,,,0.0,0.0,0.0,,warm,,
2025-07-31,Groceries,21503.58,24,1554.35,3,7,Thursday,3,31,31,2025,0,1,0,0,0,1,-0.4999999999999997,-0.8660254037844388,0.43388373911755823,-0.900968867902419,26893.77,24326.48,27144.15,25408.287142857145,26197.750666666667,0,0,0,154,None,0.0,,,0.0,0.0,0.0,,warm,,
2025-08-01,Groceries,27408.03,31,1378.96,4,8,Friday,3,31,1,2025,0,0,1,0,0,1,-0.8660254037844385,-0.5000000000000004,-0.433883739117558,-0.9009688679024191,21212.02,21549.75,24278.35,26293.43142857143,26302.07333333333,0,0,0,153,None,0.0,,,0.0,0.0,0.0,,warm,,
2025-08-02,Groceries,39532.26,47,2218.35,5,8,Saturday,3,31,2,2025,1,0,1,0,0,1,-0.8660254037844385,-0.5000000000000004,-0.9749279121818236,-0.2225209339563146,34800.47,26772.38,24728.1,26969.40142857143,26795.54533333333,0,0,0,152,None,0.0,,,0.0,0.0,0.0,,warm,,
2025-08-03,Groceries,36540.9,33,668.21,6,8,Sunday,3,31,3,2025,1,0,1,0,0,1,-0.8660254037844385,-0.5000000000000004,-0.7818314824680299,0.6234898018587334,28328.24,30577.91,25031.48,28142.638571428575,27179.192666666666,0,0,0,151,None,0.0,,,0.0,0.0,0.0,,warm,,
2025-08-04,Groceries,28012.13,23,1804.12,0,8,Monday,3,32,4,2025,0,0,1,0,0,1,-0.8660254037844385,-0.5000000000000004,0.0,1.0,22296.13,22535.68,38647.61,28959.21,26824.676666666663,0,0,0,150,None,0.0,,,0.0,0.0,0.0,,warm,,
2025-08-05,Groceries,30144.25,30,1418.3,1,8,Tuesday,3,32,5,2025,0,0,1,0,0,1,-0.8660254037844385,-0.5000000000000004,0.7818314824680298,0.6234898018587336,25193.42,22411.89,34368.78,29666.471428571425,26683.859,0,0,0,149,None,0.0,,,0.0,0.0,0.0,,warm,,
2025-08-06,Groceries,29801.76,29,1777.45,2,8,Wednesday,3,32,6,2025,0,0,0,0,0,1,-0.8660254037844385,-0.5000000000000004,0.9749279121818236,-0.22252093395631434,24524.15,23250.69,19690.26,30420.415714285715,27020.909,0,0,0,148,None,0.0,,,0.0,0.0,0.0,,warm,,
2025-08-07,Groceries,28846.33,35,2307.93,3,8,Thursday,3,32,7,2025,0,0,0,0,0,1,-0.8660254037844385,-0.5000000000000004,0.43388373911755823,-0.900968867902419,21503.58,26893.77,29690.43,31469.380000000005,26992.77233333333,0,0,0,147,None,0.0,,,0.0,0.0,0.0,,warm,,
2025-08-08,Groceries,31589.41,33,1813.98,4,8,Friday,3,32,8,2025,0,0,0,0,0,1,-0.8660254037844385,-0.5000000000000004,-0.433883739117558,-0.9009688679024191,27408.03,21212.02,21699.42,32066.719999999998,27322.43866666667,0,0,0,146,None,0.0,,,0.0,0.0,0.0,,warm,,
2025-08-09,Groceries,39677.67,39,1686.65,5,8,Saturday,3,32,9,2025,1,0,0,0,0,1,-0.8660254037844385,-0.5000000000000004,-0.9749279121818236,-0.2225209339563146,39532.26,34800.47,28384.68,32087.492857142857,27698.871666666666,0,0,0,145,None,0.0,,,0.0,0.0,0.0,,warm,,
2025-08-10,Groceries,45229.52,39,2078.79,6,8,Sunday,3,32,10,2025,1,0,0,0,0,1,-0.8660254037844385,-0.5000000000000004,-0.7818314824680299,0.6234898018587334,36540.9,28328.24,25013.11,33328.724285714285,28372.752,0,0,0,144,None,0.0,,,0.0,0.0,0.0,,warm,,
2025-08-11,Groceries,28702.33,29,1016.11,0,8,Monday,3,33,11,2025,0,0,0,0,0,1,-0.8660254037844385,-0.5000000000000004,0.0,1.0,28012.13,22296.13,33269.47,33427.32428571429,28220.514000000003,0,0,0,143,None,0.0,,,0.0,0.0,0.0,,warm,,
2025-08-12,Groceries,32613.37,29,1828.05,1,8,Tuesday,3,33,12,2025,0,0,0,0,0,1,-0.8660254037844385,-0.5000000000000004,0.7818314824680298,0.6234898018587336,30144.25,25193.42,28572.36,33780.055714285714,28355.214333333333,0,0,0,142,None,0.0,,,0.0,0.0,0.0,,warm,,
2025-08-13,Groceries,26975.74,26,933.72,2,8,Wednesday,3,33,13,2025,0,0,0,0,0,1,-0.8660254037844385,-0.5000000000000004,0.9749279121818236,-0.22252093395631434,29801.76,24524.15,25289.19,33376.33857142857,28411.432666666668,0,0,0,141,None,0.0,,,0.0,0.0,0.0,,warm,,
2025-08-14,Groceries,30980.78,29,2438.03,3,8,Thursday,3,33,14,2025,0,0,0,0,0,1,-0.8660254037844385,-0.5000000000000004,0.43388373911755823,-0.900968867902419,28846.33,21503.58,24377.59,33681.259999999995,28631.539,0,0,0,140,None,0.0,,,0.0,0.0,0.0,,warm,,
2025-08-15,Groceries,32312.6,35,2234.27,4,8,Friday,3,33,15,2025,0,0,0,0,0,1,-0.8660254037844385,-0.5000000000000004,-0.433883739117558,-0.9009688679024191,31589.41,27408.03,26715.13,33784.572857142855,28818.121333333333,0,0,0,139,None,0.0,,,0.0,0.0,0.0,,warm,,
2025-08-16,Groceries,43062.77,40,834.82,5,8,Saturday,3,33,16,2025,1,0,0,0,0,1,-0.8660254037844385,-0.5000000000000004,-0.9749279121818236,-0.2225209339563146,39677.67,39532.26,24326.48,34268.15857142857,29442.664333333334,0,0,0,138,None,0.0,,,0.0,0.0,0.0,,warm,,
2025-08-17,Groceries,37058.13,40,1495.81,6,8,Sunday,3,33,17,2025,1,0,0,0,0,1,-0.8660254037844385,-0.5000000000000004,-0.7818314824680299,0.6234898018587334,45229.52,36540.9,21549.75,33100.817142857144,29959.610333333334,0,0,0,137,None,0.0,,,0.0,0.0,0.0,,warm,,
2025-08-18,Groceries,31436.94,30,2327.84,0,8,Monday,3,34,18,2025,0,0,0,0,0,1,-0.8660254037844385,-0.5000000000000004,0.0,1.0,28702.33,28012.13,26772.38,33491.47571428571,30115.095666666668,0,0,0,136,None,0.0,,,0.0,0.0,0.0,,warm,,
2025-08-19,Groceries,27063.71,29,2285.79,1,8,Tuesday,3,34,19,2025,0,0,0,0,0,1,-0.8660254037844385,-0.5000000000000004,0.7818314824680298,0.6234898018587336,32613.37,30144.25,30577.91,32698.66714285714,29997.95566666667,0,0,0,135,None,0.0,,,0.0,0.0,0.0,,warm,,
2025-08-20,Groceries,32608.82,27,1980.54,2,8,Wednesday,3,34,20,2025,0,0,0,0,0,1,-0.8660254037844385,-0.5000000000000004,0.9749279121818236,-0.22252093395631434,26975.74,29801.76,22535.68,33503.392857142855,30333.727,0,0,0,134,None,0.0,,,0.0,0.0,0.0,,warm,,
2025-08-21,Groceries,26266.04,25,2406.05,3,8,Thursday,3,34,21,2025,0,0,0,0,0,1,-0.8660254037844385,-0.5000000000000004,0.43388373911755823,-0.900968867902419,30980.78,28846.33,22411.89,32829.85857142857,30462.198666666667,0,0,0,133,None,0.0,,,0.0,0.0,0.0,,warm,,
2025-08-22,Groceries,30839.91,35,2403.12,4,8,Friday,3,34,22,2025,0,0,0,0,0,1,-0.8660254037844385,-0.5000000000000004,-0.433883739117558,-0.9009688679024191,32312.6,31589.41,23250.69,32619.47428571429,30715.172666666665,0,0,0,132,None,0.0,,,0.0,0.0,0.0,,warm,,
2025-08-23,Groceries,43439.35,47,2478.76,5,8,Saturday,3,34,23,2025,1,0,0,0,0,1,-0.8660254037844385,-0.5000000000000004,-0.9749279121818236,-0.2225209339563146,43062.77,39677.67,26893.77,32673.27142857143,31266.692,0,0,0,131,None,0.0,,,0.0,0.0,0.0,,warm,,
2025-08-24,Groceries,48122.2,54,2098.42,6,8,Sunday,3,34,24,2025,1,0,0,0,0,1,-0.8660254037844385,-0.5000000000000004,-0.7818314824680299,0.6234898018587334,37058.13,45229.52,21212.02,34253.852857142854,32163.697999999997,0,0,0,130,None,0.0,,,0.0,0.0,0.0,,warm,,
2025-08-25,Groceries,29622.64,36,850.43,0,8,Monday,3,35,25,2025,0,1,0,0,0,1,-0.8660254037844385,-0.5000000000000004,0.0,1.0,31436.94,28702.33,34800.47,33994.66714285714,31991.103666666666,0,0,0,129,None,0.0,,,0.0,0.0,0.0,,warm,,
2025-08-26,Groceries,29525.98,29,1599.56,1,8,Tuesday,3,35,26,2025,0,1,0,0,0,1,-0.8660254037844385,-0.5000000000000004,0.7818314824680298,0.6234898018587336,27063.71,32613.37,28328.24,34346.42,32031.028333333332,0,0,0,128,None,0.0,,,0.0,0.0,0.0,,warm,,
2025-08-27,Groceries,30219.95,27,682.39,2,8,Wednesday,3,35,27,2025,0,1,0,0,0,1,-0.8660254037844385,-0.5000000000000004,0.9749279121818236,-0.22252093395631434,32608.82,26975.74,22296.13,34005.15285714286,32295.155666666666,0,0,0,127,None,0.0,,,0.0,0.0,0.0,,warm,,
2025-08-28,Groceries,29221.23,28,1903.59,3,8,Thursday,3,35,28,2025,0,1,0,0,0,1,-0.8660254037844385,-0.5000000000000004,0.43388373911755823,-0.900968867902419,26266.04,30980.78,25193.42,34427.322857142855,32429.416,0,0,0,126,None,0.0,,,0.0,0.0,0.0,,warm,,
2025-08-29,Groceries,29837.12,31,1786.2,4,8,Friday,3,35,29,2025,0,1,0,0,0,1,-0.8660254037844385,-0.5000000000000004,-0.433883739117558,-0.9009688679024191,30839.91,32312.6,24524.15,34284.06714285714,32606.515000000003,0,0,0,125,None,0.0,,,0.0,0.0,0.0,,warm,,
2025-08-30,Groceries,39411.0,38,788.44,5,8,Saturday,3,35,30,2025,1,1,0,0,0,1,-0.8660254037844385,-0.5000000000000004,-0.9749279121818236,-0.2225209339563146,43439.35,43062.77,21503.58,33708.58857142857,33203.429,0,0,0,124,None,0.0,,,0.0,0.0,0.0,,warm,,
2025-08-31,Groceries,40402.29,44,1386.25,6,8,Sunday,3,35,31,2025,1,1,0,0,0,1,-0.8660254037844385,-0.5000000000000004,-0.7818314824680299,0.6234898018587334,48122.2,37058.13,27408.03,32605.744285714285,33636.571,0,0,0,123,None,0.0,,,0.0,0.0,0.0,,warm,,
2025-09-01,Groceries,29901.74,34,1904.96,0,9,Monday,3,36,1,2025,0,0,1,0,0,1,-1.0,-1.8369701987210297e-16,0.0,1.0,29622.64,31436.94,39532.26,32645.615714285716,33315.55366666667,0,0,0,122,None,0.0,,,0.0,0.0,0.0,,warm,,
2025-09-02,Groceries,34511.98,31,713.96,1,9,Tuesday,3,36,2,2025,0,0,1,0,0,1,-1.0,-1.8369701987210297e-16,0.7818314824680298,0.6234898018587336,29525.98,27063.71,36540.9,33357.90142857143,33247.923,0,0,0,121,None,0.0,,,0.0,0.0,0.0,,warm,,
2025-09-03,Groceries,28971.94,24,697.75,2,9,Wednesday,3,36,3,2025,0,0,1,0,0,1,-1.0,-1.8369701987210297e-16,0.9749279121818236,-0.22252093395631434,30219.95,32608.82,28012.13,33179.614285714284,33279.916666666664,0,0,0,120,None,0.0,,,0.0,0.0,0.0,,warm,,
2025-09-04,Groceries,35256.81,41,1265.22,3,9,Thursday,3,36,4,2025,0,0,1,0,0,1,-1.0,-1.8369701987210297e-16,0.43388373911755823,-0.900968867902419,29221.23,26266.04,30144.25,34041.840000000004,33450.335333333336,0,0,0,119,None,0.0,,,0.0,0.0,0.0,,warm,,
2025-09-05,Groceries,28426.44,25,1765.79,4,9,Friday,3,36,5,2025,0,0,1,0,0,1,-1.0,-1.8369701987210297e-16,-0.433883739117558,-0.9009688679024191,29837.12,30839.91,29801.76,33840.31428571429,33404.49133333333,0,0,0,118,None,0.0,,,0.0,0.0,0.0,,warm,,
2025-09-06,Groceries,38981.98,32,1187.07,5,9,Saturday,3,36,6,2025,1,0,0,0,0,1,-1.0,-1.8369701987210297e-16,-0.9749279121818236,-0.2225209339563146,39411.0,43439.35,28846.33,33779.025714285715,33742.34633333333,0,0,0,117,None,0.0,,,0.0,0.0,0.0,,warm,,
2025-09-07,Groceries,36121.69,32,2446.44,6,9,Sunday,3,36,7,2025,1,0,0,0,0,1,-1.0,-1.8369701987210297e-16,-0.7818314824680299,0.6234898018587334,40402.29,48122.2,31589.41,33167.51142857143,33893.422333333336,0,0,0,116,None,0.0,,,0.0,0.0,0.0,,warm,,
2025-09-08,Groceries,26246.66,27,2075.99,0,9,Monday,3,37,8,2025,0,0,0,0,0,1,-1.0,-1.8369701987210297e-16,0.0,1.0,29901.74,29622.64,39677.67,32645.35714285714,33445.721999999994,0,0,0,115,None,0.0,,,0.0,0.0,0.0,,warm,,
2025-09-09,Groceries,27886.97,27,1857.68,1,9,Tuesday,3,37,9,2025,0,0,0,0,0,1,-1.0,-1.8369701987210297e-16,0.7818314824680298,0.6234898018587336,34511.98,29525.98,45229.52,31698.92714285714,32867.637,0,0,0,114,None,0.0,,,0.0,0.0,0.0,,warm,,
2025-09-10,Groceries,35264.38,37,1888.61,2,9,Wednesday,3,37,10,2025,0,0,0,0,0,1,-1.0,-1.8369701987210297e-16,0.9749279121818236,-0.22252093395631434,28971.94,30219.95,28702.33,32597.847142857143,33086.372,0,0,0,113,None,0.0,,,0.0,0.0,0.0,,warm,,
2025-09-11,Groceries,28365.24,31,1172.7,3,9,Thursday,3,37,11,2025,0,0,0,0,0,1,-1.0,-1.8369701987210297e-16,0.43388373911755823,-0.900968867902419,35256.81,29221.23,32613.37,31613.33714285714,32944.76766666667,0,0,0,112,None,0.0,,,0.0,0.0,0.0,,warm,,
2025-09-12,Groceries,30450.91,34,845.45,4,9,Friday,3,37,12,2025,0,0,0,0,0,1,-1.0,-1.8369701987210297e-16,-0.433883739117558,-0.9009688679024191,28426.44,29837.12,26975.74,31902.54714285714,33060.60666666667,0,0,0,111,None,0.0,,,0.0,0.0,0.0,,warm,,
2025-09-13,Groceries,35039.85,29,680.37,5,9,Saturday,3,37,13,2025,1,0,0,0,0,1,-1.0,-1.8369701987210297e-16,-0.9749279121818236,-0.2225209339563146,38981.98,39411.0,30980.78,31339.385714285712,33195.909,0,0,0,110,None,0.0,,,0.0,0.0,0.0,,warm,,
2025-09-14,Groceries,41907.71,41,1150.08,6,9,Sunday,3,37,14,2025,1,0,0,0,0,1,-1.0,-1.8369701987210297e-16,-0.7818314824680299,0.6234898018587334,36121.69,40402.29,32312.6,32165.96,33515.746,0,0,0,109,None,0.0,,,0.0,0.0,0.0,,warm,,
2025-09-15,Groceries,31224.76,36,1429.75,0,9,Monday,3,38,15,2025,0,0,0,0,0,1,-1.0,-1.8369701987210297e-16,0.0,1.0,26246.66,29901.74,43062.77,32877.11714285715,33121.14566666666,0,0,0,108,None,0.0,,,0.0,0.0,0.0,,warm,,
2025-09-16,Groceries,32948.07,36,1232.83,1,9,Tuesday,3,38,16,2025,0,0,0,0,0,1,-1.0,-1.8369701987210297e-16,0.7818314824680298,0.6234898018587336,27886.97,34511.98,37058.13,33600.131428571425,32984.14366666666,0,0,0,107,None,0.0,,,0.0,0.0,0.0,,warm,,
2025-09-17,Groceries,28125.54,23,2420.62,2,9,Wednesday,3,38,17,2025,0,0,0,0,0,1,-1.0,-1.8369701987210297e-16,0.9749279121818236,-0.22252093395631434,35264.38,28971.94,31436.94,32580.29714285714,32873.763666666666,0,0,0,106,None,0.0,,,0.0,0.0,0.0,,warm,,
2025-09-18,Groceries,27733.85,23,1845.47,3,9,Thursday,3,38,18,2025,0,0,0,0,0,1,-1.0,-1.8369701987210297e-16,0.43388373911755823,-0.900968867902419,28365.24,35256.81,27063.71,32490.09857142857,32896.10166666666,0,0,0,105,None,0.0,,,0.0,0.0,0.0,,warm,,
2025-09-19,Groceries,27072.38,24,1821.68,4,9,Friday,3,38,19,2025,0,0,0,0,0,1,-1.0,-1.8369701987210297e-16,-0.433883739117558,-0.9009688679024191,30450.91,28426.44,32608.82,32007.45142857143,32711.553666666667,0,0,0,104,None,0.0,,,0.0,0.0,0.0,,warm,,
2025-09-20,Groceries,41248.59,43,1723.7,5,9,Saturday,3,38,20,2025,1,0,0,0,0,1,-1.0,-1.8369701987210297e-16,-0.9749279121818236,-0.2225209339563146,35039.85,38981.98,26266.04,32894.41428571429,33210.971999999994,0,0,0,103,None,0.0,,,0.0,0.0,0.0,,warm,,
2025-09-21,Groceries,50868.34,60,1768.52,6,9,Sunday,3,38,21,2025,1,0,0,0,0,1,-1.0,-1.8369701987210297e-16,-0.7818314824680299,0.6234898018587334,41907.71,36121.69,30839.91,34174.50428571428,33878.58633333333,0,0,0,102,None,0.0,,,0.0,0.0,0.0,,warm,,
2025-09-22,Groceries,35312.4,32,1838.49,0,9,Monday,3,39,22,2025,0,0,0,0,0,1,-1.0,-1.8369701987210297e-16,0.0,1.0,31224.76,26246.66,43439.35,34758.45285714285,33607.687999999995,0,0,0,101,None,0.0,,,0.0,0.0,0.0,,warm,,
2025-09-23,Groceries,31897.22,37,1558.64,1,9,Tuesday,3,39,23,2025,0,0,0,0,0,1,-1.0,-1.8369701987210297e-16,0.7818314824680298,0.6234898018587336,32948.07,27886.97,48122.2,34608.33142857142,33066.85533333333,0,0,0,100,None,0.0,,,0.0,0.0,0.0,,warm,,
2025-09-24,Groceries,29257.44,29,2344.08,2,9,Wednesday,3,39,24,2025,0,0,0,0,0,1,-1.0,-1.8369701987210297e-16,0.9749279121818236,-0.22252093395631434,28125.54,35264.38,29622.64,34770.03142857143,33054.682,0,0,0,99,None,0.0,,,0.0,0.0,0.0,,warm,,
2025-09-25,Groceries,31140.59,32,779.56,3,9,Thursday,3,39,25,2025,0,1,0,0,0,1,-1.0,-1.8369701987210297e-16,0.43388373911755823,-0.900968867902419,27733.85,28365.24,29525.98,35256.70857142857,33108.50233333333,0,0,0,98,None,0.0,,,0.0,0.0,0.0,,warm,,
2025-09-26,Groceries,31377.54,32,754.85,4,9,Friday,3,39,26,2025,0,1,0,0,0,1,-1.0,-1.8369701987210297e-16,-0.433883739117558,-0.9009688679024191,27072.38,30450.91,30219.95,35871.73142857143,33147.08866666666,0,0,0,97,None,0.0,,,0.0,0.0,0.0,,warm,,
2025-09-27,Groceries,41599.89,35,2382.2,5,9,Saturday,3,39,27,2025,1,1,0,0,0,1,-1.0,-1.8369701987210297e-16,-0.9749279121818236,-0.2225209339563146,41248.59,35039.85,29221.23,35921.91714285714,33559.710666666666,0,0,0,96,None,0.0,,,0.0,0.0,0.0,,warm,,
2025-09-28,Groceries,43260.08,40,777.56,6,9,Sunday,3,39,28,2025,1,1,0,0,0,1,-1.0,-1.8369701987210297e-16,-0.7818314824680299,0.6234898018587334,50868.34,41907.71,29837.12,34835.02285714286,34007.14266666667,0,0,0,95,None,0.0,,,0.0,0.0,0.0,,warm,,
2025-09-29,Groceries,30288.36,25,1523.91,0,9,Monday,3,40,29,2025,0,1,0,0,0,1,-1.0,-1.8369701987210297e-16,0.0,1.0,35312.4,31224.76,39411.0,34117.30285714286,33703.05466666666,0,0,0,94,None,0.0,,,0.0,0.0,0.0,,warm,,
2025-09-30,Groceries,28563.75,26,671.72,1,9,Tuesday,3,40,30,2025,0,1,0,0,0,1,-1.0,-1.8369701987210297e-16,0.7818314824680298,0.6234898018587336,31897.22,32948.07,40402.29,33641.09285714286,33308.43666666667,0,0,0,93,None,0.0,,,0.0,0.0,0.0,,warm,,
2025-10-01,Groceries,42926.17,35,1787.01,2,10,Wednesday,4,40,1,2025,0,0,1,1,0,0,-0.8660254037844386,0.5000000000000001,0.9749279121818236,-0.22252093395631434,29257.44,28125.54,29901.74,35593.76857142857,33742.58433333333,0,0,0,92,None,0.0,,,0.0,0.0,0.0,,warm,,
2025-10-02,Groceries,40836.12,34,2022.22,3,10,Thursday,4,40,2,2025,0,0,1,1,0,0,-0.8660254037844386,0.5000000000000001,0.43388373911755823,-0.900968867902419,31140.59,27733.85,34511.98,36978.84428571429,33953.388999999996,0,0,0,91,None,0.0,,,0.0,0.0,0.0,,warm,,
2025-10-03,Groceries,46120.87,42,2470.44,4,10,Friday,4,40,3,2025,0,0,1,1,0,0,-0.8660254037844386,0.5000000000000001,-0.433883739117558,-0.9009688679024191,31377.54,27072.38,28971.94,39085.03428571428,34525.02,0,0,0,90,None,0.0,,,0.0,0.0,0.0,,warm,,
2025-10-04,Groceries,47978.02,43,862.96,5,10,Saturday,4,40,4,2025,1,0,1,1,0,0,-0.8660254037844386,0.5000000000000001,-0.9749279121818236,-0.2225209339563146,41599.89,41248.59,35256.81,39996.19571428571,34949.060333333335,0,0,0,89,None,0.0,,,0.0,0.0,0.0,,warm,,
2025-10-05,Groceries,45541.54,52,1141.62,6,10,Sunday,4,40,5,2025,1,0,1,1,0,0,-0.8660254037844386,0.5000000000000001,-0.7818314824680299,0.6234898018587334,43260.08,50868.34,28426.44,40322.118571428575,35519.56366666666,0,0,0,88,None,0.0,,,0.0,0.0,0.0,,warm,,
2025-10-06,Groceries,33756.17,36,2151.74,0,10,Monday,4,41,6,2025,0,0,0,1,0,0,-0.8660254037844386,0.5000000000000001,0.0,1.0,30288.36,35312.4,38981.98,40817.520000000004,35345.37,0,0,0,87,None,0.0,,,0.0,0.0,0.0,,warm,,
2025-10-07,Groceries,33289.79,33,1026.62,1,10,Tuesday,4,41,7,2025,0,0,0,1,0,0,-0.8660254037844386,0.5000000000000001,0.7818314824680298,0.6234898018587336,28563.75,31897.22,36121.69,41492.66857142857,35250.973333333335,0,0,0,86,None,0.0,,,0.0,0.0,0.0,,warm,,
2025-10-08,Groceries,46707.38,44,1922.54,2,10,Wednesday,4,41,8,2025,0,0,0,1,0,0,-0.8660254037844386,0.5000000000000001,0.9749279121818236,-0.22252093395631434,42926.17,29257.44,26246.66,42032.84142857143,35932.99733333333,0,0,0,85,None,0.0,,,0.0,0.0,0.0,,warm,,
2025-10-09,Groceries,35109.8,40,1642.73,3,10,Thursday,4,41,9,2025,0,0,0,1,0,0,-0.8660254037844386,0.5000000000000001,0.43388373911755823,-0.900968867902419,40836.12,31140.59,27886.97,41214.79571428571,36173.75833333333,0,0,0,84,None,0.0,,,0.0,0.0,0.0,,warm,,
2025-10-10,Groceries,39267.81,38,1814.01,4,10,Friday,4,41,10,2025,0,0,0,1,0,0,-0.8660254037844386,0.5000000000000001,-0.433883739117558,-0.9009688679024191,46120.87,31377.54,35264.38,40235.787142857145,36307.206,0,0,0,83,None,0.0,,,0.0,0.0,0.0,,warm,,
2025-10-11,Groceries,58459.25,53,1059.68,5,10,Saturday,4,41,11,2025,1,0,0,1,0,0,-0.8660254037844386,0.5000000000000001,-0.9749279121818236,-0.2225209339563146,47978.02,41599.89,28365.24,41733.10571428571,37310.33966666667,0,0,0,82,None,0.0,,,0.0,0.0,0.0,,warm,,
2025-10-12,Groceries,52318.19,62,1594.62,6,10,Sunday,4,41,12,2025,1,0,0,1,0,0,-0.8660254037844386,0.5000000000000001,-0.7818314824680299,0.6234898018587334,45541.54,43260.08,30450.91,42701.19857142858,38039.248999999996,0,0,0,81,None,0.0,,,0.0,0.0,0.0,,warm,,
2025-10-13,Groceries,32327.55,39,1807.77,0,10,Monday,4,42,13,2025,0,0,0,1,0,0,-0.8660254037844386,0.5000000000000001,0.0,1.0,33756.17,30288.36,35039.85,42497.10999999999,37948.839,0,0,0,80,None,0.0,,,0.0,0.0,0.0,,warm,,
2025-10-14,Groceries,38339.2,44,2065.85,1,10,Tuesday,4,42,14,2025,0,0,0,1,0,0,-0.8660254037844386,0.5000000000000001,0.7818314824680298,0.6234898018587336,33289.79,28563.75,41907.71,43218.45428571429,37829.888666666666,0,0,0,79,None,0.0,,,0.0,0.0,0.0,,warm,,
2025-10-15,Groceries,35664.6,29,1900.9,2,10,Wednesday,4,42,15,2025,0,0,0,1,0,0,-0.8660254037844386,0.5000000000000001,0.9749279121818236,-0.22252093395631434,46707.38,42926.17,31224.76,41640.91428571428,37977.88333333333,0,0,0,78,None,0.0,,,0.0,0.0,0.0,,warm,,
2025-10-16,Groceries,36152.65,40,683.23,3,10,Thursday,4,42,16,2025,0,0,0,1,0,0,-0.8660254037844386,0.5000000000000001,0.43388373911755823,-0.900968867902419,35109.8,40836.12,32948.07,41789.892857142855,38084.702666666664,0,0,0,77,None,0.0,,,0.0,0.0,0.0,,warm,,
2025-10-17,Groceries,41500.03,50,2031.25,4,10,Friday,4,42,17,2025,0,0,0,1,0,0,-0.8660254037844386,0.5000000000000001,-0.433883739117558,-0.9009688679024191,39267.81,46120.87,28125.54,42108.78142857143,38530.519,0,0,0,76,None,0.0,,,0.0,0.0,0.0,,warm,,
2025-10-18,Groceries,51367.74,50,2290.02,5,10,Saturday,4,42,18,2025,1,0,0,1,0,0,-0.8660254037844386,0.5000000000000001,-0.9749279121818236,-0.2225209339563146,58459.25,47978.02,27733.85,41095.70857142857,39318.31533333333,0,0,0,75,None,0.0,,,0.0,0.0,0.0,,warm,,
2025-10-19,Groceries,50770.52,47,1106.77,6,10,Sunday,4,42,19,2025,1,0,0,1,0,0,-0.8660254037844386,0.5000000000000001,-0.7818314824680299,0.6234898018587334,52318.19,45541.54,27072.38,40874.612857142856,40108.25333333333,0,0,0,74,None,0.0,,,0.0,0.0,0.0,,warm,,
2025-10-20,Groceries,40298.45,41,1855.75,0,10,Monday,4,43,20,2025,0,0,0,1,0,0,-0.8660254037844386,0.5000000000000001,0.0,1.0,32327.55,33756.17,41248.59,42013.31285714286,40076.582,0,0,0,73,None,0.0,,,0.0,0.0,0.0,,warm,,
2025-10-21,Groceries,38435.19,39,1768.22,1,10,Tuesday,4,43,21,2025,0,0,0,1,0,0,-0.8660254037844386,0.5000000000000001,0.7818314824680298,0.6234898018587336,38339.2,33289.79,50868.34,42027.025714285715,39662.14366666667,0,0,0,72,None,0.0,,,0.0,0.0,0.0,,warm,,
2025-10-22,Groceries,38199.78,33,903.97,2,10,Wednesday,4,43,22,2025,0,0,0,1,0,0,-0.8660254037844386,0.5000000000000001,0.9749279121818236,-0.22252093395631434,35664.6,46707.38,35312.4,42389.194285714286,39758.38966666666,0,0,0,71,None,0.0,,,0.0,0.0,0.0,,warm,,
2025-10-23,Groceries,37998.64,33,1296.02,3,10,Thursday,4,43,23,2025,0,0,0,1,0,0,-0.8660254037844386,0.5000000000000001,0.43388373911755823,-0.900968867902419,36152.65,35109.8,31897.22,42652.90714285714,39961.770333333334,0,0,0,70,None,0.0,,,0.0,0.0,0.0,,warm,,
2025-10-24,Groceries,38914.54,32,746.08,4,10,Friday,4,43,24,2025,0,0,0,1,0,0,-0.8660254037844386,0.5000000000000001,-0.433883739117558,-0.9009688679024191,41500.03,39267.81,29257.44,42283.55142857142,40283.67366666666,0,0,0,69,None,0.0,,,0.0,0.0,0.0,,warm,,
2025-10-25,Groceries,43294.43,48,1548.18,5,10,Saturday,4,43,25,2025,1,1,0,1,0,0,-0.8660254037844386,0.5000000000000001,-0.9749279121818236,-0.2225209339563146,51367.74,58459.25,31140.59,41130.22142857143,40688.801666666666,0,0,0,68,None,0.0,,,0.0,0.0,0.0,,warm,,
2025-10-26,Groceries,54211.05,57,1918.56,6,10,Sunday,4,43,26,2025,1,1,0,1,0,0,-0.8660254037844386,0.5000000000000001,-0.7818314824680299,0.6234898018587334,50770.52,52318.19,31377.54,41621.725714285705,41449.91866666667,0,0,0,67,None,0.0,,,0.0,0.0,0.0,,warm,,
2025-10-27,Groceries,39938.25,47,2139.98,0,10,Monday,4,44,27,2025,0,1,0,1,0,0,-0.8660254037844386,0.5000000000000001,0.0,1.0,40298.45,32327.55,41599.89,41570.26857142857,41394.530666666666,0,0,0,66,None,0.0,,,0.0,0.0,0.0,,warm,,
2025-10-28,Groceries,34905.34,29,1948.17,1,10,Tuesday,4,44,28,2025,0,1,0,1,0,0,-0.8660254037844386,0.5000000000000001,0.7818314824680298,0.6234898018587336,38435.19,38339.2,43260.08,41066.00428571429,41116.039333333334,0,0,0,65,None,0.0,,,0.0,0.0,0.0,,warm,,
2025-10-29,Groceries,32806.73,31,649.94,2,10,Wednesday,4,44,29,2025,0,1,0,1,0,0,-0.8660254037844386,0.5000000000000001,0.9749279121818236,-0.22252093395631434,38199.78,35664.6,30288.36,40295.56857142857,41199.985,0,0,0,64,None,0.0,,,0.0,0.0,0.0,,warm,,
2025-10-30,Groceries,39212.82,39,2499.23,3,10,Thursday,4,44,30,2025,0,1,0,1,0,0,-0.8660254037844386,0.5000000000000001,0.43388373911755823,-0.900968867902419,37998.64,36152.65,28563.75,40469.02285714285,41554.954,0,0,0,63,None,0.0,,,0.0,0.0,0.0,,warm,,
2025-10-31,Groceries,38236.95,37,1485.08,4,10,Friday,4,44,31,2025,0,1,0,1,0,0,-0.8660254037844386,0.5000000000000001,-0.433883739117558,-0.9009688679024191,38914.54,41500.03,42926.17,40372.224285714285,41398.64666666666,0,0,0,62,None,0.0,,,0.0,0.0,0.0,,warm,,
2025-11-01,Groceries,59742.26,72,2179.64,5,11,Saturday,4,44,1,2025,1,0,1,1,0,0,-0.5000000000000004,0.8660254037844384,-0.9749279121818236,-0.2225209339563146,43294.43,51367.74,40836.12,42721.91428571429,42028.851333333325,0,0,0,61,None,0.0,,,0.0,0.0,0.0,,warm,,
2025-11-02,Groceries,54880.76,65,1076.15,6,11,Sunday,4,44,2,2025,1,0,1,1,0,0,-0.5000000000000004,0.8660254037844384,-0.7818314824680299,0.6234898018587334,54211.05,50770.52,46120.87,42817.58714285714,42320.84766666666,0,0,0,60,None,0.0,,,0.0,0.0,0.0,,warm,,
2025-11-03,Groceries,28410.45,32,1724.44,0,11,Monday,4,45,3,2025,0,0,1,1,0,0,-0.5000000000000004,0.8660254037844384,0.0,1.0,39938.25,40298.45,47978.02,41170.758571428574,41668.59533333334,0,0,0,59,None,0.0,,,0.0,0.0,0.0,,warm,,
2025-11-04,Groceries,33873.84,41,754.32,1,11,Tuesday,4,45,4,2025,0,0,1,1,0,0,-0.5000000000000004,0.8660254037844384,0.7818314824680298,0.6234898018587336,34905.34,38435.19,45541.54,41023.40142857143,41279.672,0,0,0,58,None,0.0,,,0.0,0.0,0.0,,warm,,
2025-11-05,Groceries,40790.11,38,2289.09,2,11,Wednesday,4,45,5,2025,0,0,1,1,0,0,-0.5000000000000004,0.8660254037844384,0.9749279121818236,-0.22252093395631434,32806.73,38199.78,33756.17,42163.88428571429,41514.13666666667,0,0,0,57,None,0.0,,,0.0,0.0,0.0,,warm,,
2025-11-06,Groceries,36573.08,44,900.35,3,11,Thursday,4,45,6,2025,0,0,0,1,0,0,-0.5000000000000004,0.8660254037844384,0.43388373911755823,-0.900968867902419,39212.82,37998.64,33289.79,41786.778571428564,41623.579666666665,0,0,0,56,None,0.0,,,0.0,0.0,0.0,,warm,,
2025-11-07,Groceries,39903.16,40,2453.21,4,11,Friday,4,45,7,2025,0,0,0,1,0,0,-0.5000000000000004,0.8660254037844384,-0.433883739117558,-0.9009688679024191,38236.95,38914.54,46707.38,42024.80857142858,41396.772333333334,0,0,0,55,None,0.0,,,0.0,0.0,0.0,,warm,,
2025-11-08,Groceries,50926.88,54,867.67,5,11,Saturday,4,45,8,2025,1,0,0,1,0,0,-0.5000000000000004,0.8660254037844384,-0.9749279121818236,-0.2225209339563146,59742.26,43294.43,35109.8,40765.468571428566,41924.00833333333,0,0,0,54,None,0.0,,,0.0,0.0,0.0,,warm,,
2025-11-09,Groceries,53840.56,49,1970.14,6,11,Sunday,4,45,9,2025,1,0,0,1,0,0,-0.5000000000000004,0.8660254037844384,-0.7818314824680299,0.6234898018587334,54880.76,54211.05,39267.81,40616.86857142857,42409.76666666667,0,0,0,53,None,0.0,,,0.0,0.0,0.0,,warm,,
2025-11-10,Groceries,45282.23,53,2395.94,0,11,Monday,4,46,10,2025,0,0,0,1,0,0,-0.5000000000000004,0.8660254037844384,0.0,1.0,28410.45,39938.25,58459.25,43027.12285714286,41970.532666666666,0,0,0,52,None,0.0,,,0.0,0.0,0.0,,warm,,
2025-11-11,Groceries,35685.43,31,1877.79,1,11,Tuesday,4,46,11,2025,0,0,0,1,0,0,-0.5000000000000004,0.8660254037844384,0.7818314824680298,0.6234898018587336,33873.84,34905.34,52318.19,43285.92142857143,41416.10733333333,0,0,0,51,None,0.0,,,0.0,0.0,0.0,,warm,,
2025-11-12,Groceries,37408.67,45,1361.11,2,11,Wednesday,4,46,12,2025,0,0,0,1,0,0,-0.5000000000000004,0.8660254037844384,0.9749279121818236,-0.22252093395631434,40790.11,32806.73,32327.55,42802.85857142857,41585.478,0,0,0,50,None,0.0,,,0.0,0.0,0.0,,warm,,
2025-11-13,Groceries,37950.12,40,2168.09,3,11,Thursday,4,46,13,2025,0,0,0,1,0,0,-0.5000000000000004,0.8660254037844384,0.43388373911755823,-0.900968867902419,36573.08,39212.82,38339.2,42999.57857142858,41572.50866666667,0,0,0,49,None,0.0,,,0.0,0.0,0.0,,warm,,
2025-11-14,Groceries,38997.09,39,2034.43,4,11,Friday,4,46,14,2025,0,0,0,1,0,0,-0.5000000000000004,0.8660254037844384,-0.433883739117558,-0.9009688679024191,39903.16,38236.95,35664.6,42870.14,41683.59166666667,0,0,0,48,None,0.0,,,0.0,0.0,0.0,,warm,,
2025-11-15,Groceries,43211.6,41,1586.73,5,11,Saturday,4,46,15,2025,1,0,0,1,0,0,-0.5000000000000004,0.8660254037844384,-0.9749279121818236,-0.2225209339563146,50926.88,59742.26,36152.65,41767.95714285714,41918.89,0,0,0,47,None,0.0,,,0.0,0.0,0.0,,warm,,
2025-11-16,Groceries,56085.82,47,2200.94,6,11,Sunday,4,46,16,2025,1,0,0,1,0,0,-0.5000000000000004,0.8660254037844384,-0.7818314824680299,0.6234898018587334,53840.56,54880.76,41500.03,42088.708571428564,42405.083,0,0,0,46,None,0.0,,,0.0,0.0,0.0,,warm,,
2025-11-17,Groceries,31588.53,31,1229.36,0,11,Monday,4,47,17,2025,0,0,0,1,0,0,-0.5000000000000004,0.8660254037844384,0.0,1.0,45282.23,28410.45,51367.74,40132.46571428572,41745.776,0,0,0,45,None,0.0,,,0.0,0.0,0.0,,warm,,
2025-11-18,Groceries,39352.61,37,1104.51,1,11,Tuesday,4,47,18,2025,0,0,0,1,0,0,-0.5000000000000004,0.8660254037844384,0.7818314824680298,0.6234898018587336,35685.43,33873.84,50770.52,40656.34857142857,41365.179000000004,0,0,0,44,None,0.0,,,0.0,0.0,0.0,,warm,,
2025-11-19,Groceries,41897.73,39,1795.15,2,11,Wednesday,4,47,19,2025,0,0,0,1,0,0,-0.5000000000000004,0.8660254037844384,0.9749279121818236,-0.22252093395631434,37408.67,40790.11,40298.45,41297.642857142855,41418.488333333335,0,0,0,43,None,0.0,,,0.0,0.0,0.0,,warm,,
2025-11-20,Groceries,41807.87,48,962.49,3,11,Thursday,4,47,20,2025,0,0,0,1,0,0,-0.5000000000000004,0.8660254037844384,0.43388373911755823,-0.900968867902419,37950.12,36573.08,38435.19,41848.75,41530.91099999999,0,0,0,42,None,0.0,,,0.0,0.0,0.0,,warm,,
2025-11-21,Groceries,41853.1,40,2258.35,4,11,Friday,4,47,21,2025,0,0,0,1,0,0,-0.5000000000000004,0.8660254037844384,-0.433883739117558,-0.9009688679024191,38997.09,39903.16,38199.78,42256.75142857143,41652.68833333334,0,0,0,41,None,0.0,,,0.0,0.0,0.0,,warm,,
2025-11-22,Groceries,51013.91,51,1196.13,5,11,Saturday,4,47,22,2025,1,0,0,1,0,0,-0.5000000000000004,0.8660254037844384,-0.9749279121818236,-0.2225209339563146,43211.6,50926.88,37998.64,43371.36714285715,42086.530666666666,0,0,0,40,None,0.0,,,0.0,0.0,0.0,,warm,,
2025-11-23,Groceries,48457.67,41,1102.29,6,11,Sunday,4,47,23,2025,1,0,0,1,0,0,-0.5000000000000004,0.8660254037844384,-0.7818314824680299,0.6234898018587334,56085.82,53840.56,38914.54,42281.631428571425,42404.635,0,0,0,39,None,0.0,,,0.0,0.0,0.0,,warm,,
2025-11-24,Groceries,36293.87,31,993.83,0,11,Monday,4,48,24,2025,0,0,0,1,0,0,-0.5000000000000004,0.8660254037844384,0.0,1.0,31588.53,45282.23,43294.43,42953.822857142855,42171.283,0,0,0,38,None,0.0,,,0.0,0.0,0.0,,warm,,
2025-11-25,Groceries,38395.46,35,1321.42,1,11,Tuesday,4,48,25,2025,0,1,0,1,0,0,-0.5000000000000004,0.8660254037844384,0.7818314824680298,0.6234898018587336,39352.61,35685.43,54211.05,42817.08714285714,41644.096666666665,0,0,0,37,None,0.0,,,0.0,0.0,0.0,,warm,,
2025-11-26,Groceries,40228.61,39,1846.35,2,11,Wednesday,4,48,26,2025,0,1,0,1,0,0,-0.5000000000000004,0.8660254037844384,0.9749279121818236,-0.22252093395631434,41897.73,37408.67,39938.25,42578.64142857143,41653.77533333333,0,0,0,36,None,0.0,,,0.0,0.0,0.0,,warm,,
2025-11-27,Groceries,30006.75,35,1769.79,3,11,Thursday,4,48,27,2025,0,1,0,1,0,0,-0.5000000000000004,0.8660254037844384,0.43388373911755823,-0.900968867902419,41807.87,37950.12,34905.34,40892.76714285714,41490.48900000001,0,0,0,35,None,0.0,,,0.0,0.0,0.0,,warm,,
2025-11-28,Groceries,45331.41,44,1227.56,4,11,Friday,4,48,28,2025,0,1,0,1,0,0,-0.5000000000000004,0.8660254037844384,-0.433883739117558,-0.9009688679024191,41853.1,38997.09,32806.73,41389.66857142857,41907.978333333325,0,0,0,34,None,0.0,,,0.0,0.0,0.0,,warm,,
2025-11-29,Groceries,45292.08,43,1507.15,5,11,Saturday,4,48,29,2025,1,1,0,1,0,0,-0.5000000000000004,0.8660254037844384,-0.9749279121818236,-0.2225209339563146,51013.91,43211.6,39212.82,40572.26428571429,42110.62033333334,0,0,0,33,None,0.0,,,0.0,0.0,0.0,,warm,,
2025-11-30,Groceries,55029.72,50,1041.22,6,11,Sunday,4,48,30,2025,1,1,0,1,0,0,-0.5000000000000004,0.8660254037844384,-0.7818314824680299,0.6234898018587334,48457.67,56085.82,38236.95,41511.12857142858,42670.37933333334,0,0,0,32,None,0.0,,,0.0,0.0,0.0,,warm,,
2025-12-01,Groceries,37283.93,45,2494.63,0,12,Monday,4,49,1,2025,0,0,1,1,0,0,-2.4492935982947064e-16,1.0,0.0,1.0,36293.87,31588.53,59742.26,41652.565714285716,41921.76833333333,0,0,0,31,None,0.0,,,0.0,0.0,0.0,,warm,,
2025-12-02,Groceries,39895.24,36,803.87,1,12,Tuesday,4,49,2,2025,0,0,1,1,0,0,-2.4492935982947064e-16,1.0,0.7818314824680298,0.6234898018587336,38395.46,39352.61,54880.76,41866.82,41422.251000000004,0,0,0,30,None,0.0,,,0.0,0.0,0.0,,warm,,
2025-12-03,Groceries,34671.47,33,1118.39,2,12,Wednesday,4,49,3,2025,0,0,1,1,0,0,-2.4492935982947064e-16,1.0,0.9749279121818236,-0.22252093395631434,40228.61,41897.73,28410.45,41072.94285714285,41630.95166666666,0,0,0,29,None,0.0,,,0.0,0.0,0.0,,warm,,
2025-12-04,Groceries,43551.42,45,1678.78,3,12,Thursday,4,49,4,2025,0,0,1,1,0,0,-2.4492935982947064e-16,1.0,0.43388373911755823,-0.900968867902419,30006.75,41807.87,33873.84,43007.89571428572,41953.53766666667,0,0,0,28,None,0.0,,,0.0,0.0,0.0,,warm,,
2025-12-05,Groceries,32896.47,32,1871.59,4,12,Friday,4,49,5,2025,0,0,1,1,0,0,-2.4492935982947064e-16,1.0,-0.433883739117558,-0.9009688679024191,45331.41,41853.1,40790.11,41231.47571428572,41690.416333333334,0,0,0,27,None,0.0,,,0.0,0.0,0.0,,warm,,
2025-12-06,Groceries,49865.34,42,1107.29,5,12,Saturday,4,49,6,2025,1,0,0,1,0,0,-2.4492935982947064e-16,1.0,-0.9749279121818236,-0.2225209339563146,45292.08,51013.91,36573.08,41884.798571428575,42133.49166666667,0,0,0,26,None,0.0,,,0.0,0.0,0.0,,warm,,
2025-12-07,Groceries,43334.74,37,824.63,6,12,Sunday,4,49,7,2025,1,0,0,1,0,0,-2.4492935982947064e-16,1.0,-0.7818314824680299,0.6234898018587334,55029.72,48457.67,39903.16,40214.08714285714,42247.87766666667,0,0,0,25,None,0.0,,,0.0,0.0,0.0,,warm,,
2025-12-08,Groceries,35103.89,36,1298.33,0,12,Monday,4,50,8,2025,0,0,0,1,0,0,-2.4492935982947064e-16,1.0,0.0,1.0,37283.93,36293.87,50926.88,39902.65285714286,41720.44466666667,0,0,0,24,None,0.0,,,0.0,0.0,0.0,,warm,,
2025-12-09,Groceries,45946.63,39,1643.55,1,12,Tuesday,4,50,9,2025,0,0,0,1,0,0,-2.4492935982947064e-16,1.0,0.7818314824680298,0.6234898018587336,39895.24,38395.46,53840.56,40767.13714285714,41457.31366666666,0,0,0,23,None,0.0,,,0.0,0.0,0.0,,warm,,
2025-12-10,Groceries,32289.1,38,1598.46,2,12,Wednesday,4,50,10,2025,0,0,0,1,0,0,-2.4492935982947064e-16,1.0,0.9749279121818236,-0.22252093395631434,34671.47,40228.61,45282.23,40426.79857142857,41024.20933333333,0,0,0,22,None,0.0,,,0.0,0.0,0.0,,warm,,
2025-12-11,Groceries,39614.66,43,1688.13,3,12,Thursday,4,50,11,2025,0,0,0,1,0,0,-2.4492935982947064e-16,1.0,0.43388373911755823,-0.900968867902419,43551.42,30006.75,35685.43,39864.404285714285,41155.183666666664,0,0,0,21,None,0.0,,,0.0,0.0,0.0,,warm,,
2025-12-12,Groceries,37890.75,35,1446.42,4,12,Friday,4,50,12,2025,0,0,0,1,0,0,-2.4492935982947064e-16,1.0,-0.433883739117558,-0.9009688679024191,32896.47,45331.41,37408.67,40577.87285714286,41171.253,0,0,0,20,None,0.0,,,0.0,0.0,0.0,,warm,,
2025-12-13,Groceries,50127.16,52,1974.23,5,12,Saturday,4,50,13,2025,1,0,0,1,0,0,-2.4492935982947064e-16,1.0,-0.9749279121818236,-0.2225209339563146,49865.34,45292.08,37950.12,40615.275714285715,41577.15433333334,0,0,0,19,None,0.0,,,0.0,0.0,0.0,,warm,,
2025-12-14,Groceries,55273.98,66,1628.21,6,12,Sunday,4,50,14,2025,1,0,0,1,0,0,-2.4492935982947064e-16,1.0,-0.7818314824680299,0.6234898018587334,43334.74,55029.72,38997.09,42320.88142857143,42119.717333333334,0,0,0,18,None,0.0,,,0.0,0.0,0.0,,warm,,
2025-12-15,Groceries,36657.63,42,2055.07,0,12,Monday,4,51,15,2025,0,0,0,1,0,0,-2.4492935982947064e-16,1.0,0.0,1.0,35103.89,37283.93,43211.6,42542.84428571429,41901.25166666667,0,0,0,17,None,0.0,,,0.0,0.0,0.0,,warm,,
2025-12-16,Groceries,35244.87,30,2431.87,1,12,Tuesday,4,51,16,2025,0,0,0,1,0,0,-2.4492935982947064e-16,1.0,0.7818314824680298,0.6234898018587336,45946.63,39895.24,56085.82,41014.02142857143,41206.55333333334,0,0,0,16,None,0.0,,,0.0,0.0,0.0,,warm,,
2025-12-17,Groceries,39571.84,43,2186.16,2,12,Wednesday,4,51,17,2025,0,0,0,1,0,0,-2.4492935982947064e-16,1.0,0.9749279121818236,-0.22252093395631434,32289.1,34671.47,31588.53,42054.41285714286,41472.66366666667,0,0,0,15,None,0.0,,,0.0,0.0,0.0,,warm,,
2025-12-18,Groceries,37958.62,41,1070.27,3,12,Thursday,4,51,18,2025,0,0,0,1,0,0,-2.4492935982947064e-16,1.0,0.43388373911755823,-0.900968867902419,39614.66,43551.42,39352.61,41817.83571428571,41426.19733333333,0,0,0,14,None,0.0,,,0.0,0.0,0.0,,warm,,
2025-12-19,Groceries,35014.12,34,1768.35,4,12,Friday,4,51,19,2025,0,0,0,1,0,0,-2.4492935982947064e-16,1.0,-0.433883739117558,-0.9009688679024191,37890.75,32896.47,41897.73,41406.888571428564,41196.74366666667,0,0,0,13,None,0.0,,,0.0,0.0,0.0,,warm,,
2025-12-20,Groceries,46988.06,57,1064.99,5,12,Saturday,4,51,20,2025,1,0,0,1,0,0,-2.4492935982947064e-16,1.0,-0.9749279121818236,-0.2225209339563146,50127.16,49865.34,41807.87,40958.44571428571,41369.416666666664,0,0,0,12,None,0.0,,,0.0,0.0,0.0,,warm,,
2025-12-21,Groceries,52037.41,54,1044.91,6,12,Sunday,4,51,21,2025,1,0,0,1,0,0,-2.4492935982947064e-16,1.0,-0.7818314824680299,0.6234898018587334,55273.98,43334.74,41853.1,40496.07857142857,41708.89366666667,0,0,0,11,None,0.0,,,0.0,0.0,0.0,,warm,,
2025-12-22,Groceries,39876.66,45,2472.82,0,12,Monday,4,52,22,2025,0,0,0,1,0,0,-2.4492935982947064e-16,1.0,0.0,1.0,36657.63,35103.89,51013.91,40955.94,41337.652,0,0,0,10,None,0.0,,,0.0,0.0,0.0,,warm,,
2025-12-23,Groceries,36948.74,32,1889.63,1,12,Tuesday,4,52,23,2025,0,0,0,1,0,0,-2.4492935982947064e-16,1.0,0.7818314824680298,0.6234898018587336,35244.87,45946.63,48457.67,41199.35,40954.02099999999,0,0,0,9,None,0.0,,,0.0,0.0,0.0,,warm,,
2025-12-24,Groceries,37168.94,36,1375.69,2,12,Wednesday,4,52,24,2025,0,0,0,1,0,0,-2.4492935982947064e-16,1.0,0.9749279121818236,-0.22252093395631434,39571.84,32289.1,36293.87,40856.07857142858,40983.189999999995,0,0,0,8,None,0.0,,,0.0,0.0,0.0,,warm,,
2025-12-25,Groceries,35424.04,40,2130.97,3,12,Thursday,4,52,25,2025,0,1,0,1,0,0,-2.4492935982947064e-16,1.0,0.43388373911755823,-0.900968867902419,37958.62,39614.66,38395.46,40493.99571428572,40884.14266666667,0,0,0,7,None,0.0,,,0.0,0.0,0.0,,warm,,
2025-12-26,Groceries,35318.7,31,750.23,4,12,Friday,4,52,26,2025,0,1,0,1,0,0,-2.4492935982947064e-16,1.0,-0.433883739117558,-0.9009688679024191,35014.12,37890.75,40228.61,40537.50714285714,40720.479,0,0,0,6,None,0.0,,,0.0,0.0,0.0,,warm,,
2025-12-27,Groceries,46727.01,42,675.14,5,12,Saturday,4,52,27,2025,1,1,0,1,0,0,-2.4492935982947064e-16,1.0,-0.9749279121818236,-0.2225209339563146,46988.06,50127.16,30006.75,40500.21428571428,41277.820999999996,0,0,0,5,None,0.0,,,0.0,0.0,0.0,,warm,,
2025-12-28,Groceries,40531.71,41,1176.06,6,12,Sunday,4,52,28,2025,1,1,0,1,0,0,-2.4492935982947064e-16,1.0,-0.7818314824680299,0.6234898018587334,52037.41,55273.98,45331.41,38856.54285714286,41117.831,0,0,0,4,None,0.0,,,0.0,0.0,0.0,,warm,,
2025-12-29,Groceries,39071.32,42,1921.69,0,12,Monday,4,1,29,2025,0,1,0,1,0,0,-2.4492935982947064e-16,1.0,0.0,1.0,39876.66,36657.63,45292.08,38741.49428571428,40910.47233333333,0,0,0,3,None,0.3,,,0.0,0.0,0.0,,warm,,
2025-12-30,Groceries,39520.33,40,1186.0,1,12,Tuesday,4,1,30,2025,0,1,0,1,0,0,-2.4492935982947064e-16,1.0,0.7818314824680298,0.6234898018587336,36948.74,35244.87,55029.72,39108.864285714284,40393.492666666665,0,0,0,2,None,0.3,,,0.0,0.0,0.0,,warm,,
2025-12-31,Groceries,34110.35,34,1194.55,2,12,Wednesday,4,1,31,2025,0,1,0,1,0,0,-2.4492935982947064e-16,1.0,0.9749279121818236,-0.22252093395631434,37168.94,39571.84,37283.93,38671.92285714286,40287.706666666665,0,1,0,1,None,0.25,,,0.0,0.0,0.0,,warm,,
2026-01-01,Groceries,22269.22,21,1160.87,3,1,Thursday,1,1,1,2026,0,0,1,0,0,0,0.49999999999999994,0.8660254037844387,0.43388373911755823,-0.900968867902419,35424.04,37958.62,39895.24,36792.66285714285,39700.17266666667,1,0,0,0,Optional holiday,0.5,,,0.0,0.0,0.0,,warm,,
2026-01-02,Groceries,25983.29,26,1088.92,4,1,Friday,1,1,2,2026,0,0,1,0,0,0,0.49999999999999994,0.8660254037844387,-0.433883739117558,-0.9009688679024191,35318.7,35014.12,34671.47,35459.03285714286,39410.566666666666,0,1,1,1,None,0.25,,,0.0,0.0,0.0,,warm,,
2026-01-03,Groceries,36139.87,30,1638.44,5,1,Saturday,1,1,3,2026,1,0,1,0,0,0,0.49999999999999994,0.8660254037844387,-0.9749279121818236,-0.2225209339563146,46727.01,46988.06,43551.42,33946.584285714285,39163.515,1,0,0,0,Optional holiday,0.5,,,0.0,0.0,0.0,,warm,,
2026-01-04,Groceries,35464.47,31,692.18,6,1,Sunday,1,1,4,2026,1,0,1,0,0,0,0.49999999999999994,0.8660254037844387,-0.7818314824680299,0.6234898018587334,40531.71,52037.41,32896.47,33222.69285714286,39249.115,0,0,1,10,None,0.15,,,0.0,0.0,0.0,,warm,,
2026-01-05,Groceries,24984.82,25,714.86,0,1,Monday,1,2,5,2026,0,0,1,0,0,0,0.49999999999999994,0.8660254037844387,0.0,1.0,39071.32,39876.66,49865.34,31210.335714285717,38419.76433333334,0,0,0,9,None,0.0,,,0.0,0.0,0.0,,warm,,
2026-01-06,Groceries,24274.31,24,622.52,1,1,Tuesday,1,2,6,2026,0,0,0,0,0,0,0.49999999999999994,0.8660254037844387,0.7818314824680298,0.6234898018587336,39520.33,36948.74,43334.74,29032.33285714286,37784.416666666664,0,0,0,8,None,0.0,,,0.0,0.0,0.0,,warm,,
2026-01-07,Groceries,24562.6,27,803.33,2,1,Wednesday,1,2,7,2026,0,0,0,0,0,0,0.49999999999999994,0.8660254037844387,0.9749279121818236,-0.22252093395631434,34110.35,37168.94,35103.89,27668.368571428575,37433.04033333333,0,0,0,7,None,0.0,,,0.0,0.0,0.0,,warm,,
2026-01-08,Groceries,24977.2,24,750.14,3,1,Thursday,1,2,8,2026,0,0,0,0,0,0,0.49999999999999994,0.8660254037844387,0.43388373911755823,-0.900968867902419,22269.22,35424.04,45946.63,28055.222857142857,36734.05933333333,0,0,0,6,None,0.0,,,0.0,0.0,0.0,,warm,,
2026-01-09,Groceries,28475.52,25,2043.21,4,1,Friday,1,2,9,2026,0,0,0,0,0,0,0.49999999999999994,0.8660254037844387,-0.433883739117558,-0.9009688679024191,25983.29,35318.7,32289.1,28411.255714285715,36606.939999999995,0,0,0,5,None,0.0,,,0.0,0.0,0.0,,warm,,
2026-01-10,Groceries,32719.87,31,2206.13,5,1,Saturday,1,2,10,2026,1,0,0,0,0,0,0.49999999999999994,0.8660254037844387,-0.9749279121818236,-0.2225209339563146,36139.87,46727.01,39614.66,27922.684285714287,36377.11366666667,0,0,0,4,None,0.0,,,0.0,0.0,0.0,,warm,,
2026-01-11,Groceries,33512.07,29,2286.35,6,1,Sunday,1,2,11,2026,1,0,0,0,0,0,0.49999999999999994,0.8660254037844387,-0.7818314824680299,0.6234898018587334,35464.47,40531.71,37890.75,27643.77,36231.15766666667,0,0,0,3,None,0.3,,,0.0,0.0,0.0,,warm,,
2026-01-12,Groceries,24639.78,27,2364.66,0,1,Monday,1,3,12,2026,0,0,0,0,0,0,0.49999999999999994,0.8660254037844387,0.0,1.0,24984.82,39071.32,50127.16,27594.47857142857,35381.57833333333,0,0,0,2,None,0.3,,,0.0,0.0,0.0,,warm,,
2026-01-13,Groceries,24466.39,25,908.66,1,1,Tuesday,1,3,13,2026,0,0,0,0,0,0,0.49999999999999994,0.8660254037844387,0.7818314824680298,0.6234898018587336,24274.31,39520.33,55273.98,27621.91857142857,34354.65866666667,0,1,0,1,None,0.25,,,0.0,0.0,0.0,,warm,,
2026-01-14,Groceries,24243.83,21,1975.91,2,1,Wednesday,1,3,14,2026,0,0,0,0,0,0,0.49999999999999994,0.8660254037844387,0.9749279121818236,-0.22252093395631434,24562.6,34110.35,36657.63,27576.38,33940.865333333335,1,0,0,0,Hinduism,0.5,,,0.0,0.0,0.0,,warm,,
2026-01-15,Groceries,26092.35,21,1766.34,3,1,Thursday,1,3,15,2026,0,0,0,0,0,0,0.49999999999999994,0.8660254037844387,0.43388373911755823,-0.900968867902419,24977.2,22269.22,35244.87,27735.687142857143,33635.78133333333,0,0,1,8,None,0.15,,,0.0,0.0,0.0,,warm,,
2026-01-16,Groceries,27335.8,27,1650.77,4,1,Friday,1,3,16,2026,0,0,0,0,0,0,0.49999999999999994,0.8660254037844387,-0.433883739117558,-0.9009688679024191,28475.52,25983.29,39571.84,27572.87,33227.91333333334,0,0,0,7,None,0.0,,,0.0,0.0,0.0,,warm,,
2026-01-17,Groceries,35577.44,38,1954.91,5,1,Saturday,1,3,17,2026,1,0,0,0,0,0,0.49999999999999994,0.8660254037844387,-0.9749279121818236,-0.2225209339563146,32719.87,36139.87,37958.62,27981.094285714287,33148.54066666667,0,0,0,6,None,0.0,,,0.0,0.0,0.0,,warm,,
2026-01-18,Groceries,35072.34,41,773.89,6,1,Sunday,1,3,18,2026,1,0,0,0,0,0,0.49999999999999994,0.8660254037844387,-0.7818314824680299,0.6234898018587334,33512.07,35464.47,35014.12,28203.989999999998,33150.48133333334,0,0,0,5,None,0.0,,,0.0,0.0,0.0,,warm,,
2026-01-19,Groceries,25298.95,23,1573.64,0,1,Monday,1,4,19,2026,0,0,0,0,0,0,0.49999999999999994,0.8660254037844387,0.0,1.0,24639.78,24984.82,46988.06,28298.157142857144,32427.511,0,0,0,4,None,0.0,,,0.0,0.0,0.0,,warm,,
2026-01-20,Groceries,22666.83,28,1154.51,1,1,Tuesday,1,4,20,2026,0,0,0,0,0,0,0.49999999999999994,0.8660254037844387,0.7818314824680298,0.6234898018587336,24466.39,24274.31,52037.41,28041.077142857142,31448.491666666665,0,0,0,3,None,0.3,,,0.0,0.0,0.0,,warm,,
2026-01-21,Groceries,21570.25,24,863.8,2,1,Wednesday,1,4,21,2026,0,0,0,0,0,0,0.49999999999999994,0.8660254037844387,0.9749279121818236,-0.22252093395631434,24243.83,24562.6,39876.66,27659.13714285714,30838.278,0,0,0,2,None,0.3,,,0.0,0.0,0.0,,warm,,
2026-01-22,Groceries,27599.76,32,1286.14,3,1,Thursday,1,4,22,2026,0,0,0,0,0,0,0.49999999999999994,0.8660254037844387,0.43388373911755823,-0.900968867902419,26092.35,24977.2,36948.74,27874.481428571427,30526.645333333334,0,1,0,1,None,0.25,,,0.0,0.0,0.0,,warm,,
2026-01-23,Groceries,30393.27,30,1231.21,4,1,Friday,1,4,23,2026,0,0,0,0,0,0,0.49999999999999994,0.8660254037844387,-0.433883739117558,-0.9009688679024191,27335.8,28475.52,37168.94,28311.262857142858,30300.789666666664,1,0,0,0,Hinduism,0.5,,,0.0,0.0,0.0,,warm,,
2026-01-24,Groceries,39020.1,44,1170.83,5,1,Saturday,1,4,24,2026,1,0,0,0,0,0,0.49999999999999994,0.8660254037844387,-0.9749279121818236,-0.2225209339563146,35577.44,32719.87,35424.04,28803.071428571428,30420.658333333333,0,0,1,2,None,0.15,,,0.0,0.0,0.0,,warm,,
2026-01-25,Groceries,40545.18,35,1802.51,6,1,Sunday,1,4,25,2026,1,1,0,0,0,0,0.49999999999999994,0.8660254037844387,-0.7818314824680299,0.6234898018587334,35072.34,33512.07,35318.7,29584.905714285713,30594.874333333333,0,1,0,1,None,0.25,,,0.0,0.0,0.0,,warm,,
2026-01-26,Groceries,22570.96,20,941.86,0,1,Monday,1,5,26,2026,0,1,0,0,0,0,0.49999999999999994,0.8660254037844387,0.0,1.0,25298.95,24639.78,46727.01,29195.192857142854,29789.672666666665,1,0,0,0,National holiday,0.5,,,0.0,0.0,0.0,,warm,,
2026-01-27,Groceries,27964.26,33,2156.03,1,1,Tuesday,1,5,27,2026,0,1,0,0,0,0,0.49999999999999994,0.8660254037844387,0.7818314824680298,0.6234898018587336,22666.83,24466.39,40531.71,29951.96857142857,29370.757666666665,0,0,1,5,None,0.15,,,0.0,0.0,0.0,,warm,,
2026-01-28,Groceries,28753.33,28,740.53,2,1,Wednesday,1,5,28,2026,0,1,0,0,0,0,0.49999999999999994,0.8660254037844387,0.9749279121818236,-0.22252093395631434,21570.25,24243.83,39071.32,30978.12285714286,29026.82466666667,0,0,0,4,None,0.0,,,0.0,0.0,0.0,,warm,,
2026-01-29,Groceries,26139.72,26,1933.11,3,1,Thursday,1,5,29,2026,0,1,0,0,0,0,0.49999999999999994,0.8660254037844387,0.43388373911755823,-0.900968867902419,27599.76,26092.35,39520.33,30769.545714285716,28580.804333333333,0,0,0,3,None,0.3,,,0.0,0.0,0.0,,warm,,
2026-01-30,Groceries,25671.48,23,684.16,4,1,Friday,1,5,30,2026,0,1,0,0,0,0,0.49999999999999994,0.8660254037844387,-0.433883739117558,-0.9009688679024191,30393.27,27335.8,34110.35,30095.004285714287,28299.50866666667,0,0,0,2,None,0.3,,,0.0,0.0,0.0,,warm,,
2026-01-31,Groceries,32518.28,38,1091.6,5,1,Saturday,1,5,31,2026,1,1,0,0,0,0,0.49999999999999994,0.8660254037844387,-0.9749279121818236,-0.2225209339563146,39020.1,35577.44,22269.22,29166.172857142858,28641.144000000004,0,1,0,1,None,0.25,,,0.0,0.0,0.0,,warm,,
2026-02-01,Groceries,30026.67,25,1891.16,6,2,Sunday,1,5,1,2026,1,0,1,0,0,0,0.8660254037844386,0.5000000000000001,-0.7818314824680299,0.6234898018587334,40545.18,35072.34,25983.29,27663.528571428575,28775.923333333332,1,0,0,0,Optional holiday,0.5,,,0.0,0.0,0.0,,warm,,
2026-02-02,Groceries,27151.18,32,820.53,0,2,Monday,1,6,2,2026,0,0,1,0,0,0,0.8660254037844386,0.5000000000000001,0.0,1.0,22570.96,25298.95,36139.87,28317.84571428571,28476.300333333333,0,0,1,10,None,0.15,,,0.0,0.0,0.0,,warm,,
2026-02-03,Groceries,29018.36,28,1971.79,1,2,Tuesday,1,6,3,2026,0,0,1,0,0,0,0.8660254037844386,0.5000000000000001,0.7818314824680298,0.6234898018587336,27964.26,22666.83,35464.47,28468.43142857143,28261.43,0,0,0,9,None,0.0,,,0.0,0.0,0.0,,warm,,
2026-02-04,Groceries,25452.55,22,2120.1,2,2,Wednesday,1,6,4,2026,0,0,1,0,0,0,0.8660254037844386,0.5000000000000001,0.9749279121818236,-0.22252093395631434,28753.33,21570.25,24984.82,27996.891428571427,28277.021,0,0,0,8,None,0.0,,,0.0,0.0,0.0,,warm,,
2026-02-05,Groceries,26465.91,26,1796.54,3,2,Thursday,1,6,5,2026,0,0,1,0,0,0,0.8660254037844386,0.5000000000000001,0.43388373911755823,-0.900968867902419,26139.72,27599.76,24274.31,28043.489999999998,28350.074333333334,0,0,0,7,None,0.0,,,0.0,0.0,0.0,,warm,,
2026-02-06,Groceries,25601.88,25,1338.79,4,2,Friday,1,6,6,2026,0,0,0,0,0,0,0.8660254037844386,0.5000000000000001,-0.433883739117558,-0.9009688679024191,25671.48,30393.27,24562.6,28033.547142857144,28384.717,0,0,0,6,None,0.0,,,0.0,0.0,0.0,,warm,,
2026-02-07,Groceries,35036.41,36,974.44,5,2,Saturday,1,6,7,2026,1,0,0,0,0,0,0.8660254037844386,0.5000000000000001,-0.9749279121818236,-0.2225209339563146,32518.28,39020.1,24977.2,28393.280000000002,28720.023999999998,0,0,0,5,None,0.0,,,0.0,0.0,0.0,,warm,,
2026-02-08,Groceries,33044.55,30,817.04,6,2,Sunday,1,6,8,2026,1,0,0,0,0,0,0.8660254037844386,0.5000000000000001,-0.7818314824680299,0.6234898018587334,30026.67,40545.18,28475.52,28824.405714285713,28872.325,0,0,0,4,None,0.0,,,0.0,0.0,0.0,,warm,,
2026-02-09,Groceries,25986.68,23,761.03,0,2,Monday,1,7,9,2026,0,0,0,0,0,0,0.8660254037844386,0.5000000000000001,0.0,1.0,27151.18,22570.96,32719.87,28658.04857142857,28647.88533333333,0,0,0,3,None,0.3,,,0.0,0.0,0.0,,warm,,
2026-02-10,Groceries,24664.96,24,1733.21,1,2,Tuesday,1,7,10,2026,0,0,0,0,0,0,0.8660254037844386,0.5000000000000001,0.7818314824680298,0.6234898018587336,29018.36,27964.26,33512.07,28036.134285714284,28352.981666666667,0,0,0,2,None,0.3,,,0.0,0.0,0.0,,warm,,
2026-02-11,Groceries,26048.83,29,1654.33,2,2,Wednesday,1,7,11,2026,0,0,0,0,0,0,0.8660254037844386,0.5000000000000001,0.9749279121818236,-0.22252093395631434,25452.55,28753.33,24639.78,28121.317142857144,28399.95,0,1,0,1,None,0.25,,,0.0,0.0,0.0,,warm,,
2026-02-12,Groceries,29317.41,27,859.42,3,2,Thursday,1,7,12,2026,0,0,0,0,0,0,0.8660254037844386,0.5000000000000001,0.43388373911755823,-0.900968867902419,26465.91,26139.72,24466.39,28528.674285714285,28561.65066666667,1,0,0,0,Optional holiday,0.5,,,0.0,0.0,0.0,,warm,,
2026-02-13,Groceries,20597.98,20,1528.53,4,2,Friday,1,7,13,2026,0,0,0,0,0,0,0.8660254037844386,0.5000000000000001,-0.433883739117558,-0.9009688679024191,25601.88,25671.48,24243.83,27813.83142857143,28440.122333333336,0,1,1,1,None,0.25,,,0.0,0.0,0.0,,warm,,
2026-02-14,Groceries,31845.66,26,1468.91,5,2,Saturday,1,7,14,2026,1,0,0,0,0,0,0.8660254037844386,0.5000000000000001,-0.9749279121818236,-0.2225209339563146,35036.41,32518.28,26092.35,27358.010000000002,28631.89933333333,1,1,0,0,Observance,0.5,,,0.0,0.0,0.0,,warm,,
2026-02-15,Groceries,37828.24,38,1629.88,6,2,Sunday,1,7,15,2026,1,0,0,0,0,0,0.8660254037844386,0.5000000000000001,-0.7818314824680299,0.6234898018587334,33044.55,30026.67,27335.8,28041.394285714287,28981.64733333333,1,0,1,0,Hinduism,0.5,,,0.0,0.0,0.0,,warm,,
2026-02-16,Groceries,22954.5,20,2027.56,0,2,Monday,1,8,16,2026,0,0,0,0,0,0,0.8660254037844386,0.5000000000000001,0.0,1.0,25986.68,27151.18,35577.44,27608.225714285716,28560.882666666665,0,1,1,1,None,0.25,,,0.0,0.0,0.0,,warm,,
2026-02-17,Groceries,27388.26,31,2073.7,1,2,Tuesday,1,8,17,2026,0,0,0,0,0,0,0.8660254037844386,0.5000000000000001,0.7818314824680298,0.6234898018587336,24664.96,29018.36,35072.34,27997.26857142857,28304.746666666662,1,0,0,0,Observance,0.5,,,0.0,0.0,0.0,,warm,,
2026-02-18,Groceries,23207.94,26,1770.69,2,2,Wednesday,1,8,18,2026,0,0,0,0,0,0,0.8660254037844386,0.5000000000000001,0.9749279121818236,-0.22252093395631434,26048.83,25452.55,25298.95,27591.42714285714,28235.046333333335,0,1,1,1,None,0.25,,,0.0,0.0,0.0,,warm,,
2026-02-19,Groceries,26577.03,22,1156.01,3,2,Thursday,1,8,19,2026,0,0,0,0,0,0,0.8660254037844386,0.5000000000000001,0.43388373911755823,-0.900968867902419,29317.41,26465.91,22666.83,27199.944285714282,28365.386333333336,1,0,0,0,Optional holiday,0.5,,,0.0,0.0,0.0,,warm,,
2026-02-20,Groceries,24433.79,24,2345.66,4,2,Friday,1,8,20,2026,0,0,0,0,0,0,0.8660254037844386,0.5000000000000001,-0.433883739117558,-0.9009688679024191,20597.98,25601.88,21570.25,27747.917142857146,28460.837666666666,0,0,1,11,None,0.15,,,0.0,0.0,0.0,,warm,,
2026-02-21,Groceries,38958.45,42,2046.8,5,2,Saturday,1,8,21,2026,1,0,0,0,0,0,0.8660254037844386,0.5000000000000001,-0.9749279121818236,-0.2225209339563146,31845.66,35036.41,27599.76,28764.03,28839.46066666667,0,0,0,10,None,0.0,,,0.0,0.0,0.0,,warm,,
2026-02-22,Groceries,34840.69,30,2109.74,6,2,Sunday,1,8,22,2026,1,0,0,0,0,0,0.8660254037844386,0.5000000000000001,-0.7818314824680299,0.6234898018587334,37828.24,33044.55,30393.27,28337.23714285714,28987.708,0,0,0,9,None,0.0,,,0.0,0.0,0.0,,warm,,
2026-02-23,Groceries,23668.25,22,1221.85,0,2,Monday,1,9,23,2026,0,0,0,0,0,0,0.8660254037844386,0.5000000000000001,0.0,1.0,22954.5,25986.68,39020.1,28439.201428571425,28475.979666666666,0,0,0,8,None,0.0,,,0.0,0.0,0.0,,warm,,
2026-02-24,Groceries,29153.15,35,2111.79,1,2,Tuesday,1,9,24,2026,0,0,0,0,0,0,0.8660254037844386,0.5000000000000001,0.7818314824680298,0.6234898018587336,27388.26,24664.96,40545.18,28691.32857142857,28096.245333333332,0,0,0,7,None,0.0,,,0.0,0.0,0.0,,warm,,
2026-02-25,Groceries,25754.48,23,848.13,2,2,Wednesday,1,9,25,2026,0,1,0,0,0,0,0.8660254037844386,0.5000000000000001,0.9749279121818236,-0.22252093395631434,23207.94,26048.83,22570.96,29055.12,28202.362666666668,0,0,0,6,None,0.0,,,0.0,0.0,0.0,,warm,,
2026-02-26,Groceries,22805.04,25,1438.44,3,2,Thursday,1,9,26,2026,0,1,0,0,0,0,0.8660254037844386,0.5000000000000001,0.43388373911755823,-0.900968867902419,26577.03,29317.41,27964.26,28516.264285714286,28030.38866666667,0,0,0,5,None,0.0,,,0.0,0.0,0.0,,warm,,
2026-02-27,Groceries,22992.05,24,777.35,4,2,Friday,1,9,27,2026,0,1,0,0,0,0,0.8660254037844386,0.5000000000000001,-0.433883739117558,-0.9009688679024191,24433.79,20597.98,28753.33,28310.301428571427,27838.345999999998,0,0,0,4,None,0.0,,,0.0,0.0,0.0,,warm,,
2026-02-28,Groceries,25568.19,21,1928.94,5,2,Saturday,1,9,28,2026,1,1,0,0,0,0,0.8660254037844386,0.5000000000000001,-0.9749279121818236,-0.2225209339563146,38958.45,31845.66,26139.72,26397.407142857144,27819.295,0,0,0,3,None,0.3,,,0.0,0.0,0.0,,warm,,
2026-03-01,Groceries,35491.29,38,1586.94,6,3,Sunday,1,9,1,2026,1,0,1,0,0,0,1.0,6.123233995736766e-17,-0.7818314824680299,0.6234898018587334,34840.69,37828.24,25671.48,26490.350000000002,28146.622,0,0,0,2,None,0.3,,,0.0,0.0,0.0,,warm,,
2026-03-02,Groceries,25733.89,24,734.57,0,3,Monday,1,10,2,2026,0,0,1,0,0,0,1.0,6.123233995736766e-17,0.0,1.0,23668.25,22954.5,32518.28,26785.441428571434,27920.47566666667,0,1,0,1,None,0.25,,,0.0,0.0,0.0,,warm,,
2026-03-03,Groceries,27911.85,23,2261.54,1,3,Tuesday,1,10,3,2026,0,0,1,0,0,0,1.0,6.123233995736766e-17,0.7818314824680298,0.6234898018587336,29153.15,27388.26,30026.67,26608.112857142853,27849.98166666667,1,1,0,0,Optional holiday,0.5,,,0.0,0.0,0.0,,warm,,
2026-03-04,Groceries,22460.45,22,1972.62,2,3,Wednesday,1,10,4,2026,0,0,1,0,0,0,1.0,6.123233995736766e-17,0.9749279121818236,-0.22252093395631434,25754.48,23207.94,27151.18,26137.537142857145,27693.624,1,0,1,0,National holiday,0.5,,,0.0,0.0,0.0,,warm,,
2026-03-05,Groceries,24082.43,27,2029.65,3,3,Thursday,1,10,5,2026,0,0,1,0,0,0,1.0,6.123233995736766e-17,0.43388373911755823,-0.900968867902419,22805.04,26577.03,29018.36,26320.02142857143,27529.093,0,0,1,14,None,0.15,,,0.0,0.0,0.0,,warm,,
2026-03-06,Groceries,26091.4,30,1071.52,4,3,Friday,1,10,6,2026,0,0,0,0,0,0,1.0,6.123233995736766e-17,-0.433883739117558,-0.9009688679024191,22992.05,24433.79,25452.55,26762.785714285714,27550.387999999995,0,0,0,13,None,0.0,,,0.0,0.0,0.0,,warm,,
2026-03-07,Groceries,40694.05,44,1583.72,5,3,Saturday,1,10,7,2026,1,0,0,0,0,0,1.0,6.123233995736766e-17,-0.9749279121818236,-0.2225209339563146,25568.19,38958.45,26465.91,28923.62285714286,28024.659333333333,0,0,0,12,None,0.0,,,0.0,0.0,0.0,,warm,,
2026-03-08,Groceries,31569.87,36,1058.06,6,3,Sunday,1,10,8,2026,1,0,0,0,0,0,1.0,6.123233995736766e-17,-0.7818314824680299,0.6234898018587334,35491.29,34840.69,25601.88,28363.420000000002,28223.592333333334,0,0,0,11,None,0.0,,,0.0,0.0,0.0,,warm,,
2026-03-09,Groceries,29061.7,26,1399.64,0,3,Monday,1,11,9,2026,0,0,0,0,0,0,1.0,6.123233995736766e-17,0.0,1.0,25733.89,23668.25,35036.41,28838.821428571428,28024.435333333335,0,0,0,10,None,0.0,,,0.0,0.0,0.0,,warm,,
2026-03-10,Groceries,27207.77,29,1009.91,1,3,Tuesday,1,11,10,2026,0,0,0,0,0,0,1.0,6.123233995736766e-17,0.7818314824680298,0.6234898018587336,27911.85,29153.15,33044.55,28738.238571428574,27829.875999999997,0,0,0,9,None,0.0,,,0.0,0.0,0.0,,warm,,
2026-03-11,Groceries,23120.52,19,1364.33,2,3,Wednesday,1,11,11,2026,0,0,0,0,0,0,1.0,6.123233995736766e-17,0.9749279121818236,-0.22252093395631434,22460.45,25754.48,25986.68,28832.534285714286,27734.337333333333,0,0,0,8,None,0.0,,,0.0,0.0,0.0,,warm,,
2026-03-12,Groceries,27298.07,31,1619.14,3,3,Thursday,1,11,12,2026,0,0,0,0,0,0,1.0,6.123233995736766e-17,0.43388373911755823,-0.900968867902419,24082.43,22805.04,24664.96,29291.911428571428,27822.107666666667,0,0,0,7,None,0.0,,,0.0,0.0,0.0,,warm,,
2026-03-13,Groceries,28202.54,24,2411.51,4,3,Friday,1,11,13,2026,0,0,0,0,0,0,1.0,6.123233995736766e-17,-0.433883739117558,-0.9009688679024191,26091.4,22992.05,26048.83,29593.50285714286,27893.897999999997,0,0,0,6,None,0.0,,,0.0,0.0,0.0,,warm,,
2026-03-14,Groceries,31578.02,27,2009.22,5,3,Saturday,1,11,14,2026,1,0,0,0,0,0,1.0,6.123233995736766e-17,-0.9749279121818236,-0.2225209339563146,40694.05,25568.19,29317.41,28291.212857142855,27969.251666666663,0,0,0,5,None,0.0,,,0.0,0.0,0.0,,warm,,
2026-03-15,Groceries,35179.65,32,1582.72,6,3,Sunday,1,11,15,2026,1,0,0,0,0,0,1.0,6.123233995736766e-17,-0.7818314824680299,0.6234898018587334,31569.87,35491.29,20597.98,28806.895714285718,28455.307333333334,0,0,0,4,None,0.0,,,0.0,0.0,0.0,,warm,,
2026-03-16,Groceries,24800.9,20,2309.81,0,3,Monday,1,12,16,2026,0,0,0,0,0,0,1.0,6.123233995736766e-17,0.0,1.0,29061.7,25733.89,31845.66,28198.21,28220.482000000004,0,0,0,3,None,0.3,,,0.0,0.0,0.0,,warm,,
2026-03-17,Groceries,27464.32,26,1464.88,1,3,Tuesday,1,12,17,2026,0,0,0,0,0,0,1.0,6.123233995736766e-17,0.7818314824680298,0.6234898018587336,27207.77,27911.85,37828.24,28234.860000000004,27875.017999999996,0,0,0,2,None,0.3,,,0.0,0.0,0.0,,warm,,
2026-03-18,Groceries,25485.96,22,1973.28,2,3,Wednesday,1,12,18,2026,0,0,0,0,0,0,1.0,6.123233995736766e-17,0.9749279121818236,-0.22252093395631434,23120.52,22460.45,22954.5,28572.78,27959.400000000005,0,1,0,1,None,0.25,,,0.0,0.0,0.0,,warm,,
2026-03-19,Groceries,28293.99,32,940.03,3,3,Thursday,1,12,19,2026,0,0,0,0,0,0,1.0,6.123233995736766e-17,0.43388373911755823,-0.900968867902419,27298.07,24082.43,27388.26,28715.054285714286,27989.591000000004,1,1,0,0,Hinduism,0.5,,,0.0,0.0,0.0,,warm,,
2026-03-20,Groceries,19695.36,16,1207.88,4,3,Friday,1,12,20,2026,0,0,0,0,0,0,1.0,6.123233995736766e-17,-0.433883739117558,-0.9009688679024191,28202.54,26091.4,23207.94,27499.742857142857,27872.505,1,1,1,0,Optional holiday,0.5,,,0.0,0.0,0.0,,warm,,
2026-03-21,Groceries,32046.38,31,730.96,5,3,Saturday,1,12,21,2026,1,0,0,0,0,0,1.0,6.123233995736766e-17,-0.9749279121818236,-0.2225209339563146,31578.02,40694.05,26577.03,27566.65142857143,28054.816666666666,1,0,1,0,National holiday,0.5,,,0.0,0.0,0.0,,warm,,
2026-03-22,Groceries,32427.82,35,1154.03,6,3,Sunday,1,12,22,2026,1,0,0,0,0,0,1.0,6.123233995736766e-17,-0.7818314824680299,0.6234898018587334,35179.65,31569.87,24433.79,27173.532857142854,28321.284333333333,0,0,1,4,None,0.15,,,0.0,0.0,0.0,,warm,,
2026-03-23,Groceries,28803.29,24,2310.84,0,3,Monday,1,13,23,2026,0,0,0,0,0,0,1.0,6.123233995736766e-17,0.0,1.0,24800.9,29061.7,38958.45,27745.302857142855,27982.779,0,0,0,3,None,0.3,,,0.0,0.0,0.0,,warm,,
2026-03-24,Groceries,22740.75,19,2266.68,1,3,Tuesday,1,13,24,2026,0,0,0,0,0,0,1.0,6.123233995736766e-17,0.7818314824680298,0.6234898018587336,27464.32,27207.77,34840.69,27070.507142857143,27579.447666666667,0,0,0,2,None,0.3,,,0.0,0.0,0.0,,warm,,
2026-03-25,Groceries,25502.9,27,1397.65,2,3,Wednesday,1,13,25,2026,0,1,0,0,0,0,1.0,6.123233995736766e-17,0.9749279121818236,-0.22252093395631434,25485.96,23120.52,23668.25,27072.92714285714,27640.60266666667,0,1,0,1,None,0.25,,,0.0,0.0,0.0,,warm,,
2026-03-26,Groceries,27178.24,25,1384.81,3,3,Thursday,1,13,26,2026,0,1,0,0,0,0,1.0,6.123233995736766e-17,0.43388373911755823,-0.900968867902419,28293.99,27298.07,29153.15,26913.53428571429,27574.772333333334,1,0,0,0,National holiday,0.5,,,0.0,0.0,0.0,,warm,,
2026-03-27,Groceries,23305.64,27,1724.6,4,3,Friday,1,13,27,2026,0,1,0,0,0,0,1.0,6.123233995736766e-17,-0.433883739117558,-0.9009688679024191,19695.36,28202.54,25754.48,27429.28857142857,27493.144333333337,0,0,1,4,None,0.15,,,0.0,0.0,0.0,,warm,,
2026-03-28,Groceries,35892.18,30,1219.88,5,3,Saturday,1,13,28,2026,1,1,0,0,0,0,1.0,6.123233995736766e-17,-0.9749279121818236,-0.2225209339563146,32046.38,31578.02,22805.04,27978.68857142857,27929.38233333333,0,0,0,3,None,0.3,,,0.0,0.0,0.0,,warm,,
2026-03-29,Groceries,40162.1,47,912.31,6,3,Sunday,1,13,29,2026,1,1,0,0,0,0,1.0,6.123233995736766e-17,-0.7818314824680299,0.6234898018587334,32427.82,35179.65,22992.05,29083.585714285717,28501.717333333334,0,0,0,2,None,0.3,,,0.0,0.0,0.0,,warm,,
2026-03-30,Groceries,19568.33,22,771.8,0,3,Monday,1,14,30,2026,0,1,0,0,0,0,1.0,6.123233995736766e-17,0.0,1.0,28803.29,24800.9,25568.19,27764.305714285718,28301.722,0,1,0,1,None,0.25,,,0.0,0.0,0.0,,warm,,
2026-03-31,Groceries,25476.25,21,1071.62,1,3,Tuesday,1,14,31,2026,0,1,0,0,0,0,1.0,6.123233995736766e-17,0.7818314824680298,0.6234898018587336,22740.75,27464.32,35491.29,28155.09142857143,27967.887333333332,1,0,0,0,National holiday,0.5,,,0.0,0.0,0.0,,warm,,
2026-04-01,Groceries,22819.97,22,2223.74,2,4,Wednesday,2,14,1,2026,0,0,1,0,1,0,0.8660254037844387,-0.4999999999999998,0.9749279121818236,-0.22252093395631434,25502.9,25485.96,25733.89,27771.815714285716,27870.756666666664,0,1,1,1,None,0.25,,,0.0,0.0,0.0,,warm,,
2026-04-02,Groceries,22967.12,27,2177.71,3,4,Thursday,2,14,2,2026,0,0,1,0,1,0,0.8660254037844387,-0.4999999999999998,0.43388373911755823,-0.900968867902419,27178.24,28293.99,27911.85,27170.227142857144,27705.932333333334,1,1,0,0,Observance,0.5,,,0.0,0.0,0.0,,warm,,
2026-04-03,Groceries,21208.73,22,2343.11,4,4,Friday,2,14,3,2026,0,0,1,0,1,0,0.8660254037844387,-0.4999999999999998,-0.433883739117558,-0.9009688679024191,23305.64,19695.36,22460.45,26870.66857142857,27664.208333333332,1,0,1,0,National holiday,0.5,,,0.0,0.0,0.0,,warm,,
2026-04-04,Groceries,25624.24,26,832.8,5,4,Saturday,2,14,4,2026,1,0,1,0,1,0,0.8660254037844387,-0.4999999999999998,-0.9749279121818236,-0.2225209339563146,35892.18,32046.38,24082.43,25403.820000000003,27715.602,0,1,1,1,None,0.25,,,0.0,0.0,0.0,,warm,,
2026-04-05,Groceries,28888.46,28,928.33,6,4,Sunday,2,14,5,2026,1,0,1,0,1,0,0.8660254037844387,-0.4999999999999998,-0.7818314824680299,0.6234898018587334,40162.1,32427.82,26091.4,23793.3,27808.837333333337,1,0,0,0,Optional holiday,0.5,,,0.0,0.0,0.0,,warm,,
2026-04-06,Groceries,22314.83,19,1160.7,0,4,Monday,2,15,6,2026,0,0,0,0,1,0,0.8660254037844387,-0.4999999999999998,0.0,1.0,19568.33,28803.29,40694.05,24185.657142857144,27196.196666666667,0,0,1,8,None,0.15,,,0.0,0.0,0.0,,warm,,
2026-04-07,Groceries,19860.09,18,1073.38,1,4,Tuesday,2,15,7,2026,0,0,0,0,1,0,0.8660254037844387,-0.4999999999999998,0.7818314824680298,0.6234898018587336,25476.25,22740.75,31569.87,23383.34857142857,26805.870666666666,0,0,0,7,None,0.0,,,0.0,0.0,0.0,,warm,,
2026-04-08,Groceries,23274.86,21,1554.55,2,4,Wednesday,2,15,8,2026,0,0,0,0,1,0,0.8660254037844387,-0.4999999999999998,0.9749279121818236,-0.22252093395631434,22819.97,25502.9,29061.7,23448.332857142854,26612.976,0,0,0,6,None,0.0,,,0.0,0.0,0.0,,warm,,
2026-04-09,Groceries,21410.3,20,1605.92,3,4,Thursday,2,15,9,2026,0,0,0,0,1,0,0.8660254037844387,-0.4999999999999998,0.43388373911755823,-0.900968867902419,22967.12,27178.24,27207.77,23225.93,26419.727000000003,0,0,0,5,None,0.0,,,0.0,0.0,0.0,,warm,,
2026-04-10,Groceries,20876.24,17,706.23,4,4,Friday,2,15,10,2026,0,0,0,0,1,0,0.8660254037844387,-0.4999999999999998,-0.433883739117558,-0.9009688679024191,21208.73,23305.64,23120.52,23178.43142857143,26344.917666666668,0,0,0,4,None,0.0,,,0.0,0.0,0.0,,warm,,
2026-04-11,Groceries,26901.27,22,1925.49,5,4,Saturday,2,15,11,2026,1,0,0,0,1,0,0.8660254037844387,-0.4999999999999998,-0.9749279121818236,-0.2225209339563146,25624.24,35892.18,27298.07,23360.864285714284,26331.691,0,0,0,3,None,0.3,,,0.0,0.0,0.0,,warm,,
2026-04-12,Groceries,28581.25,27,1630.04,6,4,Sunday,2,15,12,2026,1,0,0,0,1,0,0.8660254037844387,-0.4999999999999998,-0.7818314824680299,0.6234898018587334,28888.46,40162.1,28202.54,23316.977142857144,26344.31466666667,0,0,0,2,None,0.3,,,0.0,0.0,0.0,,warm,,
2026-04-13,Groceries,18052.47,18,2344.0,0,4,Monday,2,16,13,2026,0,0,0,0,1,0,0.8660254037844387,-0.4999999999999998,0.0,1.0,22314.83,19568.33,31578.02,22708.06857142857,25893.463,0,1,0,1,None,0.25,,,0.0,0.0,0.0,,warm,,
2026-04-14,Groceries,19651.67,22,2071.3,1,4,Tuesday,2,16,14,2026,0,0,0,0,1,0,0.8660254037844387,-0.4999999999999998,0.7818314824680298,0.6234898018587336,19860.09,25476.25,35179.65,22678.294285714284,25375.863666666668,1,1,0,0,Optional holiday,0.5,,,0.0,0.0,0.0,,warm,,
2026-04-15,Groceries,20909.72,21,859.26,2,4,Wednesday,2,16,15,2026,0,0,0,0,1,0,0.8660254037844387,-0.4999999999999998,0.9749279121818236,-0.22252093395631434,23274.86,22819.97,24800.9,22340.417142857146,25246.157666666666,1,0,1,0,Optional holiday,0.5,,,0.0,0.0,0.0,,warm,,
2026-04-16,Groceries,19558.45,17,1917.76,3,4,Thursday,2,16,16,2026,0,0,0,0,1,0,0.8660254037844387,-0.4999999999999998,0.43388373911755823,-0.900968867902419,21410.3,22967.12,27464.32,22075.867142857143,24982.62866666667,0,0,1,15,None,0.15,,,0.0,0.0,0.0,,warm,,
2026-04-17,Groceries,19744.64,22,937.65,4,4,Friday,2,16,17,2026,0,0,0,0,1,0,0.8660254037844387,-0.4999999999999998,-0.433883739117558,-0.9009688679024191,20876.24,21208.73,25485.96,21914.21,24791.25133333333,0,0,0,14,None,0.0,,,0.0,0.0,0.0,,warm,,
2026-04-18,Groceries,30146.9,31,2349.97,5,4,Saturday,2,16,18,2026,1,0,0,0,1,0,0.8660254037844387,-0.4999999999999998,-0.9749279121818236,-0.2225209339563146,26901.27,25624.24,28293.99,22377.87142857143,24853.015,0,0,0,13,None,0.0,,,0.0,0.0,0.0,,warm,,
2026-04-19,Groceries,33312.56,34,2466.52,6,4,Sunday,2,16,19,2026,1,0,0,0,1,0,0.8660254037844387,-0.4999999999999998,-0.7818314824680299,0.6234898018587334,28581.25,28888.46,19695.36,23053.772857142856,25306.92166666667,0,0,0,12,None,0.0,,,0.0,0.0,0.0,,warm,,
2026-04-20,Groceries,19721.8,21,998.4,0,4,Monday,2,17,20,2026,0,0,0,0,1,0,0.8660254037844387,-0.4999999999999998,0.0,1.0,18052.47,22314.83,32046.38,23292.24857142857,24896.102333333332,0,0,0,11,None,0.0,,,0.0,0.0,0.0,,warm,,
2026-04-21,Groceries,20772.18,20,2441.29,1,4,Tuesday,2,17,21,2026,0,0,0,0,1,0,0.8660254037844387,-0.4999999999999998,0.7818314824680298,0.6234898018587336,19651.67,19860.09,32427.82,23452.321428571428,24507.581000000002,0,0,0,10,None,0.0,,,0.0,0.0,0.0,,warm,,
2025-04-22,HomeDecor,12451.45,11,765.18,1,4,Tuesday,2,17,22,2025,0,0,0,0,1,0,0.8660254037844387,-0.4999999999999998,0.7818314824680298,0.6234898018587336,,,,12451.45,12451.45,0,0,0,254,None,0.0,,,0.0,0.0,0.0,,warm,,
2025-04-23,HomeDecor,13441.76,11,1932.52,2,4,Wednesday,2,17,23,2025,0,0,0,0,1,0,0.8660254037844387,-0.4999999999999998,0.9749279121818236,-0.22252093395631434,,,,12946.605,12946.605,0,0,0,253,None,0.0,,,0.0,0.0,0.0,,warm,,
2025-04-24,HomeDecor,10550.73,10,1127.96,3,4,Thursday,2,17,24,2025,0,0,0,0,1,0,0.8660254037844387,-0.4999999999999998,0.43388373911755823,-0.900968867902419,,,,12147.980000000001,12147.980000000001,0,0,0,252,None,0.0,,,0.0,0.0,0.0,,warm,,
2025-04-25,HomeDecor,10949.31,13,1986.49,4,4,Friday,2,17,25,2025,0,1,0,0,1,0,0.8660254037844387,-0.4999999999999998,-0.433883739117558,-0.9009688679024191,,,,11848.3125,11848.3125,0,0,0,251,None,0.0,,,0.0,0.0,0.0,,warm,,
2025-04-26,HomeDecor,16275.48,16,1696.97,5,4,Saturday,2,17,26,2025,1,1,0,0,1,0,0.8660254037844387,-0.4999999999999998,-0.9749279121818236,-0.2225209339563146,,,,12733.746,12733.746,0,0,0,250,None,0.0,,,0.0,0.0,0.0,,warm,,
2025-04-27,HomeDecor,16710.42,16,1128.15,6,4,Sunday,2,17,27,2025,1,1,0,0,1,0,0.8660254037844387,-0.4999999999999998,-0.7818314824680299,0.6234898018587334,,,,13396.525,13396.525,0,0,0,249,None,0.0,,,0.0,0.0,0.0,,warm,,
2025-04-28,HomeDecor,13798.74,12,735.66,0,4,Monday,2,18,28,2025,0,1,0,0,1,0,0.8660254037844387,-0.4999999999999998,0.0,1.0,,,,13453.984285714285,13453.984285714285,0,0,0,248,None,0.0,,,0.0,0.0,0.0,,warm,,
2025-04-29,HomeDecor,13001.0,14,1900.77,1,4,Tuesday,2,18,29,2025,0,1,0,0,1,0,0.8660254037844387,-0.4999999999999998,0.7818314824680298,0.6234898018587336,12451.45,,,13532.49142857143,13397.36125,0,0,0,247,None,0.0,,,0.0,0.0,0.0,,warm,,
2025-04-30,HomeDecor,10864.88,9,2265.1,2,4,Wednesday,2,18,30,2025,0,1,0,0,1,0,0.8660254037844387,-0.4999999999999998,0.9749279121818236,-0.22252093395631434,13441.76,,,13164.365714285714,13115.974444444444,0,0,0,246,None,0.0,,,0.0,0.0,0.0,,warm,,
2025-05-01,HomeDecor,10502.12,8,1666.6,3,5,Thursday,2,18,1,2025,0,0,1,0,1,0,0.49999999999999994,-0.8660254037844387,0.43388373911755823,-0.900968867902419,10550.73,,,13157.421428571428,12854.589,0,0,0,245,None,0.0,,,0.0,0.0,0.0,,warm,,
2025-05-02,HomeDecor,14064.52,16,2035.99,4,5,Friday,2,18,2,2025,0,0,1,0,1,0,0.49999999999999994,-0.8660254037844387,-0.433883739117558,-0.9009688679024191,10949.31,,,13602.451428571429,12964.582727272727,0,0,0,244,None,0.0,,,0.0,0.0,0.0,,warm,,
2025-05-03,HomeDecor,18891.66,18,1605.32,5,5,Saturday,2,18,3,2025,1,0,1,0,1,0,0.49999999999999994,-0.8660254037844387,-0.9749279121818236,-0.2225209339563146,16275.48,,,13976.191428571428,13458.505833333335,0,0,0,243,None,0.0,,,0.0,0.0,0.0,,warm,,
2025-05-04,HomeDecor,18611.06,15,1817.83,6,5,Sunday,2,18,4,2025,1,0,1,0,1,0,0.49999999999999994,-0.8660254037844387,-0.7818314824680299,0.6234898018587334,16710.42,,,14247.71142857143,13854.856153846154,0,0,0,242,None,0.0,,,0.0,0.0,0.0,,warm,,
2025-05-05,HomeDecor,11927.47,10,939.44,0,5,Monday,2,19,5,2025,0,0,1,0,1,0,0.49999999999999994,-0.8660254037844387,0.0,1.0,13798.74,,,13980.387142857144,13717.185714285715,0,0,0,241,None,0.0,,,0.0,0.0,0.0,,warm,,
2025-05-06,HomeDecor,9409.82,10,1624.82,1,5,Tuesday,2,19,6,2025,0,0,0,0,1,0,0.49999999999999994,-0.8660254037844387,0.7818314824680298,0.6234898018587336,13001.0,12451.45,,13467.361428571428,13430.028,0,0,0,240,None,0.0,,,0.0,0.0,0.0,,warm,,
2025-05-07,HomeDecor,10215.85,10,1054.96,2,5,Wednesday,2,19,7,2025,0,0,0,0,1,0,0.49999999999999994,-0.8660254037844387,0.9749279121818236,-0.22252093395631434,10864.88,13441.76,,13374.642857142857,13229.141875,0,0,0,239,None,0.0,,,0.0,0.0,0.0,,warm,,
2025-05-08,HomeDecor,11719.17,13,843.94,3,5,Thursday,2,19,8,2025,0,0,0,0,1,0,0.49999999999999994,-0.8660254037844387,0.43388373911755823,-0.900968867902419,10502.12,10550.73,,13548.507142857143,13140.32,0,0,0,238,None,0.0,,,0.0,0.0,0.0,,warm,,
2025-05-09,HomeDecor,13404.42,11,1986.87,4,5,Friday,2,19,9,2025,0,0,0,0,1,0,0.49999999999999994,-0.8660254037844387,-0.433883739117558,-0.9009688679024191,14064.52,10949.31,,13454.207142857142,13154.992222222221,0,0,0,237,None,0.0,,,0.0,0.0,0.0,,warm,,
2025-05-10,HomeDecor,16537.58,17,1026.92,5,5,Saturday,2,19,10,2025,1,0,0,0,1,0,0.49999999999999994,-0.8660254037844387,-0.9749279121818236,-0.2225209339563146,18891.66,16275.48,,13117.910000000002,13333.023157894737,0,0,0,236,None,0.0,,,0.0,0.0,0.0,,warm,,
2025-05-11,HomeDecor,16808.72,18,728.06,6,5,Sunday,2,19,11,2025,1,0,0,0,1,0,0.49999999999999994,-0.8660254037844387,-0.7818314824680299,0.6234898018587334,18611.06,16710.42,,12860.432857142858,13506.808,0,0,0,235,None,0.0,,,0.0,0.0,0.0,,warm,,
2025-05-12,HomeDecor,12544.36,10,2377.48,0,5,Monday,2,20,12,2025,0,0,0,0,1,0,0.49999999999999994,-0.8660254037844387,0.0,1.0,11927.47,13798.74,,12948.56,13460.977142857144,0,0,0,234,None,0.0,,,0.0,0.0,0.0,,warm,,
2025-05-13,HomeDecor,12655.08,12,1404.8,1,5,Tuesday,2,20,13,2025,0,0,0,0,1,0,0.49999999999999994,-0.8660254037844387,0.7818314824680298,0.6234898018587336,9409.82,13001.0,,13412.168571428572,13424.345454545453,0,0,0,233,None,0.0,,,0.0,0.0,0.0,,warm,,
2025-05-14,HomeDecor,12504.74,14,1072.45,2,5,Wednesday,2,20,14,2025,0,0,0,0,1,0,0.49999999999999994,-0.8660254037844387,0.9749279121818236,-0.22252093395631434,10215.85,10864.88,,13739.152857142859,13384.362608695654,0,0,0,232,None,0.0,,,0.0,0.0,0.0,,warm,,
2025-05-15,HomeDecor,13708.71,12,786.03,3,5,Thursday,2,20,15,2025,0,0,0,0,1,0,0.49999999999999994,-0.8660254037844387,0.43388373911755823,-0.900968867902419,11719.17,10502.12,,14023.372857142856,13397.877083333333,0,0,0,231,None,0.0,,,0.0,0.0,0.0,,warm,,
2025-05-16,HomeDecor,13498.24,12,1006.12,4,5,Friday,2,20,16,2025,0,0,0,0,1,0,0.49999999999999994,-0.8660254037844387,-0.433883739117558,-0.9009688679024191,13404.42,14064.52,,14036.775714285715,13401.891599999999,0,0,0,230,None,0.0,,,0.0,0.0,0.0,,warm,,
2025-05-17,HomeDecor,16345.89,14,2418.9,5,5,Saturday,2,20,17,2025,1,0,0,0,1,0,0.49999999999999994,-0.8660254037844387,-0.9749279121818236,-0.2225209339563146,16537.58,18891.66,,14009.391428571429,13515.122307692307,0,0,0,229,None,0.0,,,0.0,0.0,0.0,,warm,,
2025-05-18,HomeDecor,15629.94,14,715.82,6,5,Sunday,2,20,18,2025,1,0,0,0,1,0,0.49999999999999994,-0.8660254037844387,-0.7818314824680299,0.6234898018587334,16808.72,18611.06,,13840.994285714285,13593.448888888888,0,0,0,228,None,0.0,,,0.0,0.0,0.0,,warm,,
2025-05-19,HomeDecor,11180.65,12,730.19,0,5,Monday,2,21,19,2025,0,0,0,0,1,0,0.49999999999999994,-0.8660254037844387,0.0,1.0,12544.36,11927.47,,13646.17857142857,13507.2775,0,0,0,227,None,0.0,,,0.0,0.0,0.0,,warm,,
2025-05-20,HomeDecor,13081.35,15,1396.53,1,5,Tuesday,2,21,20,2025,0,0,0,0,1,0,0.49999999999999994,-0.8660254037844387,0.7818314824680298,0.6234898018587336,12655.08,9409.82,,13707.074285714285,13492.590344827586,0,0,0,226,None,0.0,,,0.0,0.0,0.0,,warm,,
2025-05-21,HomeDecor,13128.66,13,848.67,2,5,Wednesday,2,21,21,2025,0,0,0,0,1,0,0.49999999999999994,-0.8660254037844387,0.9749279121818236,-0.22252093395631434,12504.74,10215.85,,13796.205714285714,13480.459333333334,0,0,0,225,None,0.0,,,0.0,0.0,0.0,,warm,,
2025-05-22,HomeDecor,13123.67,15,739.2,3,5,Thursday,2,21,22,2025,0,0,0,0,1,0,0.49999999999999994,-0.8660254037844387,0.43388373911755823,-0.900968867902419,13708.71,11719.17,12451.45,13712.628571428571,13502.866666666667,0,0,0,224,None,0.0,,,0.0,0.0,0.0,,warm,,
2025-05-23,HomeDecor,13587.11,13,2184.12,4,5,Friday,2,21,23,2025,0,0,0,0,1,0,0.49999999999999994,-0.8660254037844387,-0.433883739117558,-0.9009688679024191,13498.24,13404.42,13441.76,13725.324285714285,13507.711666666666,0,0,0,223,None,0.0,,,0.0,0.0,0.0,,warm,,
2025-05-24,HomeDecor,18870.71,22,2383.97,5,5,Saturday,2,21,24,2025,1,0,0,0,1,0,0.49999999999999994,-0.8660254037844387,-0.9749279121818236,-0.2225209339563146,16345.89,16537.58,10550.73,14086.012857142856,13785.044333333333,0,0,0,222,None,0.0,,,0.0,0.0,0.0,,warm,,
2025-05-25,HomeDecor,15915.13,16,986.83,6,5,Sunday,2,21,25,2025,1,1,0,0,1,0,0.49999999999999994,-0.8660254037844387,-0.7818314824680299,0.6234898018587334,15629.94,16808.72,10949.31,14126.754285714285,13950.571666666667,0,0,0,221,None,0.0,,,0.0,0.0,0.0,,warm,,
2025-05-26,HomeDecor,13102.78,15,606.74,0,5,Monday,2,22,26,2025,0,1,0,0,1,0,0.49999999999999994,-0.8660254037844387,0.0,1.0,11180.65,12544.36,16275.48,14401.344285714285,13844.815,0,0,0,220,None,0.0,,,0.0,0.0,0.0,,warm,,
2025-05-27,HomeDecor,16218.22,18,742.96,1,5,Tuesday,2,22,27,2025,0,1,0,0,1,0,0.49999999999999994,-0.8660254037844387,0.7818314824680298,0.6234898018587336,13081.35,12655.08,16710.42,14849.468571428572,13828.408333333333,0,0,0,219,None,0.0,,,0.0,0.0,0.0,,warm,,
2025-05-28,HomeDecor,12465.08,15,1185.69,2,5,Wednesday,2,22,28,2025,0,1,0,0,1,0,0.49999999999999994,-0.8660254037844387,0.9749279121818236,-0.22252093395631434,13128.66,12504.74,13798.74,14754.67142857143,13783.953,0,0,0,218,None,0.0,,,0.0,0.0,0.0,,warm,,
2025-05-29,HomeDecor,10818.57,10,2450.29,3,5,Thursday,2,22,29,2025,0,1,0,0,1,0,0.49999999999999994,-0.8660254037844387,0.43388373911755823,-0.900968867902419,13123.67,13708.71,13001.0,14425.371428571429,13711.205333333333,0,0,0,217,None,0.0,,,0.0,0.0,0.0,,warm,,
2025-05-30,HomeDecor,12970.81,13,2086.53,4,5,Friday,2,22,30,2025,0,1,0,0,1,0,0.49999999999999994,-0.8660254037844387,-0.433883739117558,-0.9009688679024191,13587.11,13498.24,10864.88,14337.328571428572,13781.402999999998,0,0,0,216,None,0.0,,,0.0,0.0,0.0,,warm,,
2025-05-31,HomeDecor,15245.16,18,2231.33,5,5,Saturday,2,22,31,2025,1,1,0,0,1,0,0.49999999999999994,-0.8660254037844387,-0.9749279121818236,-0.2225209339563146,18870.71,16345.89,10502.12,13819.392857142857,13939.504333333334,0,0,0,215,None,0.0,,,0.0,0.0,0.0,,warm,,
2025-06-01,HomeDecor,14841.19,15,1129.35,6,6,Sunday,2,22,1,2025,1,0,1,0,1,0,1.2246467991473532e-16,-1.0,-0.7818314824680299,0.6234898018587334,15915.13,15629.94,14064.52,13665.972857142857,13965.393333333335,0,0,0,214,None,0.0,,,0.0,0.0,0.0,,warm,,
2025-06-02,HomeDecor,17662.23,21,819.15,0,6,Monday,2,23,2,2025,0,0,1,0,1,0,1.2246467991473532e-16,-1.0,0.0,1.0,13102.78,11180.65,18891.66,14317.322857142857,13924.412333333334,0,0,0,213,None,0.0,,,0.0,0.0,0.0,,warm,,
2025-06-03,HomeDecor,12348.03,12,1751.8,1,6,Tuesday,2,23,3,2025,0,0,1,0,1,0,1.2246467991473532e-16,-1.0,0.7818314824680298,0.6234898018587336,16218.22,13081.35,18611.06,13764.43857142857,13715.644666666667,0,0,0,212,None,0.0,,,0.0,0.0,0.0,,warm,,
2025-06-04,HomeDecor,12854.39,11,1905.03,2,6,Wednesday,2,23,4,2025,0,0,1,0,1,0,1.2246467991473532e-16,-1.0,0.9749279121818236,-0.22252093395631434,12465.08,13128.66,11927.47,13820.054285714285,13746.542,0,0,0,211,None,0.0,,,0.0,0.0,0.0,,warm,,
2025-06-05,HomeDecor,12148.29,10,2211.23,3,6,Thursday,2,23,5,2025,0,0,1,0,1,0,1.2246467991473532e-16,-1.0,0.43388373911755823,-0.900968867902419,10818.57,13123.67,9409.82,14010.014285714287,13837.824333333334,0,0,0,210,None,0.0,,,0.0,0.0,0.0,,warm,,
2025-06-06,HomeDecor,13616.49,15,964.5,4,6,Friday,2,23,6,2025,0,0,0,0,1,0,1.2246467991473532e-16,-1.0,-0.433883739117558,-0.9009688679024191,12970.81,13587.11,10215.85,14102.254285714285,13951.179,0,0,0,209,None,0.0,,,0.0,0.0,0.0,,warm,,
2025-06-07,HomeDecor,20902.76,26,1177.36,5,6,Saturday,2,23,7,2025,1,0,0,0,1,0,1.2246467991473532e-16,-1.0,-0.9749279121818236,-0.2225209339563146,15245.16,18870.71,11719.17,14910.482857142857,14257.298666666667,0,0,0,208,None,0.0,,,0.0,0.0,0.0,,warm,,
2025-06-08,HomeDecor,18679.75,17,1499.05,6,6,Sunday,2,23,8,2025,1,0,0,0,1,0,1.2246467991473532e-16,-1.0,-0.7818314824680299,0.6234898018587334,14841.19,15915.13,13404.42,15458.848571428573,14433.143000000002,0,0,0,207,None,0.0,,,0.0,0.0,0.0,,warm,,
2025-06-09,HomeDecor,11219.62,9,1046.25,0,6,Monday,2,24,9,2025,0,0,0,0,1,0,1.2246467991473532e-16,-1.0,0.0,1.0,17662.23,13102.78,16537.58,14538.475714285714,14255.877666666667,0,0,0,206,None,0.0,,,0.0,0.0,0.0,,warm,,
2025-06-10,HomeDecor,13266.35,11,738.37,1,6,Tuesday,2,24,10,2025,0,0,0,0,1,0,1.2246467991473532e-16,-1.0,0.7818314824680298,0.6234898018587336,12348.03,16218.22,16808.72,14669.664285714285,14137.798666666666,0,0,0,205,None,0.0,,,0.0,0.0,0.0,,warm,,
2025-06-11,HomeDecor,10812.8,9,1906.48,2,6,Wednesday,2,24,11,2025,0,0,0,0,1,0,1.2246467991473532e-16,-1.0,0.9749279121818236,-0.22252093395631434,12854.39,12465.08,12544.36,14378.00857142857,14080.079999999998,0,0,0,204,None,0.0,,,0.0,0.0,0.0,,warm,,
2025-06-12,HomeDecor,13737.66,16,1659.07,3,6,Thursday,2,24,12,2025,0,0,0,0,1,0,1.2246467991473532e-16,-1.0,0.43388373911755823,-0.900968867902419,12148.29,10818.57,12655.08,14605.061428571427,14116.166000000001,0,0,0,203,None,0.0,,,0.0,0.0,0.0,,warm,,
2025-06-13,HomeDecor,12427.98,11,2148.51,4,6,Friday,2,24,13,2025,0,0,0,0,1,0,1.2246467991473532e-16,-1.0,-0.433883739117558,-0.9009688679024191,13616.49,12970.81,12504.74,14435.274285714286,14113.607333333332,0,0,0,202,None,0.0,,,0.0,0.0,0.0,,warm,,
2025-06-14,HomeDecor,17437.54,14,1069.76,5,6,Saturday,2,24,14,2025,1,0,0,0,1,0,1.2246467991473532e-16,-1.0,-0.9749279121818236,-0.2225209339563146,20902.76,15245.16,13708.71,13940.242857142859,14237.901666666667,0,0,0,201,None,0.0,,,0.0,0.0,0.0,,warm,,
2025-06-15,HomeDecor,15523.08,16,1045.54,6,6,Sunday,2,24,15,2025,1,0,0,0,1,0,1.2246467991473532e-16,-1.0,-0.7818314824680299,0.6234898018587334,18679.75,14841.19,13498.24,13489.290000000003,14305.396333333334,0,0,0,200,None,0.0,,,0.0,0.0,0.0,,warm,,
2025-06-16,HomeDecor,12258.73,13,722.03,0,6,Monday,2,25,16,2025,0,0,0,0,1,0,1.2246467991473532e-16,-1.0,0.0,1.0,11219.62,17662.23,16345.89,13637.734285714285,14169.157666666666,0,0,0,199,None,0.0,,,0.0,0.0,0.0,,warm,,
2025-06-17,HomeDecor,15469.62,14,2397.52,1,6,Tuesday,2,25,17,2025,0,0,0,0,1,0,1.2246467991473532e-16,-1.0,0.7818314824680298,0.6234898018587336,13266.35,12348.03,15629.94,13952.487142857144,14163.813666666667,0,0,0,198,None,0.0,,,0.0,0.0,0.0,,warm,,
2025-06-18,HomeDecor,11956.06,11,2221.55,2,6,Wednesday,2,25,18,2025,0,0,0,0,1,0,1.2246467991473532e-16,-1.0,0.9749279121818236,-0.22252093395631434,10812.8,12854.39,11180.65,14115.81,14189.660666666667,0,0,0,197,None,0.0,,,0.0,0.0,0.0,,warm,,
2025-06-19,HomeDecor,13205.19,12,1522.72,3,6,Thursday,2,25,19,2025,0,0,0,0,1,0,1.2246467991473532e-16,-1.0,0.43388373911755823,-0.900968867902419,13737.66,12148.29,13081.35,14039.742857142857,14193.788666666667,0,0,0,196,None,0.0,,,0.0,0.0,0.0,,warm,,
2025-06-20,HomeDecor,13552.78,12,1614.83,4,6,Friday,2,25,20,2025,0,0,0,0,1,0,1.2246467991473532e-16,-1.0,-0.433883739117558,-0.9009688679024191,12427.98,13616.49,13128.66,14200.42857142857,14207.926,0,0,0,195,None,0.0,,,0.0,0.0,0.0,,warm,,
2025-06-21,HomeDecor,17176.52,18,1320.3,5,6,Saturday,2,25,21,2025,1,0,0,0,1,0,1.2246467991473532e-16,-1.0,-0.9749279121818236,-0.2225209339563146,17437.54,20902.76,13123.67,14163.14,14343.021,0,0,0,194,None,0.0,,,0.0,0.0,0.0,,warm,,
2025-06-22,HomeDecor,16864.48,20,1493.58,6,6,Sunday,2,25,22,2025,1,0,0,0,1,0,1.2246467991473532e-16,-1.0,-0.7818314824680299,0.6234898018587334,15523.08,18679.75,13587.11,14354.76857142857,14452.266666666666,0,0,0,193,None,0.0,,,0.0,0.0,0.0,,warm,,
2025-06-23,HomeDecor,14414.49,17,2404.26,0,6,Monday,2,26,23,2025,0,0,0,0,1,0,1.2246467991473532e-16,-1.0,0.0,1.0,12258.73,11219.62,18870.71,14662.734285714285,14303.725999999999,0,0,0,192,None,0.0,,,0.0,0.0,0.0,,warm,,
2025-06-24,HomeDecor,12584.07,13,1483.56,1,6,Tuesday,2,26,24,2025,0,0,0,0,1,0,1.2246467991473532e-16,-1.0,0.7818314824680298,0.6234898018587336,15469.62,13266.35,15915.13,14250.512857142856,14192.690666666665,0,0,0,191,None,0.0,,,0.0,0.0,0.0,,warm,,
2025-06-25,HomeDecor,11467.33,11,805.39,2,6,Wednesday,2,26,25,2025,0,1,0,0,1,0,1.2246467991473532e-16,-1.0,0.9749279121818236,-0.22252093395631434,11956.06,10812.8,13102.78,14180.694285714286,14138.175666666668,0,0,0,190,None,0.0,,,0.0,0.0,0.0,,warm,,
2025-06-26,HomeDecor,13551.14,12,1912.17,3,6,Thursday,2,26,26,2025,0,1,0,0,1,0,1.2246467991473532e-16,-1.0,0.43388373911755823,-0.900968867902419,13205.19,13737.66,16218.22,14230.115714285714,14049.273,0,0,0,189,None,0.0,,,0.0,0.0,0.0,,warm,,
2025-06-27,HomeDecor,13993.28,12,2087.01,4,6,Friday,2,26,27,2025,0,1,0,0,1,0,1.2246467991473532e-16,-1.0,-0.433883739117558,-0.9009688679024191,13552.78,12427.98,12465.08,14293.044285714286,14100.213,0,0,0,188,None,0.0,,,0.0,0.0,0.0,,warm,,
2025-06-28,HomeDecor,16242.19,15,800.52,5,6,Saturday,2,26,28,2025,1,1,0,0,1,0,1.2246467991473532e-16,-1.0,-0.9749279121818236,-0.2225209339563146,17176.52,17437.54,10818.57,14159.56857142857,14281.000333333333,0,0,0,187,None,0.0,,,0.0,0.0,0.0,,warm,,
2025-06-29,HomeDecor,16401.73,17,1770.23,6,6,Sunday,2,26,29,2025,1,1,0,0,1,0,1.2246467991473532e-16,-1.0,-0.7818314824680299,0.6234898018587334,16864.48,15523.08,12970.81,14093.46142857143,14395.364333333333,0,0,0,186,None,0.0,,,0.0,0.0,0.0,,warm,,
2025-06-30,HomeDecor,12477.85,14,1129.96,0,6,Monday,2,27,30,2025,0,1,0,0,1,0,1.2246467991473532e-16,-1.0,0.0,1.0,14414.49,12258.73,15245.16,13816.798571428571,14303.120666666666,0,0,0,185,None,0.0,,,0.0,0.0,0.0,,warm,,
2025-07-01,HomeDecor,14971.48,15,945.5,1,7,Tuesday,3,27,1,2025,0,0,1,0,0,1,-0.4999999999999997,-0.8660254037844388,0.7818314824680298,0.6234898018587336,12584.07,15469.62,14841.19,14157.857142857143,14307.463666666667,0,0,0,184,None,0.0,,,0.0,0.0,0.0,,warm,,
2025-07-02,HomeDecor,13759.15,12,2401.32,2,7,Wednesday,3,27,2,2025,0,0,1,0,0,1,-0.4999999999999997,-0.8660254037844388,0.9749279121818236,-0.22252093395631434,11467.33,11956.06,17662.23,14485.26,14177.361,0,0,0,183,None,0.0,,,0.0,0.0,0.0,,warm,,
2025-07-03,HomeDecor,16035.22,15,1451.53,3,7,Thursday,3,27,3,2025,0,0,1,0,0,1,-0.4999999999999997,-0.8660254037844388,0.43388373911755823,-0.900968867902419,13551.14,13205.19,12348.03,14840.128571428573,14300.267333333331,0,0,0,182,None,0.0,,,0.0,0.0,0.0,,warm,,
2025-07-04,HomeDecor,13840.49,12,1608.75,4,7,Friday,3,27,4,2025,0,0,1,0,0,1,-0.4999999999999997,-0.8660254037844388,-0.433883739117558,-0.9009688679024191,13993.28,13552.78,12854.39,14818.301428571429,14333.137333333334,0,0,0,181,None,0.0,,,0.0,0.0,0.0,,warm,,
2025-07-05,HomeDecor,24610.19,28,1970.44,5,7,Saturday,3,27,5,2025,1,0,1,0,0,1,-0.4999999999999997,-0.8660254037844388,-0.9749279121818236,-0.2225209339563146,16242.19,17176.52,12148.29,16013.73,14748.533999999998,0,0,0,180,None,0.0,,,0.0,0.0,0.0,,warm,,
2025-07-06,HomeDecor,18613.2,19,1976.71,6,7,Sunday,3,27,6,2025,1,0,0,0,0,1,-0.4999999999999997,-0.8660254037844388,-0.7818314824680299,0.6234898018587334,16401.73,16864.48,13616.49,16329.654285714287,14915.090999999999,0,0,0,179,None,0.0,,,0.0,0.0,0.0,,warm,,
2025-07-07,HomeDecor,13861.3,17,1945.24,0,7,Monday,3,28,7,2025,0,0,0,0,0,1,-0.4999999999999997,-0.8660254037844388,0.0,1.0,12477.85,14414.49,20902.76,16527.29,14680.375666666665,0,0,0,178,None,0.0,,,0.0,0.0,0.0,,warm,,
2025-07-08,HomeDecor,14134.64,13,794.92,1,7,Tuesday,3,28,8,2025,0,0,0,0,0,1,-0.4999999999999997,-0.8660254037844388,0.7818314824680298,0.6234898018587336,14971.48,12584.07,18679.75,16407.74142857143,14528.872,0,0,0,177,None,0.0,,,0.0,0.0,0.0,,warm,,
2025-07-09,HomeDecor,16769.16,16,816.77,2,7,Wednesday,3,28,9,2025,0,0,0,0,0,1,-0.4999999999999997,-0.8660254037844388,0.9749279121818236,-0.22252093395631434,13759.15,11467.33,11219.62,16837.742857142857,14713.856666666665,0,0,0,176,None,0.0,,,0.0,0.0,0.0,,warm,,
2025-07-10,HomeDecor,16856.72,17,761.84,3,7,Thursday,3,28,10,2025,0,0,0,0,0,1,-0.4999999999999997,-0.8660254037844388,0.43388373911755823,-0.900968867902419,16035.22,13551.14,13266.35,16955.1,14833.535666666667,0,0,0,175,None,0.0,,,0.0,0.0,0.0,,warm,,
2025-07-11,HomeDecor,14324.9,14,1455.98,4,7,Friday,3,28,11,2025,0,0,0,0,0,1,-0.4999999999999997,-0.8660254037844388,-0.433883739117558,-0.9009688679024191,13840.49,13993.28,10812.8,17024.301428571427,14950.605666666668,0,0,0,174,None,0.0,,,0.0,0.0,0.0,,warm,,
2025-07-12,HomeDecor,21291.74,18,788.54,5,7,Saturday,3,28,12,2025,1,0,0,0,0,1,-0.4999999999999997,-0.8660254037844388,-0.9749279121818236,-0.2225209339563146,24610.19,16242.19,13737.66,16550.237142857142,15202.408333333333,0,0,0,173,None,0.0,,,0.0,0.0,0.0,,warm,,
2025-07-13,HomeDecor,20922.94,23,605.08,6,7,Sunday,3,28,13,2025,1,0,0,0,0,1,-0.4999999999999997,-0.8660254037844388,-0.7818314824680299,0.6234898018587334,18613.2,16401.73,12427.98,16880.2,15485.573666666667,0,0,0,172,None,0.0,,,0.0,0.0,0.0,,warm,,
2025-07-14,HomeDecor,15101.28,14,735.24,0,7,Monday,3,29,14,2025,0,0,0,0,0,1,-0.4999999999999997,-0.8660254037844388,0.0,1.0,13861.3,12477.85,17437.54,17057.34,15407.698333333334,0,0,0,171,None,0.0,,,0.0,0.0,0.0,,warm,,
2025-07-15,HomeDecor,15968.06,18,2325.98,1,7,Tuesday,3,29,15,2025,0,0,0,0,0,1,-0.4999999999999997,-0.8660254037844388,0.7818314824680298,0.6234898018587336,14134.64,14971.48,15523.08,17319.257142857143,15422.530999999999,0,0,0,170,None,0.0,,,0.0,0.0,0.0,,warm,,
2025-07-16,HomeDecor,12361.89,12,836.27,2,7,Wednesday,3,29,16,2025,0,0,0,0,0,1,-0.4999999999999997,-0.8660254037844388,0.9749279121818236,-0.22252093395631434,16769.16,13759.15,12258.73,16689.647142857142,15425.969666666668,0,0,0,169,None,0.0,,,0.0,0.0,0.0,,warm,,
2025-07-17,HomeDecor,17253.54,21,2289.9,3,7,Thursday,3,29,17,2025,0,0,0,0,0,1,-0.4999999999999997,-0.8660254037844388,0.43388373911755823,-0.900968867902419,16856.72,16035.22,15469.62,16746.335714285717,15485.433666666666,0,0,0,168,None,0.0,,,0.0,0.0,0.0,,warm,,
2025-07-18,HomeDecor,14916.68,18,2499.19,4,7,Friday,3,29,18,2025,0,0,0,0,0,1,-0.4999999999999997,-0.8660254037844388,-0.433883739117558,-0.9009688679024191,14324.9,13840.49,11956.06,16830.875714285714,15584.121000000001,0,0,0,167,None,0.0,,,0.0,0.0,0.0,,warm,,
2025-07-19,HomeDecor,17608.45,18,944.83,5,7,Saturday,3,29,19,2025,1,0,0,0,0,1,-0.4999999999999997,-0.8660254037844388,-0.9749279121818236,-0.2225209339563146,21291.74,24610.19,13205.19,16304.691428571428,15730.896333333332,0,0,0,166,None,0.0,,,0.0,0.0,0.0,,warm,,
2025-07-20,HomeDecor,18105.09,21,2229.69,6,7,Sunday,3,29,20,2025,1,0,0,0,0,1,-0.4999999999999997,-0.8660254037844388,-0.7818314824680299,0.6234898018587334,20922.94,18613.2,13552.78,15902.141428571427,15882.640000000001,0,0,0,165,None,0.0,,,0.0,0.0,0.0,,warm,,
2025-07-21,HomeDecor,14204.61,16,1197.58,0,7,Monday,3,30,21,2025,0,0,0,0,0,1,-0.4999999999999997,-0.8660254037844388,0.0,1.0,15101.28,13861.3,17176.52,15774.045714285716,15783.576333333333,0,0,0,164,None,0.0,,,0.0,0.0,0.0,,warm,,
2025-07-22,HomeDecor,13203.18,12,1477.76,1,7,Tuesday,3,30,22,2025,0,0,0,0,0,1,-0.4999999999999997,-0.8660254037844388,0.7818314824680298,0.6234898018587336,15968.06,14134.64,16864.48,15379.062857142857,15661.533,0,0,0,163,None,0.0,,,0.0,0.0,0.0,,warm,,
2025-07-23,HomeDecor,14831.51,15,1643.52,2,7,Wednesday,3,30,23,2025,0,0,0,0,0,1,-0.4999999999999997,-0.8660254037844388,0.9749279121818236,-0.22252093395631434,12361.89,16769.16,14414.49,15731.865714285714,15675.433666666668,0,0,0,162,None,0.0,,,0.0,0.0,0.0,,warm,,
2025-07-24,HomeDecor,14136.27,12,900.92,3,7,Thursday,3,30,24,2025,0,0,0,0,0,1,-0.4999999999999997,-0.8660254037844388,0.43388373911755823,-0.900968867902419,17253.54,16856.72,12584.07,15286.541428571427,15727.173666666667,0,0,0,161,None,0.0,,,0.0,0.0,0.0,,warm,,
2025-07-25,HomeDecor,17467.45,19,1546.91,4,7,Friday,3,30,25,2025,0,1,0,0,0,1,-0.4999999999999997,-0.8660254037844388,-0.433883739117558,-0.9009688679024191,14916.68,14324.9,11467.33,15650.937142857143,15927.177666666666,0,0,0,160,None,0.0,,,0.0,0.0,0.0,,warm,,
2025-07-26,HomeDecor,22517.14,25,1328.81,5,7,Saturday,3,30,26,2025,1,1,0,0,0,1,-0.4999999999999997,-0.8660254037844388,-0.9749279121818236,-0.2225209339563146,17608.45,21291.74,13551.14,16352.17857142857,16226.044333333331,0,0,0,159,None,0.0,,,0.0,0.0,0.0,,warm,,
2025-07-27,HomeDecor,18718.39,17,1107.63,6,7,Sunday,3,30,27,2025,1,1,0,0,0,1,-0.4999999999999997,-0.8660254037844388,-0.7818314824680299,0.6234898018587334,18105.09,20922.94,13993.28,16439.79285714286,16383.548,0,0,0,158,None,0.0,,,0.0,0.0,0.0,,warm,,
2025-07-28,HomeDecor,16322.46,15,1623.3,0,7,Monday,3,31,28,2025,0,1,0,0,0,1,-0.4999999999999997,-0.8660254037844388,0.0,1.0,14204.61,15101.28,16242.19,16742.342857142856,16386.22366666667,0,0,0,157,None,0.0,,,0.0,0.0,0.0,,warm,,
2025-07-29,HomeDecor,17284.69,18,1686.42,1,7,Tuesday,3,31,29,2025,0,1,0,0,0,1,-0.4999999999999997,-0.8660254037844388,0.7818314824680298,0.6234898018587336,13203.18,15968.06,16401.73,17325.415714285715,16415.65566666667,0,0,0,156,None,0.0,,,0.0,0.0,0.0,,warm,,
2025-07-30,HomeDecor,12925.8,11,2105.55,2,7,Wednesday,3,31,30,2025,0,1,0,0,0,1,-0.4999999999999997,-0.8660254037844388,0.9749279121818236,-0.22252093395631434,14831.51,12361.89,12477.85,17053.17142857143,16430.587333333333,0,0,0,155,None,0.0,,,0.0,0.0,0.0,,warm,,
2025-07-31,HomeDecor,14024.04,16,2260.96,3,7,Thursday,3,31,31,2025,0,1,0,0,0,1,-0.4999999999999997,-0.8660254037844388,0.43388373911755823,-0.900968867902419,14136.27,17253.54,14971.48,17037.13857142857,16399.006,0,0,0,154,None,0.0,,,0.0,0.0,0.0,,warm,,
2025-08-01,HomeDecor,16504.29,19,1492.03,4,8,Friday,3,31,1,2025,0,0,1,0,0,1,-0.8660254037844385,-0.5000000000000004,-0.433883739117558,-0.9009688679024191,17467.45,14916.68,13759.15,16899.544285714284,16490.510666666665,0,0,0,153,None,0.0,,,0.0,0.0,0.0,,warm,,
2025-08-02,HomeDecor,22898.45,23,2412.87,5,8,Saturday,3,31,2,2025,1,0,1,0,0,1,-0.8660254037844385,-0.5000000000000004,-0.9749279121818236,-0.2225209339563146,22517.14,17608.45,16035.22,16954.017142857145,16719.285,0,0,0,152,None,0.0,,,0.0,0.0,0.0,,warm,,
2025-08-03,HomeDecor,26125.87,22,2349.77,6,8,Sunday,3,31,3,2025,1,0,1,0,0,1,-0.8660254037844385,-0.5000000000000004,-0.7818314824680299,0.6234898018587334,18718.39,18105.09,13840.49,18012.22857142857,17128.79766666667,0,0,0,151,None,0.0,,,0.0,0.0,0.0,,warm,,
2025-08-04,HomeDecor,16626.13,14,1168.99,0,8,Monday,3,32,4,2025,0,0,1,0,0,1,-0.8660254037844385,-0.5000000000000004,0.0,1.0,16322.46,14204.61,24610.19,18055.61,16862.662333333334,0,0,0,150,None,0.0,,,0.0,0.0,0.0,,warm,,
2025-08-05,HomeDecor,16372.23,15,1895.42,1,8,Tuesday,3,32,5,2025,0,0,1,0,0,1,-0.8660254037844385,-0.5000000000000004,0.7818314824680298,0.6234898018587336,17284.69,13203.18,18613.2,17925.25857142857,16787.963333333333,0,0,0,149,None,0.0,,,0.0,0.0,0.0,,warm,,
2025-08-06,HomeDecor,16826.7,15,871.92,2,8,Wednesday,3,32,6,2025,0,0,0,0,0,1,-0.8660254037844385,-0.5000000000000004,0.9749279121818236,-0.22252093395631434,12925.8,14831.51,13861.3,18482.530000000002,16886.81,0,0,0,148,None,0.0,,,0.0,0.0,0.0,,warm,,
2025-08-07,HomeDecor,16961.59,14,1638.54,3,8,Thursday,3,32,7,2025,0,0,0,0,0,1,-0.8660254037844385,-0.5000000000000004,0.43388373911755823,-0.900968867902419,14024.04,14136.27,14134.64,18902.18,16981.041666666668,0,0,0,147,None,0.0,,,0.0,0.0,0.0,,warm,,
2025-08-08,HomeDecor,13551.04,13,2206.08,4,8,Friday,3,32,8,2025,0,0,0,0,0,1,-0.8660254037844385,-0.5000000000000004,-0.433883739117558,-0.9009688679024191,16504.29,17467.45,16769.16,18480.28714285714,16873.771,0,0,0,146,None,0.0,,,0.0,0.0,0.0,,warm,,
2025-08-09,HomeDecor,22832.32,19,1160.94,5,8,Saturday,3,32,9,2025,1,0,0,0,0,1,-0.8660254037844385,-0.5000000000000004,-0.9749279121818236,-0.2225209339563146,22898.45,22517.14,16856.72,18470.84,17072.957666666665,0,0,0,145,None,0.0,,,0.0,0.0,0.0,,warm,,
2025-08-10,HomeDecor,25120.37,21,1543.78,6,8,Sunday,3,32,10,2025,1,0,0,0,0,1,-0.8660254037844385,-0.5000000000000004,-0.7818314824680299,0.6234898018587334,26125.87,18718.39,14324.9,18327.197142857145,17432.806666666664,0,0,0,144,None,0.0,,,0.0,0.0,0.0,,warm,,
2025-08-11,HomeDecor,17242.23,15,2035.6,0,8,Monday,3,33,11,2025,0,0,0,0,0,1,-0.8660254037844385,-0.5000000000000004,0.0,1.0,16626.13,16322.46,21291.74,18415.211428571427,17297.823,0,0,0,143,None,0.0,,,0.0,0.0,0.0,,warm,,
2025-08-12,HomeDecor,20162.19,24,1701.19,1,8,Tuesday,3,33,12,2025,0,0,0,0,0,1,-0.8660254037844385,-0.5000000000000004,0.7818314824680298,0.6234898018587336,16372.23,17284.69,20922.94,18956.634285714284,17272.464666666667,0,0,0,142,None,0.0,,,0.0,0.0,0.0,,warm,,
2025-08-13,HomeDecor,17367.28,17,1608.62,2,8,Wednesday,3,33,13,2025,0,0,0,0,0,1,-0.8660254037844385,-0.5000000000000004,0.9749279121818236,-0.22252093395631434,16826.7,12925.8,15101.28,19033.859999999997,17347.998,0,0,0,141,None,0.0,,,0.0,0.0,0.0,,warm,,
2025-08-14,HomeDecor,19492.93,20,2128.04,3,8,Thursday,3,33,14,2025,0,0,0,0,0,1,-0.8660254037844385,-0.5000000000000004,0.43388373911755823,-0.900968867902419,16961.59,14024.04,15968.06,19395.480000000003,17465.493666666665,0,0,0,140,None,0.0,,,0.0,0.0,0.0,,warm,,
2025-08-15,HomeDecor,20058.76,19,2437.81,4,8,Friday,3,33,15,2025,0,0,0,0,0,1,-0.8660254037844385,-0.5000000000000004,-0.433883739117558,-0.9009688679024191,13551.04,16504.29,12361.89,20325.154285714285,17722.056,0,0,0,139,None,0.0,,,0.0,0.0,0.0,,warm,,
2025-08-16,HomeDecor,24741.93,21,1098.11,5,8,Saturday,3,33,16,2025,1,0,0,0,0,1,-0.8660254037844385,-0.5000000000000004,-0.9749279121818236,-0.2225209339563146,22832.32,22898.45,17253.54,20597.955714285716,17971.669,0,0,0,138,None,0.0,,,0.0,0.0,0.0,,warm,,
2025-08-17,HomeDecor,22219.72,20,1223.21,6,8,Sunday,3,33,17,2025,1,0,0,0,0,1,-0.8660254037844385,-0.5000000000000004,-0.7818314824680299,0.6234898018587334,25120.37,26125.87,14916.68,20183.57714285714,18215.103666666666,0,0,0,137,None,0.0,,,0.0,0.0,0.0,,warm,,
2025-08-18,HomeDecor,19867.57,23,865.58,0,8,Monday,3,34,18,2025,0,0,0,0,0,1,-0.8660254037844385,-0.5000000000000004,0.0,1.0,17242.23,16626.13,17608.45,20558.625714285714,18290.407666666666,0,0,0,136,None,0.0,,,0.0,0.0,0.0,,warm,,
2025-08-19,HomeDecor,18679.14,18,1873.92,1,8,Tuesday,3,34,19,2025,0,0,0,0,0,1,-0.8660254037844385,-0.5000000000000004,0.7818314824680298,0.6234898018587336,20162.19,16372.23,18105.09,20346.761428571426,18309.542666666668,0,0,0,135,None,0.0,,,0.0,0.0,0.0,,warm,,
2025-08-20,HomeDecor,18744.18,17,1769.74,2,8,Wednesday,3,34,20,2025,0,0,0,0,0,1,-0.8660254037844385,-0.5000000000000004,0.9749279121818236,-0.22252093395631434,17367.28,16826.7,14204.61,20543.461428571427,18460.861666666668,0,0,0,134,None,0.0,,,0.0,0.0,0.0,,warm,,
2025-08-21,HomeDecor,20692.88,17,1297.94,3,8,Thursday,3,34,21,2025,0,0,0,0,0,1,-0.8660254037844385,-0.5000000000000004,0.43388373911755823,-0.900968867902419,19492.93,16961.59,13203.18,20714.882857142857,18710.518333333333,0,0,0,133,None,0.0,,,0.0,0.0,0.0,,warm,,
2025-08-22,HomeDecor,22402.35,24,1819.24,4,8,Friday,3,34,22,2025,0,0,0,0,0,1,-0.8660254037844385,-0.5000000000000004,-0.433883739117558,-0.9009688679024191,20058.76,13551.04,14831.51,21049.681428571428,18962.879666666668,0,0,0,132,None,0.0,,,0.0,0.0,0.0,,warm,,
2025-08-23,HomeDecor,24844.04,20,1652.99,5,8,Saturday,3,34,23,2025,1,0,0,0,0,1,-0.8660254037844385,-0.5000000000000004,-0.9749279121818236,-0.2225209339563146,24741.93,22832.32,14136.27,21064.268571428573,19319.805333333334,0,0,0,131,None,0.0,,,0.0,0.0,0.0,,warm,,
2025-08-24,HomeDecor,28171.44,32,2476.3,6,8,Sunday,3,34,24,2025,1,0,0,0,0,1,-0.8660254037844385,-0.5000000000000004,-0.7818314824680299,0.6234898018587334,22219.72,25120.37,17467.45,21914.514285714286,19676.605,0,0,0,130,None,0.0,,,0.0,0.0,0.0,,warm,,
2025-08-25,HomeDecor,19969.54,21,1718.82,0,8,Monday,3,35,25,2025,0,1,0,0,0,1,-0.8660254037844385,-0.5000000000000004,0.0,1.0,19867.57,17242.23,22517.14,21929.08142857143,19591.685,0,0,0,129,None,0.0,,,0.0,0.0,0.0,,warm,,
2025-08-26,HomeDecor,16178.21,15,2078.23,1,8,Tuesday,3,35,26,2025,0,1,0,0,0,1,-0.8660254037844385,-0.5000000000000004,0.7818314824680298,0.6234898018587336,18679.14,20162.19,18718.39,21571.805714285718,19507.012333333332,0,0,0,128,None,0.0,,,0.0,0.0,0.0,,warm,,
2025-08-27,HomeDecor,15668.86,15,1822.35,2,8,Wednesday,3,35,27,2025,0,1,0,0,0,1,-0.8660254037844385,-0.5000000000000004,0.9749279121818236,-0.22252093395631434,18744.18,17367.28,16322.46,21132.47428571429,19485.22566666667,0,0,0,127,None,0.0,,,0.0,0.0,0.0,,warm,,
2025-08-28,HomeDecor,17557.66,17,739.63,3,8,Thursday,3,35,28,2025,0,1,0,0,0,1,-0.8660254037844385,-0.5000000000000004,0.43388373911755823,-0.900968867902419,20692.88,19492.93,17284.69,20684.585714285717,19494.324666666667,0,0,0,126,None,0.0,,,0.0,0.0,0.0,,warm,,
2025-08-29,HomeDecor,19253.17,19,1323.72,4,8,Friday,3,35,29,2025,0,1,0,0,0,1,-0.8660254037844385,-0.5000000000000004,-0.433883739117558,-0.9009688679024191,22402.35,20058.76,12925.8,20234.70285714286,19705.237000000005,0,0,0,125,None,0.0,,,0.0,0.0,0.0,,warm,,
2025-08-30,HomeDecor,30553.26,26,1836.74,5,8,Saturday,3,35,30,2025,1,1,0,0,0,1,-0.8660254037844385,-0.5000000000000004,-0.9749279121818236,-0.2225209339563146,24844.04,24741.93,14024.04,21050.30571428571,20256.211,0,0,0,124,None,0.0,,,0.0,0.0,0.0,,warm,,
2025-08-31,HomeDecor,23949.2,20,780.66,6,8,Sunday,3,35,31,2025,1,1,0,0,0,1,-0.8660254037844385,-0.5000000000000004,-0.7818314824680299,0.6234898018587334,28171.44,22219.72,16504.29,20447.12857142857,20504.374666666667,0,0,0,123,None,0.0,,,0.0,0.0,0.0,,warm,,
2025-09-01,HomeDecor,16716.88,19,777.14,0,9,Monday,3,36,1,2025,0,0,1,0,0,1,-1.0,-1.8369701987210297e-16,0.0,1.0,19969.54,19867.57,22898.45,19982.462857142855,20298.322333333334,0,0,0,122,None,0.0,,,0.0,0.0,0.0,,warm,,
2025-09-02,HomeDecor,19964.71,17,832.24,1,9,Tuesday,3,36,2,2025,0,0,1,0,0,1,-1.0,-1.8369701987210297e-16,0.7818314824680298,0.6234898018587336,16178.21,18679.14,26125.87,20523.391428571427,20092.950333333334,0,0,0,121,None,0.0,,,0.0,0.0,0.0,,warm,,
2025-09-03,HomeDecor,15466.48,15,796.84,2,9,Wednesday,3,36,3,2025,0,0,1,0,0,1,-1.0,-1.8369701987210297e-16,0.9749279121818236,-0.22252093395631434,15668.86,18744.18,16626.13,20494.48,20054.29533333333,0,0,0,120,None,0.0,,,0.0,0.0,0.0,,warm,,
2025-09-04,HomeDecor,20288.8,17,1129.28,3,9,Thursday,3,36,4,2025,0,0,1,0,0,1,-1.0,-1.8369701987210297e-16,0.43388373911755823,-0.900968867902419,17557.66,20692.88,16372.23,20884.64285714286,20184.84766666667,0,0,0,119,None,0.0,,,0.0,0.0,0.0,,warm,,
2025-09-05,HomeDecor,15800.17,14,2365.26,4,9,Friday,3,36,5,2025,0,0,1,0,0,1,-1.0,-1.8369701987210297e-16,-0.433883739117558,-0.9009688679024191,19253.17,22402.35,16826.7,20391.35714285714,20150.63,0,0,0,118,None,0.0,,,0.0,0.0,0.0,,warm,,
2025-09-06,HomeDecor,25379.56,28,2252.74,5,9,Saturday,3,36,6,2025,1,0,0,0,0,1,-1.0,-1.8369701987210297e-16,-0.9749279121818236,-0.2225209339563146,30553.26,24844.04,16961.59,19652.257142857143,20431.229,0,0,0,117,None,0.0,,,0.0,0.0,0.0,,warm,,
2025-09-07,HomeDecor,25741.24,28,1314.77,6,9,Sunday,3,36,7,2025,1,0,0,0,0,1,-1.0,-1.8369701987210297e-16,-0.7818314824680299,0.6234898018587334,23949.2,28171.44,13551.04,19908.262857142858,20837.569,0,0,0,116,None,0.0,,,0.0,0.0,0.0,,warm,,
2025-09-08,HomeDecor,17667.18,21,895.6,0,9,Monday,3,37,8,2025,0,0,0,0,0,1,-1.0,-1.8369701987210297e-16,0.0,1.0,16716.88,19969.54,22832.32,20044.019999999997,20665.397666666668,0,0,0,115,None,0.0,,,0.0,0.0,0.0,,warm,,
2025-09-09,HomeDecor,15198.07,15,1119.02,1,9,Tuesday,3,37,9,2025,0,0,0,0,0,1,-1.0,-1.8369701987210297e-16,0.7818314824680298,0.6234898018587336,19964.71,16178.21,25120.37,19363.071428571428,20334.654333333332,0,0,0,114,None,0.0,,,0.0,0.0,0.0,,warm,,
2025-09-10,HomeDecor,21053.62,18,1186.0,2,9,Wednesday,3,37,10,2025,0,0,0,0,0,1,-1.0,-1.8369701987210297e-16,0.9749279121818236,-0.22252093395631434,15466.48,15668.86,17242.23,20161.234285714287,20461.700666666668,0,0,0,113,None,0.0,,,0.0,0.0,0.0,,warm,,
2025-09-11,HomeDecor,17932.26,15,1085.49,3,9,Thursday,3,37,11,2025,0,0,0,0,0,1,-1.0,-1.8369701987210297e-16,0.43388373911755823,-0.900968867902419,20288.8,17557.66,20162.19,19824.585714285717,20387.369666666666,0,0,0,112,None,0.0,,,0.0,0.0,0.0,,warm,,
2025-09-12,HomeDecor,17897.5,16,1661.57,4,9,Friday,3,37,12,2025,0,0,0,0,0,1,-1.0,-1.8369701987210297e-16,-0.433883739117558,-0.9009688679024191,15800.17,19253.17,17367.28,20124.204285714284,20405.043666666665,0,0,0,111,None,0.0,,,0.0,0.0,0.0,,warm,,
2025-09-13,HomeDecor,24715.2,29,2238.01,5,9,Saturday,3,37,13,2025,1,0,0,0,0,1,-1.0,-1.8369701987210297e-16,-0.9749279121818236,-0.2225209339563146,25379.56,30553.26,19492.93,20029.295714285716,20579.119333333336,0,0,0,110,None,0.0,,,0.0,0.0,0.0,,warm,,
2025-09-14,HomeDecor,22408.72,23,926.56,6,9,Sunday,3,37,14,2025,1,0,0,0,0,1,-1.0,-1.8369701987210297e-16,-0.7818314824680299,0.6234898018587334,25741.24,23949.2,20058.76,19553.221428571425,20657.451333333334,0,0,0,109,None,0.0,,,0.0,0.0,0.0,,warm,,
2025-09-15,HomeDecor,19852.48,18,1360.85,0,9,Monday,3,38,15,2025,0,0,0,0,0,1,-1.0,-1.8369701987210297e-16,0.0,1.0,17667.18,16716.88,24741.93,19865.407142857144,20494.469666666664,0,0,0,108,None,0.0,,,0.0,0.0,0.0,,warm,,
2025-09-16,HomeDecor,19825.87,17,816.65,1,9,Tuesday,3,38,16,2025,0,0,0,0,0,1,-1.0,-1.8369701987210297e-16,0.7818314824680298,0.6234898018587336,15198.07,19964.71,22219.72,20526.52142857143,20414.674666666666,0,0,0,107,None,0.0,,,0.0,0.0,0.0,,warm,,
2025-09-17,HomeDecor,18931.79,20,795.33,2,9,Wednesday,3,38,17,2025,0,0,0,0,0,1,-1.0,-1.8369701987210297e-16,0.9749279121818236,-0.22252093395631434,21053.62,15466.48,19867.57,20223.402857142857,20383.482000000004,0,0,0,106,None,0.0,,,0.0,0.0,0.0,,warm,,
2025-09-18,HomeDecor,15468.01,13,1538.82,3,9,Thursday,3,38,18,2025,0,0,0,0,0,1,-1.0,-1.8369701987210297e-16,0.43388373911755823,-0.900968867902419,17932.26,20288.8,18679.14,19871.367142857143,20276.444333333337,0,0,0,105,None,0.0,,,0.0,0.0,0.0,,warm,,
2025-09-19,HomeDecor,16291.08,14,1200.66,4,9,Friday,3,38,19,2025,0,0,0,0,0,1,-1.0,-1.8369701987210297e-16,-0.433883739117558,-0.9009688679024191,17897.5,15800.17,18744.18,19641.87857142857,20194.674333333332,0,0,0,104,None,0.0,,,0.0,0.0,0.0,,warm,,
2025-09-20,HomeDecor,26001.75,27,1477.31,5,9,Saturday,3,38,20,2025,1,0,0,0,0,1,-1.0,-1.8369701987210297e-16,-0.9749279121818236,-0.2225209339563146,24715.2,25379.56,20692.88,19825.67142857143,20371.636666666665,0,0,0,103,None,0.0,,,0.0,0.0,0.0,,warm,,
2025-09-21,HomeDecor,27092.73,24,1653.2,6,9,Sunday,3,38,21,2025,1,0,0,0,0,1,-1.0,-1.8369701987210297e-16,-0.7818314824680299,0.6234898018587334,22408.72,25741.24,22402.35,20494.815714285713,20527.982666666667,0,0,0,102,None,0.0,,,0.0,0.0,0.0,,warm,,
2025-09-22,HomeDecor,21262.41,20,886.64,0,9,Monday,3,39,22,2025,0,0,0,0,0,1,-1.0,-1.8369701987210297e-16,0.0,1.0,19852.48,17667.18,24844.04,20696.234285714287,20408.594999999998,0,0,0,101,None,0.0,,,0.0,0.0,0.0,,warm,,
2025-09-23,HomeDecor,19119.26,16,1431.74,1,9,Tuesday,3,39,23,2025,0,0,0,0,0,1,-1.0,-1.8369701987210297e-16,0.7818314824680298,0.6234898018587336,19825.87,15198.07,28171.44,20595.29,20106.855666666666,0,0,0,100,None,0.0,,,0.0,0.0,0.0,,warm,,
2025-09-24,HomeDecor,19117.21,19,1889.91,2,9,Wednesday,3,39,24,2025,0,0,0,0,0,1,-1.0,-1.8369701987210297e-16,0.9749279121818236,-0.22252093395631434,18931.79,21053.62,19969.54,20621.778571428575,20078.444666666666,0,0,0,99,None,0.0,,,0.0,0.0,0.0,,warm,,
2025-09-25,HomeDecor,19007.62,20,1975.09,3,9,Thursday,3,39,25,2025,0,1,0,0,0,1,-1.0,-1.8369701987210297e-16,0.43388373911755823,-0.900968867902419,15468.01,17932.26,16178.21,21127.437142857143,20172.758333333335,0,0,0,98,None,0.0,,,0.0,0.0,0.0,,warm,,
2025-09-26,HomeDecor,15010.27,15,1189.44,4,9,Friday,3,39,26,2025,0,1,0,0,0,1,-1.0,-1.8369701987210297e-16,-0.433883739117558,-0.9009688679024191,16291.08,17897.5,15668.86,20944.464285714286,20150.805333333334,0,0,0,97,None,0.0,,,0.0,0.0,0.0,,warm,,
2025-09-27,HomeDecor,21673.03,19,2104.16,5,9,Saturday,3,39,27,2025,1,1,0,0,0,1,-1.0,-1.8369701987210297e-16,-0.9749279121818236,-0.2225209339563146,26001.75,24715.2,17557.66,20326.075714285715,20287.984333333334,0,0,0,96,None,0.0,,,0.0,0.0,0.0,,warm,,
2025-09-28,HomeDecor,24372.31,24,634.64,6,9,Sunday,3,39,28,2025,1,1,0,0,0,1,-1.0,-1.8369701987210297e-16,-0.7818314824680299,0.6234898018587334,27092.73,22408.72,19253.17,19937.444285714282,20458.62233333333,0,0,0,95,None,0.0,,,0.0,0.0,0.0,,warm,,
2025-09-29,HomeDecor,17217.91,19,746.61,0,9,Monday,3,40,29,2025,0,1,0,0,0,1,-1.0,-1.8369701987210297e-16,0.0,1.0,21262.41,19852.48,30553.26,19359.65857142857,20014.110666666667,0,0,0,94,None,0.0,,,0.0,0.0,0.0,,warm,,
2025-09-30,HomeDecor,16389.71,14,848.99,1,9,Tuesday,3,40,30,2025,0,1,0,0,0,1,-1.0,-1.8369701987210297e-16,0.7818314824680298,0.6234898018587336,19119.26,19825.87,23949.2,18969.722857142857,19762.127666666664,0,0,0,93,None,0.0,,,0.0,0.0,0.0,,warm,,
2025-10-01,HomeDecor,24821.65,30,1380.63,2,10,Wednesday,4,40,1,2025,0,0,1,1,0,0,-0.8660254037844386,0.5000000000000001,0.9749279121818236,-0.22252093395631434,19117.21,18931.79,16716.88,19784.64285714286,20032.286666666667,0,0,0,92,None,0.0,,,0.0,0.0,0.0,,warm,,
2025-10-02,HomeDecor,24897.33,27,1187.99,3,10,Thursday,4,40,2,2025,0,0,1,1,0,0,-0.8660254037844386,0.5000000000000001,0.43388373911755823,-0.900968867902419,19007.62,15468.01,19964.71,20626.030000000002,20196.707333333332,0,0,0,91,None,0.0,,,0.0,0.0,0.0,,warm,,
2025-10-03,HomeDecor,21497.62,17,1325.56,4,10,Friday,4,40,3,2025,0,0,1,1,0,0,-0.8660254037844386,0.5000000000000001,-0.433883739117558,-0.9009688679024191,15010.27,16291.08,15466.48,21552.794285714284,20397.745333333332,0,0,0,90,None,0.0,,,0.0,0.0,0.0,,warm,,
2025-10-04,HomeDecor,29519.08,28,2260.82,5,10,Saturday,4,40,4,2025,1,0,1,1,0,0,-0.8660254037844386,0.5000000000000001,-0.9749279121818236,-0.2225209339563146,21673.03,26001.75,20288.8,22673.658571428572,20705.421333333335,0,0,0,89,None,0.0,,,0.0,0.0,0.0,,warm,,
2025-10-05,HomeDecor,30269.64,29,2320.08,6,10,Sunday,4,40,5,2025,1,0,1,1,0,0,-0.8660254037844386,0.5000000000000001,-0.7818314824680299,0.6234898018587334,24372.31,27092.73,15800.17,23516.134285714284,21187.737,0,0,0,88,None,0.0,,,0.0,0.0,0.0,,warm,,
2025-10-06,HomeDecor,22018.53,21,701.19,0,10,Monday,4,41,6,2025,0,0,0,1,0,0,-0.8660254037844386,0.5000000000000001,0.0,1.0,17217.91,21262.41,25379.56,24201.937142857143,21075.702666666664,0,0,0,87,None,0.0,,,0.0,0.0,0.0,,warm,,
2025-10-07,HomeDecor,22874.52,19,1834.93,1,10,Tuesday,4,41,7,2025,0,0,0,1,0,0,-0.8660254037844386,0.5000000000000001,0.7818314824680298,0.6234898018587336,16389.71,19119.26,25741.24,25128.338571428572,20980.145333333334,0,0,0,86,None,0.0,,,0.0,0.0,0.0,,warm,,
2025-10-08,HomeDecor,21305.26,20,1452.34,2,10,Wednesday,4,41,8,2025,0,0,0,1,0,0,-0.8660254037844386,0.5000000000000001,0.9749279121818236,-0.22252093395631434,24821.65,19117.21,17667.18,24625.99714285714,21101.414666666664,0,0,0,85,None,0.0,,,0.0,0.0,0.0,,warm,,
2025-10-09,HomeDecor,25696.13,25,811.26,3,10,Thursday,4,41,9,2025,0,0,0,1,0,0,-0.8660254037844386,0.5000000000000001,0.43388373911755823,-0.900968867902419,24897.33,19007.62,15198.07,24740.11142857143,21451.35,0,0,0,84,None,0.0,,,0.0,0.0,0.0,,warm,,
2025-10-10,HomeDecor,23924.1,27,2189.71,4,10,Friday,4,41,10,2025,0,0,0,1,0,0,-0.8660254037844386,0.5000000000000001,-0.433883739117558,-0.9009688679024191,21497.62,15010.27,21053.62,25086.75142857143,21547.032666666666,0,0,0,83,None,0.0,,,0.0,0.0,0.0,,warm,,
2025-10-11,HomeDecor,28513.65,35,1768.14,5,10,Saturday,4,41,11,2025,1,0,0,1,0,0,-0.8660254037844386,0.5000000000000001,-0.9749279121818236,-0.2225209339563146,29519.08,21673.03,17932.26,24943.11857142857,21899.745666666666,0,0,0,82,None,0.0,,,0.0,0.0,0.0,,warm,,
2025-10-12,HomeDecor,36481.0,34,1633.76,6,10,Sunday,4,41,12,2025,1,0,0,1,0,0,-0.8660254037844386,0.5000000000000001,-0.7818314824680299,0.6234898018587334,30269.64,24372.31,17897.5,25830.455714285716,22519.195666666667,0,0,0,81,None,0.0,,,0.0,0.0,0.0,,warm,,
2025-10-13,HomeDecor,22425.46,27,1278.48,0,10,Monday,4,42,13,2025,0,0,0,1,0,0,-0.8660254037844386,0.5000000000000001,0.0,1.0,22018.53,17217.91,24715.2,25888.588571428572,22442.870999999996,0,0,0,80,None,0.0,,,0.0,0.0,0.0,,warm,,
2025-10-14,HomeDecor,25173.88,29,684.24,1,10,Tuesday,4,42,14,2025,0,0,0,1,0,0,-0.8660254037844386,0.5000000000000001,0.7818314824680298,0.6234898018587336,22874.52,16389.71,22408.72,26217.06857142857,22535.042999999998,0,0,0,79,None,0.0,,,0.0,0.0,0.0,,warm,,
2025-10-15,HomeDecor,24034.26,26,2141.85,2,10,Wednesday,4,42,15,2025,0,0,0,1,0,0,-0.8660254037844386,0.5000000000000001,0.9749279121818236,-0.22252093395631434,21305.26,24821.65,19852.48,26606.925714285717,22674.435666666664,0,0,0,78,None,0.0,,,0.0,0.0,0.0,,warm,,
2025-10-16,HomeDecor,24994.58,26,2373.4,3,10,Thursday,4,42,16,2025,0,0,0,1,0,0,-0.8660254037844386,0.5000000000000001,0.43388373911755823,-0.900968867902419,25696.13,24897.33,19825.87,26506.704285714284,22846.726000000002,0,0,0,77,None,0.0,,,0.0,0.0,0.0,,warm,,
2025-10-17,HomeDecor,25609.86,21,690.83,4,10,Friday,4,42,17,2025,0,0,0,1,0,0,-0.8660254037844386,0.5000000000000001,-0.433883739117558,-0.9009688679024191,23924.1,21497.62,18931.79,26747.527142857143,23069.32833333333,0,0,0,76,None,0.0,,,0.0,0.0,0.0,,warm,,
2025-10-18,HomeDecor,27893.56,27,1244.17,5,10,Saturday,4,42,18,2025,1,0,0,1,0,0,-0.8660254037844386,0.5000000000000001,-0.9749279121818236,-0.2225209339563146,28513.65,29519.08,15468.01,26658.942857142858,23483.51333333333,0,0,0,75,None,0.0,,,0.0,0.0,0.0,,warm,,
2025-10-19,HomeDecor,30955.46,36,1418.15,6,10,Sunday,4,42,19,2025,1,0,0,1,0,0,-0.8660254037844386,0.5000000000000001,-0.7818314824680299,0.6234898018587334,36481.0,30269.64,16291.08,25869.579999999998,23972.326,0,0,0,74,None,0.0,,,0.0,0.0,0.0,,warm,,
2025-10-20,HomeDecor,27367.32,23,1409.62,0,10,Monday,4,43,20,2025,0,0,0,1,0,0,-0.8660254037844386,0.5000000000000001,0.0,1.0,22425.46,22018.53,26001.75,26575.56,24017.844999999998,0,0,0,73,None,0.0,,,0.0,0.0,0.0,,warm,,
2025-10-21,HomeDecor,22285.59,26,742.58,1,10,Tuesday,4,43,21,2025,0,0,0,1,0,0,-0.8660254037844386,0.5000000000000001,0.7818314824680298,0.6234898018587336,25173.88,22874.52,27092.73,26162.947142857145,23857.607,0,0,0,72,None,0.0,,,0.0,0.0,0.0,,warm,,
2025-10-22,HomeDecor,22936.7,20,1888.37,2,10,Wednesday,4,43,22,2025,0,0,0,1,0,0,-0.8660254037844386,0.5000000000000001,0.9749279121818236,-0.22252093395631434,24034.26,21305.26,21262.41,26006.152857142857,23913.416666666668,0,0,0,71,None,0.0,,,0.0,0.0,0.0,,warm,,
2025-10-23,HomeDecor,25188.85,30,1749.68,3,10,Thursday,4,43,23,2025,0,0,0,1,0,0,-0.8660254037844386,0.5000000000000001,0.43388373911755823,-0.900968867902419,24994.58,25696.13,19119.26,26033.905714285713,24115.73633333333,0,0,0,70,None,0.0,,,0.0,0.0,0.0,,warm,,
2025-10-24,HomeDecor,22352.06,22,1197.33,4,10,Friday,4,43,24,2025,0,0,0,1,0,0,-0.8660254037844386,0.5000000000000001,-0.433883739117558,-0.9009688679024191,25609.86,23924.1,19117.21,25568.50571428571,24223.564666666665,0,0,0,69,None,0.0,,,0.0,0.0,0.0,,warm,,
2025-10-25,HomeDecor,31711.54,36,1097.38,5,10,Saturday,4,43,25,2025,1,1,0,1,0,0,-0.8660254037844386,0.5000000000000001,-0.9749279121818236,-0.2225209339563146,27893.56,28513.65,19007.62,26113.931428571428,24647.028666666665,0,0,0,68,None,0.0,,,0.0,0.0,0.0,,warm,,
2025-10-26,HomeDecor,28661.61,32,2220.37,6,10,Sunday,4,43,26,2025,1,1,0,1,0,0,-0.8660254037844386,0.5000000000000001,-0.7818314824680299,0.6234898018587334,30955.46,36481.0,15010.27,25786.238571428574,25102.07333333333,0,0,0,67,None,0.0,,,0.0,0.0,0.0,,warm,,
2025-10-27,HomeDecor,26654.93,22,723.38,0,10,Monday,4,44,27,2025,0,1,0,1,0,0,-0.8660254037844386,0.5000000000000001,0.0,1.0,27367.32,22425.46,21673.03,25684.46857142857,25268.136666666665,0,0,0,66,None,0.0,,,0.0,0.0,0.0,,warm,,
2025-10-28,HomeDecor,23047.51,23,1566.64,1,10,Tuesday,4,44,28,2025,0,1,0,1,0,0,-0.8660254037844386,0.5000000000000001,0.7818314824680298,0.6234898018587336,22285.59,25173.88,24372.31,25793.31428571429,25223.97666666667,0,0,0,65,None,0.0,,,0.0,0.0,0.0,,warm,,
2025-10-29,HomeDecor,22315.16,21,2126.96,2,10,Wednesday,4,44,29,2025,0,1,0,1,0,0,-0.8660254037844386,0.5000000000000001,0.9749279121818236,-0.22252093395631434,22936.7,24034.26,17217.91,25704.522857142852,25393.885000000002,0,0,0,64,None,0.0,,,0.0,0.0,0.0,,warm,,
2025-10-30,HomeDecor,23507.34,23,2061.41,3,10,Thursday,4,44,30,2025,0,1,0,1,0,0,-0.8660254037844386,0.5000000000000001,0.43388373911755823,-0.900968867902419,25188.85,24994.58,16389.71,25464.307142857146,25631.139333333336,0,0,0,63,None,0.0,,,0.0,0.0,0.0,,warm,,
2025-10-31,HomeDecor,22298.09,18,1647.48,4,10,Friday,4,44,31,2025,0,1,0,1,0,0,-0.8660254037844386,0.5000000000000001,-0.433883739117558,-0.9009688679024191,22352.06,25609.86,24821.65,25456.597142857147,25547.020666666667,0,0,0,62,None,0.0,,,0.0,0.0,0.0,,warm,,
2025-11-01,HomeDecor,26029.02,29,907.74,5,11,Saturday,4,44,1,2025,1,0,1,1,0,0,-0.5000000000000004,0.8660254037844384,-0.9749279121818236,-0.2225209339563146,31711.54,27893.56,24897.33,24644.808571428573,25584.74366666667,0,0,0,61,None,0.0,,,0.0,0.0,0.0,,warm,,
2025-11-02,HomeDecor,29019.72,30,837.82,6,11,Sunday,4,44,2,2025,1,0,1,1,0,0,-0.5000000000000004,0.8660254037844384,-0.7818314824680299,0.6234898018587334,28661.61,30955.46,21497.62,24695.967142857142,25835.480333333333,0,0,0,60,None,0.0,,,0.0,0.0,0.0,,warm,,
2025-11-03,HomeDecor,24210.93,21,1786.51,0,11,Monday,4,45,3,2025,0,0,1,1,0,0,-0.5000000000000004,0.8660254037844384,0.0,1.0,26654.93,27367.32,29519.08,24346.824285714283,25658.542,0,0,0,59,None,0.0,,,0.0,0.0,0.0,,warm,,
2025-11-04,HomeDecor,22491.89,24,1837.15,1,11,Tuesday,4,45,4,2025,0,0,1,1,0,0,-0.5000000000000004,0.8660254037844384,0.7818314824680298,0.6234898018587336,23047.51,22285.59,30269.64,24267.45,25399.283666666666,0,0,0,58,None,0.0,,,0.0,0.0,0.0,,warm,,
2025-11-05,HomeDecor,22560.49,23,1517.6,2,11,Wednesday,4,45,5,2025,0,0,1,1,0,0,-0.5000000000000004,0.8660254037844384,0.9749279121818236,-0.22252093395631434,22315.16,22936.7,22018.53,24302.49714285714,25417.349000000002,0,0,0,57,None,0.0,,,0.0,0.0,0.0,,warm,,
2025-11-06,HomeDecor,20246.35,22,1246.37,3,11,Thursday,4,45,6,2025,0,0,0,1,0,0,-0.5000000000000004,0.8660254037844384,0.43388373911755823,-0.900968867902419,23507.34,25188.85,22874.52,23836.641428571427,25329.743333333336,0,0,0,56,None,0.0,,,0.0,0.0,0.0,,warm,,
2025-11-07,HomeDecor,23788.31,22,1667.14,4,11,Friday,4,45,7,2025,0,0,0,1,0,0,-0.5000000000000004,0.8660254037844384,-0.433883739117558,-0.9009688679024191,22298.09,22352.06,21305.26,24049.53,25412.511666666665,0,0,0,55,None,0.0,,,0.0,0.0,0.0,,warm,,
2025-11-08,HomeDecor,32495.85,32,2241.91,5,11,Saturday,4,45,8,2025,1,0,0,1,0,0,-0.5000000000000004,0.8660254037844384,-0.9749279121818236,-0.2225209339563146,26029.02,31711.54,25696.13,24973.36285714286,25639.169,0,0,0,54,None,0.0,,,0.0,0.0,0.0,,warm,,
2025-11-09,HomeDecor,28749.22,27,2492.34,6,11,Sunday,4,45,9,2025,1,0,0,1,0,0,-0.5000000000000004,0.8660254037844384,-0.7818314824680299,0.6234898018587334,29019.72,28661.61,23924.1,24934.72,25800.006333333335,0,0,0,53,None,0.0,,,0.0,0.0,0.0,,warm,,
2025-11-10,HomeDecor,26405.92,28,1008.77,0,11,Monday,4,46,10,2025,0,0,0,1,0,0,-0.5000000000000004,0.8660254037844384,0.0,1.0,24210.93,26654.93,28513.65,25248.29,25729.748666666666,0,0,0,52,None,0.0,,,0.0,0.0,0.0,,warm,,
2025-11-11,HomeDecor,23454.37,27,1418.76,1,11,Tuesday,4,46,11,2025,0,0,0,1,0,0,-0.5000000000000004,0.8660254037844384,0.7818314824680298,0.6234898018587336,22491.89,23047.51,36481.0,25385.787142857145,25295.52766666667,0,0,0,51,None,0.0,,,0.0,0.0,0.0,,warm,,
2025-11-12,HomeDecor,26386.97,26,1651.12,2,11,Wednesday,4,46,12,2025,0,0,0,1,0,0,-0.5000000000000004,0.8660254037844384,0.9749279121818236,-0.22252093395631434,22560.49,22315.16,22425.46,25932.42714285714,25427.578,0,0,0,50,None,0.0,,,0.0,0.0,0.0,,warm,,
2025-11-13,HomeDecor,20198.72,23,844.46,3,11,Thursday,4,46,13,2025,0,0,0,1,0,0,-0.5000000000000004,0.8660254037844384,0.43388373911755823,-0.900968867902419,20246.35,23507.34,25173.88,25925.622857142855,25261.739333333335,0,0,0,49,None,0.0,,,0.0,0.0,0.0,,warm,,
2025-11-14,HomeDecor,21412.83,21,1550.15,4,11,Friday,4,46,14,2025,0,0,0,1,0,0,-0.5000000000000004,0.8660254037844384,-0.433883739117558,-0.9009688679024191,23788.31,22298.09,24034.26,25586.268571428573,25174.358333333334,0,0,0,48,None,0.0,,,0.0,0.0,0.0,,warm,,
2025-11-15,HomeDecor,33555.56,31,865.58,5,11,Saturday,4,46,15,2025,1,0,0,1,0,0,-0.5000000000000004,0.8660254037844384,-0.9749279121818236,-0.2225209339563146,32495.85,26029.02,24994.58,25737.655714285713,25459.72433333333,0,0,0,47,None,0.0,,,0.0,0.0,0.0,,warm,,
2025-11-16,HomeDecor,29850.64,28,1611.45,6,11,Sunday,4,46,16,2025,1,0,0,1,0,0,-0.5000000000000004,0.8660254037844384,-0.7818314824680299,0.6234898018587334,28749.22,29019.72,25609.86,25895.00142857143,25601.083666666666,0,0,0,46,None,0.0,,,0.0,0.0,0.0,,warm,,
2025-11-17,HomeDecor,25605.21,23,1184.59,0,11,Monday,4,47,17,2025,0,0,0,1,0,0,-0.5000000000000004,0.8660254037844384,0.0,1.0,26405.92,24210.93,27893.56,25780.614285714288,25524.805333333334,0,0,0,45,None,0.0,,,0.0,0.0,0.0,,warm,,
2025-11-18,HomeDecor,21261.81,17,1699.1,1,11,Tuesday,4,47,18,2025,0,0,0,1,0,0,-0.5000000000000004,0.8660254037844384,0.7818314824680298,0.6234898018587336,23454.37,22491.89,30955.46,25467.391428571427,25201.683666666668,0,0,0,44,None,0.0,,,0.0,0.0,0.0,,warm,,
2025-11-19,HomeDecor,21666.12,21,880.77,2,11,Wednesday,4,47,19,2025,0,0,0,1,0,0,-0.5000000000000004,0.8660254037844384,0.9749279121818236,-0.22252093395631434,26386.97,22560.49,27367.32,24792.984285714287,25011.643666666667,0,0,0,43,None,0.0,,,0.0,0.0,0.0,,warm,,
2025-11-20,HomeDecor,21684.51,24,1384.62,3,11,Thursday,4,47,20,2025,0,0,0,1,0,0,-0.5000000000000004,0.8660254037844384,0.43388373911755823,-0.900968867902419,20198.72,20246.35,22285.59,25005.239999999998,24991.60766666667,0,0,0,42,None,0.0,,,0.0,0.0,0.0,,warm,,
2025-11-21,HomeDecor,23279.63,20,862.36,4,11,Friday,4,47,21,2025,0,0,0,1,0,0,-0.5000000000000004,0.8660254037844384,-0.433883739117558,-0.9009688679024191,21412.83,23788.31,22936.7,25271.925714285713,25003.038666666664,0,0,0,41,None,0.0,,,0.0,0.0,0.0,,warm,,
2025-11-22,HomeDecor,33401.16,31,1250.42,5,11,Saturday,4,47,22,2025,1,0,0,1,0,0,-0.5000000000000004,0.8660254037844384,-0.9749279121818236,-0.2225209339563146,33555.56,32495.85,25188.85,25249.868571428575,25276.782333333333,0,0,0,40,None,0.0,,,0.0,0.0,0.0,,warm,,
2025-11-23,HomeDecor,32957.55,35,1130.11,6,11,Sunday,4,47,23,2025,1,0,0,1,0,0,-0.5000000000000004,0.8660254037844384,-0.7818314824680299,0.6234898018587334,29850.64,28749.22,22352.06,25693.712857142855,25630.298666666666,0,0,0,39,None,0.0,,,0.0,0.0,0.0,,warm,,
2025-11-24,HomeDecor,23359.35,22,1262.73,0,11,Monday,4,48,24,2025,0,0,0,1,0,0,-0.5000000000000004,0.8660254037844384,0.0,1.0,25605.21,26405.92,31711.54,25372.875714285714,25351.892333333333,0,0,0,38,None,0.0,,,0.0,0.0,0.0,,warm,,
2025-11-25,HomeDecor,22058.21,18,2128.77,1,11,Tuesday,4,48,25,2025,0,1,0,1,0,0,-0.5000000000000004,0.8660254037844384,0.7818314824680298,0.6234898018587336,21261.81,23454.37,28661.61,25486.647142857142,25131.779,0,0,0,37,None,0.0,,,0.0,0.0,0.0,,warm,,
2025-11-26,HomeDecor,24148.44,26,2173.11,2,11,Wednesday,4,48,26,2025,0,1,0,1,0,0,-0.5000000000000004,0.8660254037844384,0.9749279121818236,-0.22252093395631434,21666.12,26386.97,26654.93,25841.264285714286,25048.229333333333,0,0,0,36,None,0.0,,,0.0,0.0,0.0,,warm,,
2025-11-27,HomeDecor,23279.6,28,1872.68,3,11,Thursday,4,48,27,2025,0,1,0,1,0,0,-0.5000000000000004,0.8660254037844384,0.43388373911755823,-0.900968867902419,21684.51,20198.72,23047.51,26069.134285714284,25055.965666666667,0,0,0,35,None,0.0,,,0.0,0.0,0.0,,warm,,
2025-11-28,HomeDecor,24993.41,20,861.19,4,11,Friday,4,48,28,2025,0,1,0,1,0,0,-0.5000000000000004,0.8660254037844384,-0.433883739117558,-0.9009688679024191,23279.63,21412.83,22315.16,26313.959999999995,25145.24066666667,0,0,0,34,None,0.0,,,0.0,0.0,0.0,,warm,,
2025-11-29,HomeDecor,36188.87,38,1210.22,5,11,Saturday,4,48,29,2025,1,1,0,1,0,0,-0.5000000000000004,0.8660254037844384,-0.9749279121818236,-0.2225209339563146,33401.16,33555.56,23507.34,26712.204285714288,25567.958333333332,0,0,0,33,None,0.0,,,0.0,0.0,0.0,,warm,,
2025-11-30,HomeDecor,30831.9,37,2335.14,6,11,Sunday,4,48,30,2025,1,1,0,1,0,0,-0.5000000000000004,0.8660254037844384,-0.7818314824680299,0.6234898018587334,32957.55,29850.64,22298.09,26408.54,25852.41866666667,0,0,0,32,None,0.0,,,0.0,0.0,0.0,,warm,,
2025-12-01,HomeDecor,24863.97,27,2379.56,0,12,Monday,4,49,1,2025,0,0,1,1,0,0,-2.4492935982947064e-16,1.0,0.0,1.0,23359.35,25605.21,26029.02,26623.485714285714,25813.583666666666,0,0,0,31,None,0.0,,,0.0,0.0,0.0,,warm,,
2025-12-02,HomeDecor,26175.22,23,1632.27,1,12,Tuesday,4,49,2,2025,0,0,1,1,0,0,-2.4492935982947064e-16,1.0,0.7818314824680298,0.6234898018587336,22058.21,21261.81,29019.72,27211.63,25718.767,0,0,0,30,None,0.0,,,0.0,0.0,0.0,,warm,,
2025-12-03,HomeDecor,23239.72,19,1471.94,2,12,Wednesday,4,49,3,2025,0,0,1,1,0,0,-2.4492935982947064e-16,1.0,0.9749279121818236,-0.22252093395631434,24148.44,21666.12,24210.93,27081.812857142857,25686.39333333333,0,0,0,29,None,0.0,,,0.0,0.0,0.0,,warm,,
2025-12-04,HomeDecor,21950.65,19,2226.68,3,12,Thursday,4,49,4,2025,0,0,1,1,0,0,-2.4492935982947064e-16,1.0,0.43388373911755823,-0.900968867902419,23279.6,21684.51,22491.89,26891.962857142855,25668.352,0,0,0,28,None,0.0,,,0.0,0.0,0.0,,warm,,
2025-12-05,HomeDecor,24077.64,23,1214.84,4,12,Friday,4,49,5,2025,0,0,1,1,0,0,-2.4492935982947064e-16,1.0,-0.433883739117558,-0.9009688679024191,24993.41,23279.63,22560.49,26761.138571428575,25718.923666666666,0,0,0,27,None,0.0,,,0.0,0.0,0.0,,warm,,
2025-12-06,HomeDecor,29849.29,25,1688.47,5,12,Saturday,4,49,6,2025,1,0,0,1,0,0,-2.4492935982947064e-16,1.0,-0.9749279121818236,-0.2225209339563146,36188.87,33401.16,20246.35,25855.484285714287,26039.021666666667,0,0,0,26,None,0.0,,,0.0,0.0,0.0,,warm,,
2025-12-07,HomeDecor,27802.35,24,1554.79,6,12,Sunday,4,49,7,2025,1,0,0,1,0,0,-2.4492935982947064e-16,1.0,-0.7818314824680299,0.6234898018587334,30831.9,32957.55,23788.31,25422.691428571427,26172.823,0,0,0,25,None,0.0,,,0.0,0.0,0.0,,warm,,
2025-12-08,HomeDecor,26194.53,30,1508.55,0,12,Monday,4,50,8,2025,0,0,0,1,0,0,-2.4492935982947064e-16,1.0,0.0,1.0,24863.97,23359.35,32495.85,25612.77142857143,25962.779,0,0,0,24,None,0.0,,,0.0,0.0,0.0,,warm,,
2025-12-09,HomeDecor,21769.13,19,2168.65,1,12,Tuesday,4,50,9,2025,0,0,0,1,0,0,-2.4492935982947064e-16,1.0,0.7818314824680298,0.6234898018587336,26175.22,22058.21,28749.22,24983.329999999998,25730.109333333334,0,0,0,23,None,0.0,,,0.0,0.0,0.0,,warm,,
2025-12-10,HomeDecor,24800.78,29,2342.76,2,12,Wednesday,4,50,10,2025,0,0,0,1,0,0,-2.4492935982947064e-16,1.0,0.9749279121818236,-0.22252093395631434,23239.72,24148.44,26405.92,25206.338571428572,25676.604666666666,0,0,0,22,None,0.0,,,0.0,0.0,0.0,,warm,,
2025-12-11,HomeDecor,24420.19,22,1439.5,3,12,Thursday,4,50,11,2025,0,0,0,1,0,0,-2.4492935982947064e-16,1.0,0.43388373911755823,-0.900968867902419,21950.65,23279.6,23454.37,25559.13,25708.79866666667,0,0,0,21,None,0.0,,,0.0,0.0,0.0,,warm,,
2025-12-12,HomeDecor,20803.58,19,1389.31,4,12,Friday,4,50,12,2025,0,0,0,1,0,0,-2.4492935982947064e-16,1.0,-0.433883739117558,-0.9009688679024191,24077.64,24993.41,26386.97,25091.40714285714,25522.685666666664,0,0,0,20,None,0.0,,,0.0,0.0,0.0,,warm,,
2025-12-13,HomeDecor,27022.85,33,2017.03,5,12,Saturday,4,50,13,2025,1,0,0,1,0,0,-2.4492935982947064e-16,1.0,-0.9749279121818236,-0.2225209339563146,29849.29,36188.87,20198.72,24687.63,25750.156666666666,0,0,0,19,None,0.0,,,0.0,0.0,0.0,,warm,,
2025-12-14,HomeDecor,27369.0,32,2473.66,6,12,Sunday,4,50,14,2025,1,0,0,1,0,0,-2.4492935982947064e-16,1.0,-0.7818314824680299,0.6234898018587334,27802.35,30831.9,21412.83,24625.722857142857,25948.695666666667,0,0,0,18,None,0.0,,,0.0,0.0,0.0,,warm,,
2025-12-15,HomeDecor,20321.22,20,1311.48,0,12,Monday,4,51,15,2025,0,0,0,1,0,0,-2.4492935982947064e-16,1.0,0.0,1.0,26194.53,24863.97,33555.56,23786.678571428572,25507.551,0,0,0,17,None,0.0,,,0.0,0.0,0.0,,warm,,
2025-12-16,HomeDecor,18915.76,19,825.4,1,12,Tuesday,4,51,16,2025,0,0,0,1,0,0,-2.4492935982947064e-16,1.0,0.7818314824680298,0.6234898018587336,21769.13,26175.22,29850.64,23379.054285714286,25143.055,0,0,0,16,None,0.0,,,0.0,0.0,0.0,,warm,,
2025-12-17,HomeDecor,25569.32,26,1479.71,2,12,Wednesday,4,51,17,2025,0,0,0,1,0,0,-2.4492935982947064e-16,1.0,0.9749279121818236,-0.22252093395631434,24800.78,23239.72,25605.21,23488.845714285715,25141.858666666667,0,0,0,15,None,0.0,,,0.0,0.0,0.0,,warm,,
2025-12-18,HomeDecor,22609.94,25,2381.08,3,12,Thursday,4,51,18,2025,0,0,0,1,0,0,-2.4492935982947064e-16,1.0,0.43388373911755823,-0.900968867902419,24420.19,21950.65,21261.81,23230.23857142857,25186.79633333333,0,0,0,14,None,0.0,,,0.0,0.0,0.0,,warm,,
2025-12-19,HomeDecor,26436.55,31,791.7,4,12,Friday,4,51,19,2025,0,0,0,1,0,0,-2.4492935982947064e-16,1.0,-0.433883739117558,-0.9009688679024191,20803.58,24077.64,21666.12,24034.94857142857,25345.810666666664,0,0,0,13,None,0.0,,,0.0,0.0,0.0,,warm,,
2025-12-20,HomeDecor,29479.09,32,1625.54,5,12,Saturday,4,51,20,2025,1,0,0,1,0,0,-2.4492935982947064e-16,1.0,-0.9749279121818236,-0.2225209339563146,27022.85,29849.29,21684.51,24385.84,25605.629999999997,0,0,0,12,None,0.0,,,0.0,0.0,0.0,,warm,,
2025-12-21,HomeDecor,36890.89,33,1736.04,6,12,Sunday,4,51,21,2025,1,0,0,1,0,0,-2.4492935982947064e-16,1.0,-0.7818314824680299,0.6234898018587334,27369.0,27802.35,23279.63,25746.110000000004,26059.338666666667,0,0,0,11,None,0.0,,,0.0,0.0,0.0,,warm,,
2025-12-22,HomeDecor,22083.1,23,1122.79,0,12,Monday,4,52,22,2025,0,0,0,1,0,0,-2.4492935982947064e-16,1.0,0.0,1.0,20321.22,26194.53,33401.16,25997.807142857142,25682.07,0,0,0,10,None,0.0,,,0.0,0.0,0.0,,warm,,
2025-12-23,HomeDecor,27473.68,28,2389.01,1,12,Tuesday,4,52,23,2025,0,0,0,1,0,0,-2.4492935982947064e-16,1.0,0.7818314824680298,0.6234898018587336,18915.76,21769.13,32957.55,27220.367142857143,25499.27433333333,0,0,0,9,None,0.0,,,0.0,0.0,0.0,,warm,,
2025-12-24,HomeDecor,20691.73,17,1622.06,2,12,Wednesday,4,52,24,2025,0,0,0,1,0,0,-2.4492935982947064e-16,1.0,0.9749279121818236,-0.22252093395631434,25569.32,24800.78,23359.35,26523.56857142857,25410.353666666666,0,0,0,8,None,0.0,,,0.0,0.0,0.0,,warm,,
2025-12-25,HomeDecor,26163.89,25,1658.84,3,12,Thursday,4,52,25,2025,0,1,0,1,0,0,-2.4492935982947064e-16,1.0,0.43388373911755823,-0.900968867902419,22609.94,24420.19,22058.21,27031.27571428571,25547.20966666667,0,0,0,7,None,0.0,,,0.0,0.0,0.0,,warm,,
2025-12-26,HomeDecor,21039.13,24,1617.71,4,12,Friday,4,52,26,2025,0,1,0,1,0,0,-2.4492935982947064e-16,1.0,-0.433883739117558,-0.9009688679024191,26436.55,20803.58,24148.44,26260.215714285714,25443.566,0,0,0,6,None,0.0,,,0.0,0.0,0.0,,warm,,
2025-12-27,HomeDecor,25648.97,21,1716.41,5,12,Saturday,4,52,27,2025,1,1,0,1,0,0,-2.4492935982947064e-16,1.0,-0.9749279121818236,-0.2225209339563146,29479.09,27022.85,23279.6,25713.055714285718,25522.545,0,0,0,5,None,0.0,,,0.0,0.0,0.0,,warm,,
2025-12-28,HomeDecor,34104.04,38,2427.95,6,12,Sunday,4,52,28,2025,1,1,0,1,0,0,-2.4492935982947064e-16,1.0,-0.7818314824680299,0.6234898018587334,36890.89,27369.0,24993.41,25314.934285714284,25826.232666666667,0,0,0,4,None,0.0,,,0.0,0.0,0.0,,warm,,
2025-12-29,HomeDecor,22374.52,24,1648.95,0,12,Monday,4,1,29,2025,0,1,0,1,0,0,-2.4492935982947064e-16,1.0,0.0,1.0,22083.1,20321.22,36188.87,25356.565714285716,25365.754333333334,0,0,0,3,None,0.3,,,0.0,0.0,0.0,,warm,,
2025-12-30,HomeDecor,22881.06,21,1485.41,1,12,Tuesday,4,1,30,2025,0,1,0,1,0,0,-2.4492935982947064e-16,1.0,0.7818314824680298,0.6234898018587336,27473.68,18915.76,30831.9,24700.477142857148,25100.726333333332,0,0,0,2,None,0.3,,,0.0,0.0,0.0,,warm,,
2025-12-31,HomeDecor,25281.21,27,2008.38,2,12,Wednesday,4,1,31,2025,0,1,0,1,0,0,-2.4492935982947064e-16,1.0,0.9749279121818236,-0.22252093395631434,20691.73,25569.32,24863.97,25356.117142857143,25114.634333333335,0,1,0,1,None,0.25,,,0.0,0.0,0.0,,warm,,
2026-01-01,HomeDecor,16819.65,16,1682.6,3,1,Thursday,1,1,1,2026,0,0,1,0,0,0,0.49999999999999994,0.8660254037844387,0.43388373911755823,-0.900968867902419,26163.89,22609.94,26175.22,24021.225714285712,24802.782,1,0,0,0,Optional holiday,0.5,,,0.0,0.0,0.0,,warm,,
2026-01-02,HomeDecor,14536.33,12,2005.23,4,1,Friday,1,1,2,2026,0,0,1,0,0,0,0.49999999999999994,0.8660254037844387,-0.433883739117558,-0.9009688679024191,21039.13,26436.55,23239.72,23092.25428571429,24512.669,0,1,1,1,None,0.25,,,0.0,0.0,0.0,,warm,,
2026-01-03,HomeDecor,18658.37,17,2481.61,5,1,Saturday,1,1,3,2026,1,0,1,0,0,0,0.49999999999999994,0.8660254037844387,-0.9749279121818236,-0.2225209339563146,25648.97,29479.09,21950.65,22093.597142857143,24402.926333333333,1,0,0,0,Optional holiday,0.5,,,0.0,0.0,0.0,,warm,,
2026-01-04,HomeDecor,15890.4,14,1039.72,6,1,Sunday,1,1,4,2026,1,0,1,0,0,0,0.49999999999999994,0.8660254037844387,-0.7818314824680299,0.6234898018587334,34104.04,36890.89,24077.64,19491.648571428574,24130.018333333333,0,0,1,10,None,0.15,,,0.0,0.0,0.0,,warm,,
2026-01-05,HomeDecor,15122.74,13,2334.23,0,1,Monday,1,2,5,2026,0,0,1,0,0,0,0.49999999999999994,0.8660254037844387,0.0,1.0,22374.52,22083.1,29849.29,18455.68,23639.133333333335,0,0,0,9,None,0.0,,,0.0,0.0,0.0,,warm,,
2026-01-06,HomeDecor,15482.55,14,2457.21,1,1,Tuesday,1,2,6,2026,0,0,0,0,0,0,0.49999999999999994,0.8660254037844387,0.7818314824680298,0.6234898018587336,22881.06,27473.68,27802.35,17398.75,23228.47333333333,0,0,0,8,None,0.0,,,0.0,0.0,0.0,,warm,,
2026-01-07,HomeDecor,15804.76,17,964.67,2,1,Wednesday,1,2,7,2026,0,0,0,0,0,0,0.49999999999999994,0.8660254037844387,0.9749279121818236,-0.22252093395631434,25281.21,20691.73,26194.53,16044.971428571429,22882.147666666664,0,0,0,7,None,0.0,,,0.0,0.0,0.0,,warm,,
2026-01-08,HomeDecor,15712.05,17,2481.44,3,1,Thursday,1,2,8,2026,0,0,0,0,0,0,0.49999999999999994,0.8660254037844387,0.43388373911755823,-0.900968867902419,16819.65,26163.89,21769.13,15886.742857142855,22680.245,0,0,0,6,None,0.0,,,0.0,0.0,0.0,,warm,,
2026-01-09,HomeDecor,15015.53,15,1650.13,4,1,Friday,1,2,9,2026,0,0,0,0,0,0,0.49999999999999994,0.8660254037844387,-0.433883739117558,-0.9009688679024191,14536.33,21039.13,24800.78,15955.199999999999,22354.070000000003,0,0,0,5,None,0.0,,,0.0,0.0,0.0,,warm,,
2026-01-10,HomeDecor,19871.38,18,2456.93,5,1,Saturday,1,2,10,2026,1,0,0,0,0,0,0.49999999999999994,0.8660254037844387,-0.9749279121818236,-0.2225209339563146,18658.37,25648.97,24420.19,16128.487142857144,22202.443000000003,0,0,0,4,None,0.0,,,0.0,0.0,0.0,,warm,,
2026-01-11,HomeDecor,20380.56,24,1900.41,6,1,Sunday,1,2,11,2026,1,0,0,0,0,0,0.49999999999999994,0.8660254037844387,-0.7818314824680299,0.6234898018587334,15890.4,34104.04,20803.58,16769.93857142857,22188.342333333334,0,0,0,3,None,0.3,,,0.0,0.0,0.0,,warm,,
2026-01-12,HomeDecor,15899.89,17,1715.37,0,1,Monday,1,3,12,2026,0,0,0,0,0,0,0.49999999999999994,0.8660254037844387,0.0,1.0,15122.74,22374.52,27022.85,16880.96,21817.577,0,0,0,2,None,0.3,,,0.0,0.0,0.0,,warm,,
2026-01-13,HomeDecor,15223.0,15,1886.37,1,1,Tuesday,1,3,13,2026,0,0,0,0,0,0,0.49999999999999994,0.8660254037844387,0.7818314824680298,0.6234898018587336,15482.55,22881.06,27369.0,16843.88142857143,21412.710333333336,0,1,0,1,None,0.25,,,0.0,0.0,0.0,,warm,,
2026-01-14,HomeDecor,15255.62,15,702.02,2,1,Wednesday,1,3,14,2026,0,0,0,0,0,0,0.49999999999999994,0.8660254037844387,0.9749279121818236,-0.22252093395631434,15804.76,25281.21,20321.22,16765.432857142856,21243.857,1,0,0,0,Hinduism,0.5,,,0.0,0.0,0.0,,warm,,
2026-01-15,HomeDecor,16424.33,13,1220.12,3,1,Thursday,1,3,15,2026,0,0,0,0,0,0,0.49999999999999994,0.8660254037844387,0.43388373911755823,-0.900968867902419,15712.05,16819.65,18915.76,16867.187142857143,21160.80933333333,0,0,1,8,None,0.15,,,0.0,0.0,0.0,,warm,,
2026-01-16,HomeDecor,14662.85,12,1713.16,4,1,Friday,1,3,16,2026,0,0,0,0,0,0,0.49999999999999994,0.8660254037844387,-0.433883739117558,-0.9009688679024191,15015.53,14536.33,25569.32,16816.804285714286,20797.260333333335,0,0,0,7,None,0.0,,,0.0,0.0,0.0,,warm,,
2026-01-17,HomeDecor,19082.57,19,1952.19,5,1,Saturday,1,3,17,2026,1,0,0,0,0,0,0.49999999999999994,0.8660254037844387,-0.9749279121818236,-0.2225209339563146,19871.38,18658.37,22609.94,16704.117142857143,20679.681333333334,0,0,0,6,None,0.0,,,0.0,0.0,0.0,,warm,,
2026-01-18,HomeDecor,20621.3,17,1112.56,6,1,Sunday,1,3,18,2026,1,0,0,0,0,0,0.49999999999999994,0.8660254037844387,-0.7818314824680299,0.6234898018587334,20380.56,15890.4,26436.55,16738.508571428574,20485.83966666667,0,0,0,5,None,0.0,,,0.0,0.0,0.0,,warm,,
2026-01-19,HomeDecor,16794.86,17,1653.02,0,1,Monday,1,4,19,2026,0,0,0,0,0,0,0.49999999999999994,0.8660254037844387,0.0,1.0,15899.89,15122.74,29479.09,16866.361428571432,20063.032000000003,0,0,0,4,None,0.0,,,0.0,0.0,0.0,,warm,,
2026-01-20,HomeDecor,13672.8,11,2312.16,1,1,Tuesday,1,4,20,2026,0,0,0,0,0,0,0.49999999999999994,0.8660254037844387,0.7818314824680298,0.6234898018587336,15223.0,15482.55,36890.89,16644.904285714285,19289.095666666668,0,0,0,3,None,0.3,,,0.0,0.0,0.0,,warm,,
2026-01-21,HomeDecor,17206.76,19,720.21,2,1,Wednesday,1,4,21,2026,0,0,0,0,0,0,0.49999999999999994,0.8660254037844387,0.9749279121818236,-0.22252093395631434,15255.62,15804.76,22083.1,16923.63857142857,19126.551,0,0,0,2,None,0.3,,,0.0,0.0,0.0,,warm,,
2026-01-22,HomeDecor,17739.01,16,1728.23,3,1,Thursday,1,4,22,2026,0,0,0,0,0,0,0.49999999999999994,0.8660254037844387,0.43388373911755823,-0.900968867902419,16424.33,15712.05,27473.68,17111.45,18802.061999999998,0,1,0,1,None,0.25,,,0.0,0.0,0.0,,warm,,
2026-01-23,HomeDecor,16113.14,16,1436.42,4,1,Friday,1,4,23,2026,0,0,0,0,0,0,0.49999999999999994,0.8660254037844387,-0.433883739117558,-0.9009688679024191,14662.85,15015.53,20691.73,17318.634285714284,18649.442333333332,1,0,0,0,Hinduism,0.5,,,0.0,0.0,0.0,,warm,,
2026-01-24,HomeDecor,18724.33,20,1510.12,5,1,Saturday,1,4,24,2026,1,0,0,0,0,0,0.49999999999999994,0.8660254037844387,-0.9749279121818236,-0.2225209339563146,19082.57,19871.38,26163.89,17267.457142857143,18401.457,0,0,1,2,None,0.15,,,0.0,0.0,0.0,,warm,,
2026-01-25,HomeDecor,19510.22,20,1314.51,6,1,Sunday,1,4,25,2026,1,1,0,0,0,0,0.49999999999999994,0.8660254037844387,-0.7818314824680299,0.6234898018587334,20621.3,20380.56,21039.13,17108.731428571427,18350.493333333336,0,1,0,1,None,0.25,,,0.0,0.0,0.0,,warm,,
2026-01-26,HomeDecor,14014.66,11,1477.08,0,1,Monday,1,5,26,2026,0,1,0,0,0,0,0.49999999999999994,0.8660254037844387,0.0,1.0,16794.86,15899.89,25648.97,16711.56,17962.683,1,0,0,0,National holiday,0.5,,,0.0,0.0,0.0,,warm,,
2026-01-27,HomeDecor,16494.07,18,1803.34,1,1,Tuesday,1,5,27,2026,0,1,0,0,0,0,0.49999999999999994,0.8660254037844387,0.7818314824680298,0.6234898018587336,13672.8,15223.0,34104.04,17114.59857142857,17375.684,0,0,1,5,None,0.15,,,0.0,0.0,0.0,,warm,,
2026-01-28,HomeDecor,14623.75,14,1615.3,2,1,Wednesday,1,5,28,2026,0,1,0,0,0,0,0.49999999999999994,0.8660254037844387,0.9749279121818236,-0.22252093395631434,17206.76,15255.62,22374.52,16745.597142857143,17117.325,0,0,0,4,None,0.0,,,0.0,0.0,0.0,,warm,,
2026-01-29,HomeDecor,14034.72,16,807.8,3,1,Thursday,1,5,29,2026,0,1,0,0,0,0,0.49999999999999994,0.8660254037844387,0.43388373911755823,-0.900968867902419,17739.01,16424.33,22881.06,16216.412857142857,16822.447,0,0,0,3,None,0.3,,,0.0,0.0,0.0,,warm,,
2026-01-30,HomeDecor,15761.75,15,2436.94,4,1,Friday,1,5,30,2026,0,1,0,0,0,0,0.49999999999999994,0.8660254037844387,-0.433883739117558,-0.9009688679024191,16113.14,14662.85,25281.21,16166.214285714286,16505.131666666668,0,0,0,2,None,0.3,,,0.0,0.0,0.0,,warm,,
2026-01-31,HomeDecor,18134.26,16,1702.98,5,1,Saturday,1,5,31,2026,1,1,0,0,0,0,0.49999999999999994,0.8660254037844387,-0.9749279121818236,-0.2225209339563146,18724.33,19082.57,16819.65,16081.91857142857,16548.952,0,1,0,1,None,0.25,,,0.0,0.0,0.0,,warm,,
2026-02-01,HomeDecor,19689.45,20,2495.64,6,2,Sunday,1,5,1,2026,1,0,1,0,0,0,0.8660254037844386,0.5000000000000001,-0.7818314824680299,0.6234898018587334,19510.22,20621.3,14536.33,16107.522857142858,16720.722666666665,1,0,0,0,Optional holiday,0.5,,,0.0,0.0,0.0,,warm,,
2026-02-02,HomeDecor,14749.32,15,1251.83,0,2,Monday,1,6,2,2026,0,0,1,0,0,0,0.8660254037844386,0.5000000000000001,0.0,1.0,14014.66,16794.86,18658.37,16212.474285714285,16590.421,0,0,1,10,None,0.15,,,0.0,0.0,0.0,,warm,,
2026-02-03,HomeDecor,16102.32,16,684.9,1,2,Tuesday,1,6,3,2026,0,0,1,0,0,0,0.8660254037844386,0.5000000000000001,0.7818314824680298,0.6234898018587336,16494.07,13672.8,15890.4,16156.51,16597.485,0,0,0,9,None,0.0,,,0.0,0.0,0.0,,warm,,
2026-02-04,HomeDecor,15599.53,17,1648.63,2,2,Wednesday,1,6,4,2026,0,0,1,0,0,0,0.8660254037844386,0.5000000000000001,0.9749279121818236,-0.22252093395631434,14623.75,17206.76,15122.74,16295.907142857144,16613.378,0,0,0,8,None,0.0,,,0.0,0.0,0.0,,warm,,
2026-02-05,HomeDecor,15031.91,14,1351.61,3,2,Thursday,1,6,5,2026,0,0,1,0,0,0,0.8660254037844386,0.5000000000000001,0.43388373911755823,-0.900968867902419,14034.72,17739.01,15482.55,16438.36285714286,16598.356666666667,0,0,0,7,None,0.0,,,0.0,0.0,0.0,,warm,,
2026-02-06,HomeDecor,15848.26,16,2029.42,4,2,Friday,1,6,6,2026,0,0,0,0,0,0,0.8660254037844386,0.5000000000000001,-0.433883739117558,-0.9009688679024191,15761.75,16113.14,15804.76,16450.72142857143,16599.806666666667,0,0,0,6,None,0.0,,,0.0,0.0,0.0,,warm,,
2026-02-07,HomeDecor,21613.19,20,1602.66,5,2,Saturday,1,6,7,2026,1,0,0,0,0,0,0.8660254037844386,0.5000000000000001,-0.9749279121818236,-0.2225209339563146,18134.26,18724.33,15712.05,16947.71142857143,16796.511333333332,0,0,0,5,None,0.0,,,0.0,0.0,0.0,,warm,,
2026-02-08,HomeDecor,19074.44,17,927.8,6,2,Sunday,1,6,8,2026,1,0,0,0,0,0,0.8660254037844386,0.5000000000000001,-0.7818314824680299,0.6234898018587334,19689.45,19510.22,15015.53,16859.852857142858,16931.808333333334,0,0,0,4,None,0.0,,,0.0,0.0,0.0,,warm,,
2026-02-09,HomeDecor,15666.9,16,1180.22,0,2,Monday,1,7,9,2026,0,0,0,0,0,0,0.8660254037844386,0.5000000000000001,0.0,1.0,14749.32,14014.66,19871.38,16990.935714285715,16791.659,0,0,0,3,None,0.3,,,0.0,0.0,0.0,,warm,,
2026-02-10,HomeDecor,13822.65,15,1524.67,1,2,Tuesday,1,7,10,2026,0,0,0,0,0,0,0.8660254037844386,0.5000000000000001,0.7818314824680298,0.6234898018587336,16102.32,16494.07,20380.56,16665.26857142857,16573.061999999998,0,0,0,2,None,0.3,,,0.0,0.0,0.0,,warm,,
2026-02-11,HomeDecor,14343.81,16,1197.7,2,2,Wednesday,1,7,11,2026,0,0,0,0,0,0,0.8660254037844386,0.5000000000000001,0.9749279121818236,-0.22252093395631434,15599.53,14623.75,15899.89,16485.879999999997,16521.192666666666,0,1,0,1,None,0.25,,,0.0,0.0,0.0,,warm,,
2026-02-12,HomeDecor,15337.03,14,1840.83,3,2,Thursday,1,7,12,2026,0,0,0,0,0,0,0.8660254037844386,0.5000000000000001,0.43388373911755823,-0.900968867902419,15031.91,14034.72,15223.0,16529.46857142857,16524.993666666665,1,0,0,0,Optional holiday,0.5,,,0.0,0.0,0.0,,warm,,
2026-02-13,HomeDecor,16893.88,14,1019.01,4,2,Friday,1,7,13,2026,0,0,0,0,0,0,0.8660254037844386,0.5000000000000001,-0.433883739117558,-0.9009688679024191,15848.26,15761.75,15255.62,16678.842857142856,16579.602333333332,0,1,1,1,None,0.25,,,0.0,0.0,0.0,,warm,,
2026-02-14,HomeDecor,23372.77,22,1644.48,5,2,Saturday,1,7,14,2026,1,0,0,0,0,0,0.8660254037844386,0.5000000000000001,-0.9749279121818236,-0.2225209339563146,21613.19,18134.26,16424.33,16930.211428571427,16811.217,1,1,0,0,Observance,0.5,,,0.0,0.0,0.0,,warm,,
2026-02-15,HomeDecor,21449.87,18,1438.6,6,2,Sunday,1,7,15,2026,1,0,0,0,0,0,0.8660254037844386,0.5000000000000001,-0.7818314824680299,0.6234898018587334,19074.44,19689.45,14662.85,17269.558571428573,17037.451,1,0,1,0,Hinduism,0.5,,,0.0,0.0,0.0,,warm,,
2026-02-16,HomeDecor,14744.72,18,1454.49,0,2,Monday,1,8,16,2026,0,0,0,0,0,0,0.8660254037844386,0.5000000000000001,0.0,1.0,15666.9,14749.32,19082.57,17137.818571428572,16892.856,0,1,1,1,None,0.25,,,0.0,0.0,0.0,,warm,,
2026-02-17,HomeDecor,17216.3,14,1717.06,1,2,Tuesday,1,8,17,2026,0,0,0,0,0,0,0.8660254037844386,0.5000000000000001,0.7818314824680298,0.6234898018587336,13822.65,16102.32,20621.3,17622.625714285714,16779.356,1,0,0,0,Observance,0.5,,,0.0,0.0,0.0,,warm,,
2026-02-18,HomeDecor,14875.98,17,1683.14,2,2,Wednesday,1,8,18,2026,0,0,0,0,0,0,0.8660254037844386,0.5000000000000001,0.9749279121818236,-0.22252093395631434,14343.81,15599.53,16794.86,17698.65,16715.393333333333,0,1,1,1,None,0.25,,,0.0,0.0,0.0,,warm,,
2026-02-19,HomeDecor,17781.14,16,2472.43,3,2,Thursday,1,8,19,2026,0,0,0,0,0,0,0.8660254037844386,0.5000000000000001,0.43388373911755823,-0.900968867902419,15337.03,15031.91,13672.8,18047.80857142857,16852.338,1,0,0,0,Optional holiday,0.5,,,0.0,0.0,0.0,,warm,,
2026-02-20,HomeDecor,14441.69,16,1932.71,4,2,Friday,1,8,20,2026,0,0,0,0,0,0,0.8660254037844386,0.5000000000000001,-0.433883739117558,-0.9009688679024191,16893.88,15848.26,17206.76,17697.495714285713,16760.169,0,0,1,11,None,0.15,,,0.0,0.0,0.0,,warm,,
2026-02-21,HomeDecor,17982.77,20,1697.11,5,2,Saturday,1,8,21,2026,1,0,0,0,0,0,0.8660254037844386,0.5000000000000001,-0.9749279121818236,-0.2225209339563146,23372.77,21613.19,17739.01,16927.495714285713,16768.294333333335,0,0,0,10,None,0.0,,,0.0,0.0,0.0,,warm,,
2026-02-22,HomeDecor,19306.28,18,2024.62,6,2,Sunday,1,8,22,2026,1,0,0,0,0,0,0.8660254037844386,0.5000000000000001,-0.7818314824680299,0.6234898018587334,21449.87,19074.44,16113.14,16621.268571428573,16874.732333333333,0,0,0,9,None,0.0,,,0.0,0.0,0.0,,warm,,
2026-02-23,HomeDecor,10691.61,9,776.97,0,2,Monday,1,9,23,2026,0,0,0,0,0,0,0.8660254037844386,0.5000000000000001,0.0,1.0,14744.72,15666.9,18724.33,16042.252857142857,16606.975,0,0,0,8,None,0.0,,,0.0,0.0,0.0,,warm,,
2026-02-24,HomeDecor,14096.68,13,2167.21,1,2,Tuesday,1,9,24,2026,0,0,0,0,0,0,0.8660254037844386,0.5000000000000001,0.7818314824680298,0.6234898018587336,17216.3,13822.65,19510.22,15596.592857142856,16426.523666666668,0,0,0,7,None,0.0,,,0.0,0.0,0.0,,warm,,
2026-02-25,HomeDecor,16840.4,14,2048.28,2,2,Wednesday,1,9,25,2026,0,1,0,0,0,0,0.8660254037844386,0.5000000000000001,0.9749279121818236,-0.22252093395631434,14875.98,14343.81,14014.66,15877.224285714286,16520.715,0,0,0,6,None,0.0,,,0.0,0.0,0.0,,warm,,
2026-02-26,HomeDecor,14660.28,14,984.4,3,2,Thursday,1,9,26,2026,0,1,0,0,0,0,0.8660254037844386,0.5000000000000001,0.43388373911755823,-0.900968867902419,17781.14,15337.03,16494.07,15431.387142857144,16459.588666666667,0,0,0,5,None,0.0,,,0.0,0.0,0.0,,warm,,
2026-02-27,HomeDecor,14593.31,14,1862.57,4,2,Friday,1,9,27,2026,0,1,0,0,0,0,0.8660254037844386,0.5000000000000001,-0.433883739117558,-0.9009688679024191,14441.69,16893.88,14623.75,15453.047142857144,16458.574,0,0,0,4,None,0.0,,,0.0,0.0,0.0,,warm,,
2026-02-28,HomeDecor,21742.11,25,1937.03,5,2,Saturday,1,9,28,2026,1,1,0,0,0,0,0.8660254037844386,0.5000000000000001,-0.9749279121818236,-0.2225209339563146,17982.77,23372.77,14034.72,15990.095714285713,16715.487,0,0,0,3,None,0.3,,,0.0,0.0,0.0,,warm,,
2026-03-01,HomeDecor,19178.67,16,1252.79,6,3,Sunday,1,9,1,2026,1,0,1,0,0,0,1.0,6.123233995736766e-17,-0.7818314824680299,0.6234898018587334,19306.28,21449.87,15761.75,15971.865714285714,16829.384333333335,0,0,0,2,None,0.3,,,0.0,0.0,0.0,,warm,,
2026-03-02,HomeDecor,15699.64,18,796.08,0,3,Monday,1,10,2,2026,0,0,1,0,0,0,1.0,6.123233995736766e-17,0.0,1.0,10691.61,14744.72,18134.26,16687.29857142857,16748.230333333333,0,1,0,1,None,0.25,,,0.0,0.0,0.0,,warm,,
2026-03-03,HomeDecor,13784.62,15,729.98,1,3,Tuesday,1,10,3,2026,0,0,1,0,0,0,1.0,6.123233995736766e-17,0.7818314824680298,0.6234898018587336,14096.68,17216.3,19689.45,16642.718571428573,16551.402666666665,1,1,0,0,Optional holiday,0.5,,,0.0,0.0,0.0,,warm,,
2026-03-04,HomeDecor,15643.22,15,1770.54,2,3,Wednesday,1,10,4,2026,0,0,1,0,0,0,1.0,6.123233995736766e-17,0.9749279121818236,-0.22252093395631434,16840.4,14875.98,14749.32,16471.692857142858,16581.199333333334,1,0,1,0,National holiday,0.5,,,0.0,0.0,0.0,,warm,,
2026-03-05,HomeDecor,15129.22,15,2430.17,3,3,Thursday,1,10,5,2026,0,0,1,0,0,0,1.0,6.123233995736766e-17,0.43388373911755823,-0.900968867902419,14660.28,17781.14,16102.32,16538.684285714284,16548.762666666666,0,0,1,14,None,0.15,,,0.0,0.0,0.0,,warm,,
2026-03-06,HomeDecor,11455.6,10,1141.35,4,3,Friday,1,10,6,2026,0,0,0,0,0,0,1.0,6.123233995736766e-17,-0.433883739117558,-0.9009688679024191,14593.31,14441.69,15599.53,16090.44,16410.631666666668,0,0,0,13,None,0.0,,,0.0,0.0,0.0,,warm,,
2026-03-07,HomeDecor,18775.79,18,1161.53,5,3,Saturday,1,10,7,2026,1,0,0,0,0,0,1.0,6.123233995736766e-17,-0.9749279121818236,-0.2225209339563146,21742.11,17982.77,15031.91,15666.680000000002,16535.427666666666,0,0,0,12,None,0.0,,,0.0,0.0,0.0,,warm,,
2026-03-08,HomeDecor,19272.44,18,2288.58,6,3,Sunday,1,10,8,2026,1,0,0,0,0,0,1.0,6.123233995736766e-17,-0.7818314824680299,0.6234898018587334,19178.67,19306.28,15848.26,15680.075714285715,16649.567,0,0,0,11,None,0.0,,,0.0,0.0,0.0,,warm,,
2026-03-09,HomeDecor,14621.47,12,1494.93,0,3,Monday,1,11,9,2026,0,0,0,0,0,0,1.0,6.123233995736766e-17,0.0,1.0,15699.64,10691.61,21613.19,15526.051428571429,16416.50966666667,0,0,0,10,None,0.0,,,0.0,0.0,0.0,,warm,,
2026-03-10,HomeDecor,14729.28,14,1562.56,1,3,Tuesday,1,11,10,2026,0,0,0,0,0,0,1.0,6.123233995736766e-17,0.7818314824680298,0.6234898018587336,13784.62,14096.68,19074.44,15661.002857142856,16271.671,0,0,0,9,None,0.0,,,0.0,0.0,0.0,,warm,,
2026-03-11,HomeDecor,16722.67,14,890.09,2,3,Wednesday,1,11,11,2026,0,0,0,0,0,0,1.0,6.123233995736766e-17,0.9749279121818236,-0.22252093395631434,15643.22,16840.4,15666.9,15815.209999999997,16306.863333333333,0,0,0,8,None,0.0,,,0.0,0.0,0.0,,warm,,
2026-03-12,HomeDecor,17809.95,14,2185.6,3,3,Thursday,1,11,12,2026,0,0,0,0,0,0,1.0,6.123233995736766e-17,0.43388373911755823,-0.900968867902419,15129.22,14660.28,13822.65,16198.17142857143,16439.773333333334,0,0,0,7,None,0.0,,,0.0,0.0,0.0,,warm,,
2026-03-13,HomeDecor,16279.16,19,2356.79,4,3,Friday,1,11,13,2026,0,0,0,0,0,0,1.0,6.123233995736766e-17,-0.433883739117558,-0.9009688679024191,11455.6,14593.31,14343.81,16887.251428571428,16504.285,0,0,0,6,None,0.0,,,0.0,0.0,0.0,,warm,,
2026-03-14,HomeDecor,19572.08,24,1945.01,5,3,Saturday,1,11,14,2026,1,0,0,0,0,0,1.0,6.123233995736766e-17,-0.9749279121818236,-0.2225209339563146,18775.79,21742.11,15337.03,17001.007142857143,16645.45333333333,0,0,0,5,None,0.0,,,0.0,0.0,0.0,,warm,,
2026-03-15,HomeDecor,18088.25,18,841.17,6,3,Sunday,1,11,15,2026,1,0,0,0,0,0,1.0,6.123233995736766e-17,-0.7818314824680299,0.6234898018587334,19272.44,19178.67,16893.88,16831.837142857144,16685.265666666666,0,0,0,4,None,0.0,,,0.0,0.0,0.0,,warm,,
2026-03-16,HomeDecor,13406.41,14,1595.32,0,3,Monday,1,12,16,2026,0,0,0,0,0,0,1.0,6.123233995736766e-17,0.0,1.0,14621.47,15699.64,23372.77,16658.257142857143,16353.053666666667,0,0,0,3,None,0.3,,,0.0,0.0,0.0,,warm,,
2026-03-17,HomeDecor,18884.35,17,917.07,1,3,Tuesday,1,12,17,2026,0,0,0,0,0,0,1.0,6.123233995736766e-17,0.7818314824680298,0.6234898018587336,14729.28,13784.62,21449.87,17251.838571428572,16267.536333333332,0,0,0,2,None,0.3,,,0.0,0.0,0.0,,warm,,
2026-03-18,HomeDecor,15507.73,19,683.67,2,3,Wednesday,1,12,18,2026,0,0,0,0,0,0,1.0,6.123233995736766e-17,0.9749279121818236,-0.22252093395631434,16722.67,15643.22,14744.72,17078.275714285715,16292.97,0,1,0,1,None,0.25,,,0.0,0.0,0.0,,warm,,
2026-03-19,HomeDecor,16709.82,14,2007.27,3,3,Thursday,1,12,19,2026,0,0,0,0,0,0,1.0,6.123233995736766e-17,0.43388373911755823,-0.900968867902419,17809.95,15129.22,17216.3,16921.114285714288,16276.087333333333,1,1,0,0,Hinduism,0.5,,,0.0,0.0,0.0,,warm,,
2026-03-20,HomeDecor,16945.49,19,1553.88,4,3,Friday,1,12,20,2026,0,0,0,0,0,0,1.0,6.123233995736766e-17,-0.433883739117558,-0.9009688679024191,16279.16,11455.6,14875.98,17016.304285714286,16345.071,1,1,1,0,Optional holiday,0.5,,,0.0,0.0,0.0,,warm,,
2026-03-21,HomeDecor,21357.14,17,2205.21,5,3,Saturday,1,12,21,2026,1,0,0,0,0,0,1.0,6.123233995736766e-17,-0.9749279121818236,-0.2225209339563146,19572.08,18775.79,17781.14,17271.312857142857,16464.271,1,0,1,0,National holiday,0.5,,,0.0,0.0,0.0,,warm,,
2026-03-22,HomeDecor,23521.14,25,1481.46,6,3,Sunday,1,12,22,2026,1,0,0,0,0,0,1.0,6.123233995736766e-17,-0.7818314824680299,0.6234898018587334,18088.25,19272.44,14441.69,18047.44,16766.919333333335,0,0,1,4,None,0.15,,,0.0,0.0,0.0,,warm,,
2026-03-23,HomeDecor,14352.57,16,612.12,0,3,Monday,1,13,23,2026,0,0,0,0,0,0,1.0,6.123233995736766e-17,0.0,1.0,13406.41,14621.47,17982.77,18182.605714285713,16645.912666666667,0,0,0,3,None,0.3,,,0.0,0.0,0.0,,warm,,
2026-03-24,HomeDecor,13231.44,11,1314.92,1,3,Tuesday,1,13,24,2026,0,0,0,0,0,0,1.0,6.123233995736766e-17,0.7818314824680298,0.6234898018587336,18884.35,14729.28,19306.28,17375.04714285714,16443.417999999998,0,0,0,2,None,0.3,,,0.0,0.0,0.0,,warm,,
2026-03-25,HomeDecor,14611.64,16,1952.14,2,3,Wednesday,1,13,25,2026,0,1,0,0,0,0,1.0,6.123233995736766e-17,0.9749279121818236,-0.22252093395631434,15507.73,16722.67,10691.61,17247.034285714286,16574.085666666666,0,1,0,1,None,0.25,,,0.0,0.0,0.0,,warm,,
2026-03-26,HomeDecor,15189.57,12,761.31,3,3,Thursday,1,13,26,2026,0,1,0,0,0,0,1.0,6.123233995736766e-17,0.43388373911755823,-0.900968867902419,16709.82,17809.95,14096.68,17029.855714285713,16610.515333333333,1,0,0,0,National holiday,0.5,,,0.0,0.0,0.0,,warm,,
2026-03-27,HomeDecor,15269.37,17,1049.87,4,3,Friday,1,13,27,2026,0,1,0,0,0,0,1.0,6.123233995736766e-17,-0.433883739117558,-0.9009688679024191,16945.49,16279.16,16840.4,16790.41,16558.147666666668,0,0,1,4,None,0.15,,,0.0,0.0,0.0,,warm,,
2026-03-28,HomeDecor,21079.88,25,2392.75,5,3,Saturday,1,13,28,2026,1,1,0,0,0,0,1.0,6.123233995736766e-17,-0.9749279121818236,-0.2225209339563146,21357.14,19572.08,14660.28,16750.801428571427,16772.134333333335,0,0,0,3,None,0.3,,,0.0,0.0,0.0,,warm,,
2026-03-29,HomeDecor,18276.58,21,1618.26,6,3,Sunday,1,13,29,2026,1,1,0,0,0,0,1.0,6.123233995736766e-17,-0.7818314824680299,0.6234898018587334,23521.14,18088.25,14593.31,16001.578571428572,16894.91,0,0,0,2,None,0.3,,,0.0,0.0,0.0,,warm,,
2026-03-30,HomeDecor,14197.01,12,1924.07,0,3,Monday,1,14,30,2026,0,1,0,0,0,0,1.0,6.123233995736766e-17,0.0,1.0,14352.57,13406.41,21742.11,15979.355714285715,16643.406666666666,0,1,0,1,None,0.25,,,0.0,0.0,0.0,,warm,,
2026-03-31,HomeDecor,14346.77,17,1886.65,1,3,Tuesday,1,14,31,2026,0,1,0,0,0,0,1.0,6.123233995736766e-17,0.7818314824680298,0.6234898018587336,13231.44,18884.35,19178.67,16138.688571428573,16482.343333333334,1,0,0,0,National holiday,0.5,,,0.0,0.0,0.0,,warm,,
2026-04-01,HomeDecor,11557.32,12,779.98,2,4,Wednesday,2,14,1,2026,0,0,1,0,1,0,0.8660254037844387,-0.4999999999999998,0.9749279121818236,-0.22252093395631434,14611.64,15507.73,15699.64,15702.357142857145,16344.266000000001,0,1,1,1,None,0.25,,,0.0,0.0,0.0,,warm,,
2026-04-02,HomeDecor,15093.68,15,1307.26,3,4,Thursday,2,14,2,2026,0,0,1,0,1,0,0.8660254037844387,-0.4999999999999998,0.43388373911755823,-0.900968867902419,15189.57,16709.82,13784.62,15688.658571428572,16387.901333333335,1,1,0,0,Observance,0.5,,,0.0,0.0,0.0,,warm,,
2026-04-03,HomeDecor,13769.93,16,975.73,4,4,Friday,2,14,3,2026,0,0,1,0,1,0,0.8660254037844387,-0.4999999999999998,-0.433883739117558,-0.9009688679024191,15269.37,16945.49,15643.22,15474.452857142858,16325.458333333334,1,0,1,0,National holiday,0.5,,,0.0,0.0,0.0,,warm,,
2026-04-04,HomeDecor,20156.89,18,1423.0,5,4,Saturday,2,14,4,2026,1,0,1,0,1,0,0.8660254037844387,-0.4999999999999998,-0.9749279121818236,-0.2225209339563146,21079.88,21357.14,15129.22,15342.597142857141,16493.047333333336,0,1,1,1,None,0.25,,,0.0,0.0,0.0,,warm,,
2026-04-05,HomeDecor,15616.29,16,1131.72,6,4,Sunday,2,14,5,2026,1,0,1,0,1,0,0.8660254037844387,-0.4999999999999998,-0.7818314824680299,0.6234898018587334,18276.58,23521.14,11455.6,14962.555714285714,16631.737,1,0,0,0,Optional holiday,0.5,,,0.0,0.0,0.0,,warm,,
2026-04-06,HomeDecor,14026.33,13,715.86,0,4,Monday,2,15,6,2026,0,0,0,0,1,0,0.8660254037844387,-0.4999999999999998,0.0,1.0,14197.01,14352.57,18775.79,14938.172857142858,16473.42166666667,0,0,1,8,None,0.15,,,0.0,0.0,0.0,,warm,,
2026-04-07,HomeDecor,13401.78,13,2085.64,1,4,Tuesday,2,15,7,2026,0,0,0,0,1,0,0.8660254037844387,-0.4999999999999998,0.7818314824680298,0.6234898018587336,14346.77,13231.44,19272.44,14803.174285714285,16277.733,0,0,0,7,None,0.0,,,0.0,0.0,0.0,,warm,,
2026-04-08,HomeDecor,14426.52,17,1205.87,2,4,Wednesday,2,15,8,2026,0,0,0,0,1,0,0.8660254037844387,-0.4999999999999998,0.9749279121818236,-0.22252093395631434,11557.32,14611.64,14621.47,15213.06,16271.234666666665,0,0,0,6,None,0.0,,,0.0,0.0,0.0,,warm,,
2026-04-09,HomeDecor,12436.27,13,2450.56,3,4,Thursday,2,15,9,2026,0,0,0,0,1,0,0.8660254037844387,-0.4999999999999998,0.43388373911755823,-0.900968867902419,15093.68,15189.57,14729.28,14833.430000000002,16194.801000000001,0,0,0,5,None,0.0,,,0.0,0.0,0.0,,warm,,
2026-04-10,HomeDecor,13453.14,13,1274.13,4,4,Friday,2,15,10,2026,0,0,0,0,1,0,0.8660254037844387,-0.4999999999999998,-0.433883739117558,-0.9009688679024191,13769.93,15269.37,16722.67,14788.174285714285,16085.816666666668,0,0,0,4,None,0.0,,,0.0,0.0,0.0,,warm,,
2026-04-11,HomeDecor,15934.52,13,1268.2,5,4,Saturday,2,15,11,2026,1,0,0,0,1,0,0.8660254037844387,-0.4999999999999998,-0.9749279121818236,-0.2225209339563146,20156.89,21079.88,17809.95,14184.978571428572,16023.302333333333,0,0,0,3,None,0.3,,,0.0,0.0,0.0,,warm,,
2026-04-12,HomeDecor,16020.67,18,706.72,6,4,Sunday,2,15,12,2026,1,0,0,0,1,0,0.8660254037844387,-0.4999999999999998,-0.7818314824680299,0.6234898018587334,15616.29,18276.58,16279.16,14242.747142857143,16014.685999999998,0,0,0,2,None,0.3,,,0.0,0.0,0.0,,warm,,
2026-04-13,HomeDecor,12855.11,13,1962.18,0,4,Monday,2,16,13,2026,0,0,0,0,1,0,0.8660254037844387,-0.4999999999999998,0.0,1.0,14026.33,14197.01,19572.08,14075.429999999998,15790.787000000002,0,1,0,1,None,0.25,,,0.0,0.0,0.0,,warm,,
2026-04-14,HomeDecor,14459.07,17,1309.82,1,4,Tuesday,2,16,14,2026,0,0,0,0,1,0,0.8660254037844387,-0.4999999999999998,0.7818314824680298,0.6234898018587336,13401.78,14346.77,18088.25,14226.471428571429,15669.814333333334,1,1,0,0,Optional holiday,0.5,,,0.0,0.0,0.0,,warm,,
2026-04-15,HomeDecor,13021.83,12,2104.5,2,4,Wednesday,2,16,15,2026,0,0,0,0,1,0,0.8660254037844387,-0.4999999999999998,0.9749279121818236,-0.22252093395631434,14426.52,11557.32,13406.41,14025.801428571429,15656.994999999999,1,0,1,0,Optional holiday,0.5,,,0.0,0.0,0.0,,warm,,
2026-04-16,HomeDecor,12777.17,13,1864.51,3,4,Thursday,2,16,16,2026,0,0,0,0,1,0,0.8660254037844387,-0.4999999999999998,0.43388373911755823,-0.900968867902419,12436.27,15093.68,18884.35,14074.501428571428,15453.422333333332,0,0,1,15,None,0.15,,,0.0,0.0,0.0,,warm,,
2026-04-17,HomeDecor,10451.0,9,1344.04,4,4,Friday,2,16,17,2026,0,0,0,0,1,0,0.8660254037844387,-0.4999999999999998,-0.433883739117558,-0.9009688679024191,13453.14,13769.93,15507.73,13645.624285714284,15284.864666666666,0,0,0,14,None,0.0,,,0.0,0.0,0.0,,warm,,
2026-04-18,HomeDecor,18753.08,17,797.81,5,4,Saturday,2,16,18,2026,1,0,0,0,1,0,0.8660254037844387,-0.4999999999999998,-0.9749279121818236,-0.2225209339563146,15934.52,20156.89,16709.82,14048.275714285715,15352.973333333333,0,0,0,13,None,0.0,,,0.0,0.0,0.0,,warm,,
2026-04-19,HomeDecor,16750.29,19,2161.16,6,4,Sunday,2,16,19,2026,1,0,0,0,1,0,0.8660254037844387,-0.4999999999999998,-0.7818314824680299,0.6234898018587334,16020.67,15616.29,16945.49,14152.507142857145,15346.466666666667,0,0,0,12,None,0.0,,,0.0,0.0,0.0,,warm,,
2026-04-20,HomeDecor,11491.35,12,2095.34,0,4,Monday,2,17,20,2026,0,0,0,0,1,0,0.8660254037844387,-0.4999999999999998,0.0,1.0,12855.11,14026.33,21357.14,13957.684285714287,15017.607,0,0,0,11,None,0.0,,,0.0,0.0,0.0,,warm,,
2026-04-21,HomeDecor,12965.03,13,1267.34,1,4,Tuesday,2,17,21,2026,0,0,0,0,1,0,0.8660254037844387,-0.4999999999999998,0.7818314824680298,0.6234898018587336,14459.07,13401.78,23521.14,13744.25,14665.736666666668,0,0,0,10,None,0.0,,,0.0,0.0,0.0,,warm,,
